"","BRT.Open","BRT.High","BRT.Low","BRT.Close","BRT.Volume","BRT.Adjusted"
"2010-01-04",5.12,5.12,4.87,4.95,8900,4.95
"2010-01-05",4.94,5.14,4.81,4.92,22100,4.92
"2010-01-06",4.89,4.99,4.86,4.89,9800,4.89
"2010-01-07",4.97,5.15,4.84,4.9,47200,4.9
"2010-01-08",4.81,5,4.81,4.91,18200,4.91
"2010-01-11",4.95,4.96,4.79,4.93,82300,4.93
"2010-01-12",4.92,5.1,4.86,4.87,40800,4.87
"2010-01-13",4.83,5.03,4.83,4.96,45800,4.96
"2010-01-14",4.9,4.96,4.82,4.84,38900,4.84
"2010-01-15",4.84,4.99,4.8,4.8,41800,4.8
"2010-01-19",4.8,4.95,4.7,4.91,27700,4.91
"2010-01-20",4.8,4.87,4.71,4.78,21000,4.78
"2010-01-21",4.75,4.8,4.58,4.61,24400,4.61
"2010-01-22",4.61,4.77,4.57,4.65,29800,4.65
"2010-01-25",4.7,4.71,4.57,4.59,59200,4.59
"2010-01-26",4.6,4.65,4.53,4.65,24800,4.65
"2010-01-27",4.65,4.65,4.5,4.63,16100,4.63
"2010-01-28",4.62,4.62,4.34,4.46,29700,4.46
"2010-01-29",4.47,4.59,4.42,4.44,15900,4.44
"2010-02-01",4.45,4.48,4.4,4.4,10400,4.4
"2010-02-02",4.46,4.65,4.42,4.62,31400,4.62
"2010-02-03",4.62,4.79,4.49,4.52,33700,4.52
"2010-02-04",4.5,4.64,4.45,4.61,31000,4.61
"2010-02-05",4.61,4.74,4.41,4.54,48600,4.54
"2010-02-08",4.54,4.74,4.47,4.68,14300,4.68
"2010-02-09",4.66,4.71,4.58,4.62,16300,4.62
"2010-02-10",4.6,4.8,4.5,4.75,26900,4.75
"2010-02-11",4.71,5.1,4.5,5.1,38900,5.1
"2010-02-12",5.05,5.29,4.78,5.27,21100,5.27
"2010-02-16",5.27,5.27,4.75,4.77,14800,4.77
"2010-02-17",4.8,4.92,4.8,4.85,4700,4.85
"2010-02-18",4.65,4.85,4.65,4.85,2800,4.85
"2010-02-19",4.8,4.99,4.8,4.92,8100,4.92
"2010-02-22",4.9,5.05,4.88,4.97,31300,4.97
"2010-02-23",4.95,5.01,4.86,4.92,24500,4.92
"2010-02-24",4.95,4.98,4.9,4.98,4400,4.98
"2010-02-25",4.96,5.06,4.95,4.99,26100,4.99
"2010-02-26",5.04,5.05,4.98,5.03,16100,5.03
"2010-03-01",5.09,5.21,5.02,5.21,24800,5.21
"2010-03-02",5.28,5.28,5.01,5.16,21700,5.16
"2010-03-03",5.15,5.24,5.06,5.21,22100,5.21
"2010-03-04",5.18,5.42,5.07,5.35,42000,5.35
"2010-03-05",5.34,5.77,5.18,5.67,40600,5.67
"2010-03-08",5.6,5.6,5.28,5.56,42100,5.56
"2010-03-09",5.48,5.9,5.42,5.66,58400,5.66
"2010-03-10",5.57,6.09,5.57,5.89,52200,5.89
"2010-03-11",5.89,5.96,5.46,5.48,46700,5.48
"2010-03-12",5.55,5.85,5.54,5.6,50500,5.6
"2010-03-15",5.53,6.43,5.5,6.08,80300,6.08
"2010-03-16",6.19,6.58,6.08,6.24,74300,6.24
"2010-03-17",6.32,6.5,6.15,6.38,41400,6.38
"2010-03-18",6.39,6.5,6.21,6.37,55400,6.37
"2010-03-19",5.6,6.42,5.6,5.6,83700,5.6
"2010-03-22",5.62,6.57,5.61,6.5,66200,6.5
"2010-03-23",6.41,6.74,6.41,6.69,123300,6.69
"2010-03-24",6.54,6.74,6.5,6.54,31600,6.54
"2010-03-25",6.6,6.8,6.54,6.54,47300,6.54
"2010-03-26",6.6,6.7,6.58,6.65,21300,6.65
"2010-03-29",6.63,6.69,6.56,6.63,28800,6.63
"2010-03-30",6.52,6.65,6.46,6.55,29700,6.55
"2010-03-31",6.51,6.61,6.51,6.61,15400,6.61
"2010-04-01",6.65,6.7,6.5,6.65,53000,6.65
"2010-04-05",6.58,6.66,6.5,6.61,21700,6.61
"2010-04-06",6.55,6.72,6.52,6.61,42400,6.61
"2010-04-07",6.55,6.74,6.5,6.5,27700,6.5
"2010-04-08",6.51,6.67,6.51,6.61,22400,6.61
"2010-04-09",6.63,6.66,6.5,6.61,33600,6.61
"2010-04-12",6.6,6.84,6.53,6.65,42400,6.65
"2010-04-13",6.6,6.7,6.56,6.7,6300,6.7
"2010-04-14",6.65,6.75,6.61,6.68,29700,6.68
"2010-04-15",6.6,6.75,6.55,6.68,38800,6.68
"2010-04-16",6.74,6.74,6.55,6.57,33200,6.57
"2010-04-19",6.58,6.84,6.55,6.84,64500,6.84
"2010-04-20",6.82,7.25,6.82,7.24,53100,7.24
"2010-04-21",7.22,7.24,6.94,7.23,36100,7.23
"2010-04-22",7.21,7.23,7,7.21,50900,7.21
"2010-04-23",7.2,7.23,7.06,7.12,23500,7.12
"2010-04-26",7.17,7.21,7.09,7.13,13300,7.13
"2010-04-27",7.15,7.15,7.08,7.08,1600,7.08
"2010-04-28",7.08,7.1,6.97,7.1,10400,7.1
"2010-04-29",7,7,6.78,6.78,9000,6.78
"2010-04-30",6.7,6.94,6.55,6.55,42900,6.55
"2010-05-03",6.36,6.74,6.36,6.68,32000,6.68
"2010-05-04",6.62,6.64,6.55,6.64,10000,6.64
"2010-05-05",6.6,6.63,6.34,6.6,27700,6.6
"2010-05-06",6.59,6.59,6.42,6.48,30400,6.48
"2010-05-07",6.42,6.66,6.4,6.6,26800,6.6
"2010-05-10",6.68,6.68,6.32,6.5,29200,6.5
"2010-05-11",6.43,6.72,6.39,6.7,35400,6.7
"2010-05-12",6.75,6.99,6.55,6.74,26900,6.74
"2010-05-13",6.64,6.75,6.38,6.43,20300,6.43
"2010-05-14",6.42,6.7,6.4,6.62,31400,6.62
"2010-05-17",6.54,6.74,6.3,6.39,19900,6.39
"2010-05-18",6.36,6.44,6.27,6.36,14000,6.36
"2010-05-19",6.14,6.18,5.85,6.02,49200,6.02
"2010-05-20",5.95,5.97,5.51,5.76,25700,5.76
"2010-05-21",5.75,6.2,5.7,6.2,35500,6.2
"2010-05-24",6.34,6.73,6.34,6.45,24800,6.45
"2010-05-25",6.6,6.6,5.91,6.21,54000,6.21
"2010-05-26",6.2,6.52,5.88,5.88,54800,5.88
"2010-05-27",6,6.29,5.89,6.03,33800,6.03
"2010-05-28",5.86,6.09,5.86,6.07,16500,6.07
"2010-06-01",6.07,6.14,5.64,5.79,28300,5.79
"2010-06-02",5.76,5.95,5.69,5.76,12700,5.76
"2010-06-03",5.81,5.99,5.74,5.84,27300,5.84
"2010-06-04",5.83,5.89,5.69,5.8,27600,5.8
"2010-06-07",5.76,5.76,5.55,5.57,5000,5.57
"2010-06-08",5.55,5.76,5.18,5.29,47600,5.29
"2010-06-09",5.22,5.5,5.22,5.35,30600,5.35
"2010-06-10",5.32,5.5,5.21,5.34,27600,5.34
"2010-06-11",5.32,5.42,5.21,5.26,24500,5.26
"2010-06-14",5.26,5.44,5.25,5.31,18300,5.31
"2010-06-15",5.29,5.5,5.27,5.31,25300,5.31
"2010-06-16",5.32,5.55,5.28,5.52,24100,5.52
"2010-06-17",5.55,5.78,5.55,5.74,18700,5.74
"2010-06-18",5.72,6,5.56,5.89,18700,5.89
"2010-06-21",5.74,5.91,5.7,5.84,13900,5.84
"2010-06-22",5.86,5.92,5.78,5.79,7000,5.79
"2010-06-23",5.73,5.8,5.68,5.72,11800,5.72
"2010-06-24",5.75,5.98,5.73,5.79,24800,5.79
"2010-06-25",5.8,6.27,5.75,6.1,33500,6.1
"2010-06-28",6.17,6.17,5.91,5.96,4600,5.96
"2010-06-29",5.92,5.92,5.66,5.73,11800,5.73
"2010-06-30",5.72,5.93,5.7,5.9,23300,5.9
"2010-07-01",5.79,6.23,5.76,6.02,30600,6.02
"2010-07-02",5.9,5.99,5.7,5.75,2700,5.75
"2010-07-06",5.6,5.64,5.26,5.35,15300,5.35
"2010-07-07",5.24,5.65,5.24,5.65,11000,5.65
"2010-07-08",5.57,5.6,5.52,5.57,3400,5.57
"2010-07-09",5.52,5.55,5.32,5.51,8400,5.51
"2010-07-12",5.45,5.57,5.25,5.42,22300,5.42
"2010-07-13",5.44,5.44,5.25,5.26,7600,5.26
"2010-07-14",5.21,5.28,5.21,5.28,8300,5.28
"2010-07-15",5.25,5.41,5.11,5.25,29700,5.25
"2010-07-16",5.24,5.36,4.96,4.96,24600,4.96
"2010-07-19",5.02,5.27,5,5.03,37100,5.03
"2010-07-20",5.05,5.33,5,5.32,26200,5.32
"2010-07-21",5.3,5.5,5.17,5.37,27800,5.37
"2010-07-22",5.43,5.45,5.15,5.35,16900,5.35
"2010-07-23",5.24,5.48,5.08,5.45,4600,5.45
"2010-07-26",5.35,5.57,5.27,5.36,21800,5.36
"2010-07-27",5.34,5.5,5.26,5.36,7900,5.36
"2010-07-28",5.39,5.44,5.32,5.44,6500,5.44
"2010-07-29",5.46,5.5,5.29,5.44,12500,5.44
"2010-07-30",5.4,5.44,5.21,5.38,6100,5.38
"2010-08-02",5.36,5.4,5.36,5.37,1600,5.37
"2010-08-03",5.4,5.47,5.35,5.36,10600,5.36
"2010-08-04",5.36,5.42,5.36,5.38,9100,5.38
"2010-08-05",5.31,5.36,5.18,5.25,27000,5.25
"2010-08-06",4.96,5.25,4.92,5.2,38800,5.2
"2010-08-09",5.19,5.19,5.18,5.18,500,5.18
"2010-08-10",5.18,5.28,5.04,5.11,11800,5.11
"2010-08-11",5.04,5.14,4.9,4.99,23900,4.99
"2010-08-12",4.95,5.08,4.9,5.01,12900,5.01
"2010-08-13",5,5,4.9,4.98,5400,4.98
"2010-08-16",4.94,5.13,4.9,4.97,3700,4.97
"2010-08-17",4.95,5.23,4.95,5.15,14500,5.15
"2010-08-18",5.15,5.95,5,5.47,40900,5.47
"2010-08-19",5.47,5.49,5.21,5.22,14300,5.22
"2010-08-20",5.16,5.23,5,5.03,18200,5.03
"2010-08-23",5.01,5.12,4.95,5.01,11700,5.01
"2010-08-24",4.95,4.95,4.89,4.89,18200,4.89
"2010-08-25",4.89,5.16,4.89,5.06,15400,5.06
"2010-08-26",5.1,5.24,5.09,5.24,3400,5.24
"2010-08-27",5.22,5.41,5.21,5.41,19800,5.41
"2010-08-30",5.41,5.41,5.25,5.31,4000,5.31
"2010-08-31",5.19,5.3,5.19,5.26,7200,5.26
"2010-09-01",5.35,5.36,5.27,5.27,22900,5.27
"2010-09-02",5.2,5.24,5.07,5.2,9600,5.2
"2010-09-03",5.11,5.18,5.1,5.18,4900,5.18
"2010-09-07",5.18,5.24,5.12,5.24,2300,5.24
"2010-09-08",5.13,5.42,5.12,5.17,18000,5.17
"2010-09-09",5.11,5.11,4.97,5.1,8900,5.1
"2010-09-10",5.16,5.24,5.01,5.05,9000,5.05
"2010-09-13",5.1,5.13,5.05,5.06,19800,5.06
"2010-09-14",5.11,5.2,4.91,5.03,13300,5.03
"2010-09-15",5.02,5.2,4.89,5.05,9600,5.05
"2010-09-16",5.1,5.2,5.08,5.17,19800,5.17
"2010-09-17",5.16,5.25,5.16,5.2,48900,5.2
"2010-09-20",5.18,5.2,5.13,5.16,31300,5.16
"2010-09-21",5.15,5.19,5.13,5.15,8900,5.15
"2010-09-22",6.2,6.5,6.2,6.3,173500,6.3
"2010-09-23",6.29,6.34,6.29,6.29,48000,6.29
"2010-09-24",6.3,6.31,6.28,6.28,21800,6.28
"2010-09-27",6.28,6.33,6.28,6.28,12500,6.28
"2010-09-28",6.3,6.43,6.3,6.32,26800,6.32
"2010-09-29",6.32,6.32,6.3,6.32,18500,6.32
"2010-09-30",6.29,6.39,6.22,6.39,25300,6.39
"2010-10-01",6.38,6.4,6.3,6.38,27400,6.38
"2010-10-04",6.34,6.38,6.3,6.3,14000,6.3
"2010-10-05",6.28,6.34,6.28,6.3,14300,6.3
"2010-10-06",6.3,6.44,6.3,6.38,43000,6.38
"2010-10-07",6.4,6.45,6.32,6.4,26300,6.4
"2010-10-08",6.4,6.45,6.4,6.45,4500,6.45
"2010-10-11",6.4,6.45,6.4,6.45,13900,6.45
"2010-10-12",6.45,6.45,6.4,6.41,10500,6.41
"2010-10-13",6.36,6.46,6.36,6.41,13600,6.41
"2010-10-14",6.41,6.47,6.4,6.4,72500,6.4
"2010-10-15",6.4,6.45,6.4,6.4,91600,6.4
"2010-10-18",6.37,6.48,6.37,6.43,6700,6.43
"2010-10-19",6.38,6.48,6.38,6.44,36300,6.44
"2010-10-20",6.41,6.49,6.4,6.49,10700,6.49
"2010-10-21",6.5,6.58,6.41,6.41,41400,6.41
"2010-10-22",6.45,6.54,6.45,6.51,65500,6.51
"2010-10-25",6.56,6.6,6.46,6.48,18200,6.48
"2010-10-26",6.49,6.59,6.48,6.58,8500,6.58
"2010-10-27",6.51,6.55,6.43,6.47,22200,6.47
"2010-10-28",6.48,6.58,6.48,6.58,17300,6.58
"2010-10-29",6.55,6.67,6.55,6.67,18700,6.67
"2010-11-01",6.65,6.86,6.65,6.84,34800,6.84
"2010-11-02",6.87,6.88,6.57,6.83,28300,6.83
"2010-11-03",6.8,6.94,6.6,6.87,48100,6.87
"2010-11-04",6.93,6.93,6.78,6.83,7300,6.83
"2010-11-05",6.84,7.2,6.6,6.61,38400,6.61
"2010-11-08",6.6,6.67,6.6,6.61,23000,6.61
"2010-11-09",6.58,6.78,6.58,6.68,16700,6.68
"2010-11-10",6.7,6.77,6.7,6.7,20000,6.7
"2010-11-11",6.7,6.82,6.69,6.71,7200,6.71
"2010-11-12",6.68,6.75,6.68,6.69,6400,6.69
"2010-11-15",6.7,6.76,6.69,6.76,14300,6.76
"2010-11-16",6.76,6.77,6.7,6.7,12900,6.7
"2010-11-17",6.65,6.82,6.65,6.7,3900,6.7
"2010-11-18",6.7,6.73,6.7,6.7,10600,6.7
"2010-11-19",6.7,6.73,6.7,6.7,3100,6.7
"2010-11-22",6.71,6.73,6.6,6.6,3000,6.6
"2010-11-23",6.6,6.74,6.6,6.65,12300,6.65
"2010-11-24",6.59,6.62,6.59,6.61,33200,6.61
"2010-11-26",6.6,6.64,6.6,6.6,800,6.6
"2010-11-29",6.4,6.7,6.4,6.7,7400,6.7
"2010-11-30",6.65,6.68,6.58,6.63,2900,6.63
"2010-12-01",6.58,6.75,6.58,6.75,10100,6.75
"2010-12-02",6.7,6.77,6.6,6.61,12600,6.61
"2010-12-03",6.64,6.67,6.55,6.62,17400,6.62
"2010-12-06",6.6,6.64,6.55,6.61,5600,6.61
"2010-12-07",6.6,6.63,6.6,6.62,19900,6.62
"2010-12-08",6.6,6.61,6.6,6.6,7200,6.6
"2010-12-09",6.6,7,6.6,7,38600,7
"2010-12-10",6.96,7,6.73,6.82,5200,6.82
"2010-12-13",6.65,6.78,6.65,6.73,4400,6.73
"2010-12-14",6.73,7,6.73,7,29500,7
"2010-12-15",7,7.1,6.97,7.1,13700,7.1
"2010-12-16",7.11,7.29,7.09,7.29,21300,7.29
"2010-12-17",7.26,7.4,7.11,7.38,26100,7.38
"2010-12-20",7.37,7.37,6.9,7.05,9300,7.05
"2010-12-21",7.1,7.2,7.1,7.11,8900,7.11
"2010-12-22",7.02,7.33,7.01,7.16,21200,7.16
"2010-12-23",7.17,7.18,7.15,7.18,6700,7.18
"2010-12-27",7.12,7.15,7.12,7.15,4700,7.15
"2010-12-28",7.11,7.16,7.08,7.15,9400,7.15
"2010-12-29",7.14,7.17,7.13,7.17,4100,7.17
"2010-12-30",7.15,7.2,7.12,7.15,3000,7.15
"2010-12-31",7.15,7.23,7.13,7.16,4100,7.16
"2011-01-03",7.15,7.22,7.15,7.18,6500,7.18
"2011-01-04",7.18,7.28,7.15,7.23,9500,7.23
"2011-01-05",7.21,7.25,7.03,7.25,7500,7.25
"2011-01-06",7.16,7.31,7.16,7.28,45600,7.28
"2011-01-07",7.27,7.29,7.19,7.28,20900,7.28
"2011-01-10",7.21,7.26,7.03,7.25,31700,7.25
"2011-01-11",7.27,7.29,7.24,7.25,2500,7.25
"2011-01-12",7.21,7.21,7.15,7.21,2000,7.21
"2011-01-13",7.05,7.13,7.05,7.13,9000,7.13
"2011-01-14",7.08,7.21,7.08,7.21,8700,7.21
"2011-01-18",7.05,7.22,7.05,7.16,9600,7.16
"2011-01-19",7.15,7.15,7,7,8200,7
"2011-01-20",7,7.13,7,7.09,7800,7.09
"2011-01-21",7.03,7.05,7.01,7.02,800,7.02
"2011-01-24",7,7.03,7,7.02,2400,7.02
"2011-01-25",7.01,7.02,6.96,7.01,13200,7.01
"2011-01-26",7.02,7.02,7,7,4400,7
"2011-01-27",7,7,6.9,7,3300,7
"2011-01-28",6.97,7.04,6.9,7.04,9100,7.04
"2011-01-31",6.96,6.96,6.92,6.96,4900,6.96
"2011-02-01",6.98,6.98,6.93,6.93,400,6.93
"2011-02-02",7,7.03,7,7,5700,7
"2011-02-03",7,7.05,7,7.05,2900,7.05
"2011-02-04",7.05,7.16,7.05,7.05,1900,7.05
"2011-02-07",7.05,7.06,7.05,7.06,3100,7.06
"2011-02-08",7.03,7.06,7,7,1300,7
"2011-02-09",7.04,7.05,6.91,6.95,19900,6.95
"2011-02-10",6.95,6.95,6.95,6.95,0,6.95
"2011-02-11",6.95,6.95,6.9,6.95,1800,6.95
"2011-02-14",6.95,6.96,6.9,6.96,6300,6.96
"2011-02-15",6.91,6.91,6.75,6.81,7500,6.81
"2011-02-16",6.8,6.82,6.8,6.82,2300,6.82
"2011-02-17",6.76,6.77,6.42,6.64,17100,6.64
"2011-02-18",6.59,7.46,6.5,7.12,74500,7.12
"2011-02-22",7.02,7.02,6.5,6.71,47200,6.71
"2011-02-23",6.65,6.66,6.35,6.4,75500,6.4
"2011-02-24",6.43,6.49,6.43,6.43,3000,6.43
"2011-02-25",6.4,6.48,6.35,6.4,11300,6.4
"2011-02-28",6.39,6.46,6.3,6.46,28600,6.46
"2011-03-01",6.49,6.51,6.44,6.5,11500,6.5
"2011-03-02",6.5,6.5,6.4,6.5,18000,6.5
"2011-03-03",6.54,6.54,6.4,6.5,5800,6.5
"2011-03-04",6.5,6.52,6.4,6.4,5800,6.4
"2011-03-07",6.31,6.47,6.31,6.47,4300,6.47
"2011-03-08",6.47,6.59,6.47,6.53,4000,6.53
"2011-03-09",6.53,6.53,6.5,6.5,600,6.5
"2011-03-10",6.54,6.54,6.4,6.45,20300,6.45
"2011-03-11",6.45,6.45,6.41,6.41,500,6.41
"2011-03-14",6.4,6.41,6.3,6.41,5700,6.41
"2011-03-15",6.38,6.55,6.38,6.45,2600,6.45
"2011-03-16",6.4,6.4,6.4,6.4,300,6.4
"2011-03-17",6.39,6.45,6.32,6.36,5700,6.36
"2011-03-18",6.35,6.45,6.3,6.45,3500,6.45
"2011-03-21",6.48,6.48,6.3,6.32,1900,6.32
"2011-03-22",6.37,6.41,6.33,6.39,1100,6.39
"2011-03-23",6.4,6.44,6.39,6.4,7000,6.4
"2011-03-24",6.35,6.4,6.3,6.4,21200,6.4
"2011-03-25",6.4,6.41,6.29,6.33,22600,6.33
"2011-03-28",6.37,6.39,6.29,6.39,14800,6.39
"2011-03-29",6.36,6.38,6.35,6.38,5600,6.38
"2011-03-30",6.33,6.39,6.25,6.38,8500,6.38
"2011-03-31",6.32,6.47,6.26,6.47,8400,6.47
"2011-04-01",6.41,6.41,6.36,6.4,10700,6.4
"2011-04-04",6.4,6.4,6.39,6.4,1100,6.4
"2011-04-05",6.4,6.4,6.39,6.4,3100,6.4
"2011-04-06",6.4,6.42,6.4,6.4,7500,6.4
"2011-04-07",6.4,6.5,6.36,6.5,6100,6.5
"2011-04-08",6.44,6.44,6.4,6.41,2400,6.41
"2011-04-11",6.37,6.47,6.35,6.44,5800,6.44
"2011-04-12",6.41,6.47,6.25,6.43,4400,6.43
"2011-04-13",6.46,6.47,6.38,6.4,37800,6.4
"2011-04-14",6.35,6.45,6.35,6.42,1800,6.42
"2011-04-15",6.41,6.41,6.41,6.41,100,6.41
"2011-04-18",6.38,6.38,6.38,6.38,5500,6.38
"2011-04-19",6.4,6.44,6.4,6.44,2300,6.44
"2011-04-20",6.43,6.43,6.4,6.4,2300,6.4
"2011-04-21",6.41,6.43,6.4,6.41,800,6.41
"2011-04-25",6.4,6.4,6.4,6.4,2100,6.4
"2011-04-26",6.4,6.4,6.4,6.4,1300,6.4
"2011-04-27",6.4,6.41,6.4,6.4,3100,6.4
"2011-04-28",6.45,6.45,6.4,6.4,1200,6.4
"2011-04-29",6.39,6.41,6.25,6.4,14000,6.4
"2011-05-02",6.4,6.41,6.4,6.4,3200,6.4
"2011-05-03",6.37,6.41,6.37,6.4,14000,6.4
"2011-05-04",6.4,6.42,6.4,6.41,9900,6.41
"2011-05-05",6.38,6.43,6.38,6.41,2100,6.41
"2011-05-06",6.41,6.42,6.38,6.42,5400,6.42
"2011-05-09",6.41,6.45,6.4,6.41,2900,6.41
"2011-05-10",6.44,6.67,6.44,6.67,12400,6.67
"2011-05-11",6.62,6.62,6.44,6.51,7500,6.51
"2011-05-12",6.53,6.55,6.53,6.55,2200,6.55
"2011-05-13",6.55,6.55,6.44,6.52,8200,6.52
"2011-05-16",6.51,6.62,6.5,6.62,3600,6.62
"2011-05-17",6.6,6.6,6.49,6.51,16300,6.51
"2011-05-18",6.43,6.53,6.24,6.47,12400,6.47
"2011-05-19",6.52,6.52,6.45,6.48,108800,6.48
"2011-05-20",6.52,6.52,6.49,6.5,4800,6.5
"2011-05-23",6.45,6.53,6.45,6.5,8000,6.5
"2011-05-24",6.5,6.52,6.5,6.5,1600,6.5
"2011-05-25",6.5,6.52,6.5,6.51,4400,6.51
"2011-05-26",6.5,6.57,6.5,6.55,1200,6.55
"2011-05-27",6.5,6.53,6.5,6.51,1500,6.51
"2011-05-31",6.3,6.45,6.25,6.45,31700,6.45
"2011-06-01",6.45,6.49,6.44,6.45,58100,6.45
"2011-06-02",6.42,6.45,6.35,6.35,9100,6.35
"2011-06-03",6.35,6.39,6.35,6.39,7700,6.39
"2011-06-06",6.4,6.47,6.39,6.47,8400,6.47
"2011-06-07",6.49,6.49,6.45,6.45,6900,6.45
"2011-06-08",6.48,6.59,6.47,6.49,4600,6.49
"2011-06-09",6.35,6.48,6.35,6.47,11900,6.47
"2011-06-10",6.47,6.48,6.23,6.27,25100,6.27
"2011-06-13",6.32,6.37,6.25,6.33,9600,6.33
"2011-06-14",6.33,6.48,6.3,6.36,15600,6.36
"2011-06-15",6.39,6.44,6.39,6.44,5200,6.44
"2011-06-16",6.41,6.48,6.3,6.45,7600,6.45
"2011-06-17",6.41,6.5,6.4,6.5,6700,6.5
"2011-06-20",6.5,6.5,6.31,6.45,4700,6.45
"2011-06-21",6.41,6.41,6.38,6.38,1300,6.38
"2011-06-22",6.4,6.4,6.3,6.37,8000,6.37
"2011-06-23",6.38,6.38,6.33,6.34,3000,6.34
"2011-06-24",6.36,6.5,6.36,6.5,4200,6.5
"2011-06-27",6.47,6.47,6.42,6.42,1400,6.42
"2011-06-28",6.45,6.45,6.38,6.39,3700,6.39
"2011-06-29",6.38,6.44,6.38,6.4,6900,6.4
"2011-06-30",6.39,6.39,6.25,6.31,2600,6.31
"2011-07-01",6.36,6.43,6.36,6.41,15000,6.41
"2011-07-05",6.41,6.43,6.41,6.43,1600,6.43
"2011-07-06",6.41,6.43,6.36,6.4,9400,6.4
"2011-07-07",6.38,6.41,6.37,6.4,20900,6.4
"2011-07-08",6.38,6.4,6.35,6.4,1700,6.4
"2011-07-11",6.4,6.46,6.25,6.39,7100,6.39
"2011-07-12",6.41,6.45,6.4,6.41,7400,6.41
"2011-07-13",6.38,6.38,6.25,6.34,2900,6.34
"2011-07-14",6.35,6.4,6.35,6.4,700,6.4
"2011-07-15",6.43,6.43,6.35,6.43,33200,6.43
"2011-07-18",6.45,6.46,6.3,6.38,16100,6.38
"2011-07-19",6.35,6.4,6.3,6.4,6600,6.4
"2011-07-20",6.35,6.4,6.35,6.4,1700,6.4
"2011-07-21",6.38,6.45,6.35,6.45,7800,6.45
"2011-07-22",6.42,6.42,6.26,6.3,7200,6.3
"2011-07-25",6.3,6.38,6.27,6.3,2600,6.3
"2011-07-26",6.3,6.4,6.25,6.32,4000,6.32
"2011-07-27",6.35,6.43,6.35,6.38,6700,6.38
"2011-07-28",6.36,6.41,6.34,6.41,4000,6.41
"2011-07-29",6.36,6.36,6.2,6.34,13100,6.34
"2011-08-01",6.32,6.33,6.19,6.25,4400,6.25
"2011-08-02",6.2,6.28,6.2,6.28,2200,6.28
"2011-08-03",6.3,6.32,6.1,6.32,7500,6.32
"2011-08-04",6.3,6.3,6.15,6.24,8300,6.24
"2011-08-05",6.25,6.25,6.12,6.12,19900,6.12
"2011-08-08",6.1,6.23,5.9,6.13,19800,6.13
"2011-08-09",6.13,6.37,6.1,6.35,6400,6.35
"2011-08-10",6.4,6.4,6.27,6.34,5000,6.34
"2011-08-11",6.32,6.37,6.28,6.36,9000,6.36
"2011-08-12",6.39,6.45,6.39,6.45,6600,6.45
"2011-08-15",6.48,6.48,6.28,6.29,25700,6.29
"2011-08-16",6.3,6.38,6.28,6.28,12200,6.28
"2011-08-17",6.25,6.34,6.25,6.31,24300,6.31
"2011-08-18",6.31,6.31,6.28,6.3,800,6.3
"2011-08-19",6.25,6.3,6.25,6.28,4700,6.28
"2011-08-22",6.28,6.36,6.1,6.28,34000,6.28
"2011-08-23",6.28,6.33,6.25,6.33,10700,6.33
"2011-08-24",6.3,6.3,6.2,6.3,3200,6.3
"2011-08-25",6.24,6.26,6.23,6.26,1400,6.26
"2011-08-26",6.26,6.3,6.26,6.3,2500,6.3
"2011-08-29",6.24,6.24,6.15,6.17,2300,6.17
"2011-08-30",6.26,6.29,6.2,6.25,12600,6.25
"2011-08-31",6.2,6.3,6.2,6.3,2900,6.3
"2011-09-01",6.27,6.32,6.19,6.25,10900,6.25
"2011-09-02",6.22,6.22,6.1,6.15,11000,6.15
"2011-09-06",6.17,6.3,6.17,6.3,12500,6.3
"2011-09-07",6.27,6.32,6.26,6.32,4700,6.32
"2011-09-08",6.29,6.32,6.26,6.32,2700,6.32
"2011-09-09",6.32,6.33,6.3,6.32,800,6.32
"2011-09-12",6.24,6.3,6.24,6.29,2400,6.29
"2011-09-13",6.27,6.27,6.24,6.25,8900,6.25
"2011-09-14",6.24,6.24,6.23,6.23,2300,6.23
"2011-09-15",6.22,6.25,6.22,6.25,600,6.25
"2011-09-16",6.25,6.33,6.25,6.33,4900,6.33
"2011-09-19",6.3,6.3,6.27,6.27,200,6.27
"2011-09-20",6.25,6.29,6.24,6.27,1300,6.27
"2011-09-21",6.23,6.25,6.23,6.25,6200,6.25
"2011-09-22",6.28,6.3,6.28,6.3,1000,6.3
"2011-09-23",6.27,6.29,6.24,6.28,11600,6.28
"2011-09-26",6.25,6.25,6.24,6.25,13600,6.25
"2011-09-27",6.25,6.25,6.24,6.24,13700,6.24
"2011-09-28",6.22,6.27,6.22,6.24,1700,6.24
"2011-09-29",6.27,6.27,6.23,6.24,4600,6.24
"2011-09-30",6.2,6.26,6.2,6.22,13300,6.22
"2011-10-03",6.16,6.25,6.05,6.25,30300,6.25
"2011-10-04",6.23,6.3,6.22,6.25,2200,6.25
"2011-10-05",6.24,6.24,6.09,6.21,6500,6.21
"2011-10-06",6.18,6.26,6.18,6.22,4800,6.22
"2011-10-07",6.22,6.23,6,6,23100,6
"2011-10-10",6.06,6.06,6,6.03,5400,6.03
"2011-10-11",6,6.03,6,6.03,1500,6.03
"2011-10-12",5.9,6.05,5.9,6.01,10700,6.01
"2011-10-13",6,6,6,6,3000,6
"2011-10-14",5.99,5.99,5.99,5.99,2100,5.99
"2011-10-17",5.96,5.96,5.95,5.95,2000,5.95
"2011-10-18",5.95,6,5.95,6,3600,6
"2011-10-19",5.98,5.98,5.97,5.97,1100,5.97
"2011-10-20",5.96,5.96,5.9,5.9,6500,5.9
"2011-10-21",5.85,5.96,5.85,5.96,5500,5.96
"2011-10-24",5.95,6.16,5.95,6.16,19500,6.16
"2011-10-25",6.19,6.32,6.19,6.22,11200,6.22
"2011-10-26",6.22,6.25,6.22,6.24,1700,6.24
"2011-10-27",6.16,6.17,6.11,6.17,7700,6.17
"2011-10-28",6.07,6.18,6.07,6.16,5400,6.16
"2011-10-31",6.16,6.16,6.05,6.14,3700,6.14
"2011-11-01",6.02,6.27,6.02,6.25,3300,6.25
"2011-11-02",6.2,6.25,6.2,6.25,6000,6.25
"2011-11-03",6.25,6.31,6.25,6.29,1200,6.29
"2011-11-04",6.28,6.28,6.18,6.25,4200,6.25
"2011-11-07",6.25,6.3,6.25,6.3,500,6.3
"2011-11-08",6.26,6.26,6.18,6.2,12900,6.2
"2011-11-09",6.03,6.18,6.03,6.18,6300,6.18
"2011-11-10",6.18,6.21,6.15,6.18,22300,6.18
"2011-11-11",6.18,6.19,6.18,6.19,7000,6.19
"2011-11-14",6.2,6.23,6.16,6.22,7800,6.22
"2011-11-15",6.22,6.25,6.17,6.24,3300,6.24
"2011-11-16",6.2,6.25,6.2,6.25,1800,6.25
"2011-11-17",6.25,6.25,6.25,6.25,0,6.25
"2011-11-18",6.22,6.22,6.2,6.22,2600,6.22
"2011-11-21",6.07,6.26,6.07,6.25,4800,6.25
"2011-11-22",6.25,6.25,6.22,6.22,600,6.22
"2011-11-23",6.25,6.27,6.25,6.25,1200,6.25
"2011-11-25",6.25,6.25,6.25,6.25,0,6.25
"2011-11-28",6.25,6.29,6.2,6.2,2100,6.2
"2011-11-29",6.18,6.19,6.18,6.18,8200,6.18
"2011-11-30",6.2,6.28,6.2,6.28,7200,6.28
"2011-12-01",6.25,6.25,5.98,6.19,22400,6.19
"2011-12-02",6.14,6.25,6.13,6.25,14200,6.25
"2011-12-05",6.1,6.28,6.1,6.25,16400,6.25
"2011-12-06",6.23,6.25,6.15,6.21,11200,6.21
"2011-12-07",6.2,6.25,6.17,6.25,6600,6.25
"2011-12-08",6.25,6.25,6.18,6.18,6000,6.18
"2011-12-09",6.21,6.26,6.21,6.24,7900,6.24
"2011-12-12",6.2,6.25,6.19,6.2,9100,6.2
"2011-12-13",6.25,6.28,6.19,6.25,22100,6.25
"2011-12-14",6.24,6.27,6.24,6.25,3000,6.25
"2011-12-15",6.25,6.36,6.25,6.36,17700,6.36
"2011-12-16",6.46,6.46,6.4,6.4,3800,6.4
"2011-12-19",6.38,6.38,6.22,6.3,9400,6.3
"2011-12-20",6.2,6.3,6.2,6.25,9500,6.25
"2011-12-21",6.23,6.25,6.21,6.25,3500,6.25
"2011-12-22",6.28,6.35,6.16,6.35,17700,6.35
"2011-12-23",6.32,6.36,6.25,6.36,2500,6.36
"2011-12-27",6.38,6.4,6.32,6.32,11400,6.32
"2011-12-28",6.3,6.31,6.3,6.31,2500,6.31
"2011-12-29",6.3,6.3,6.27,6.28,1800,6.28
"2011-12-30",6.33,6.36,6.33,6.34,1700,6.34
"2012-01-03",6.32,6.38,6.32,6.38,1900,6.38
"2012-01-04",6.36,6.38,6.16,6.16,25800,6.16
"2012-01-05",6.16,6.19,6.11,6.11,29500,6.11
"2012-01-06",6.11,6.12,6.1,6.1,12500,6.1
"2012-01-09",6.13,6.16,6.12,6.12,1000,6.12
"2012-01-10",6.14,6.2,6.14,6.19,2800,6.19
"2012-01-11",6.19,6.37,6.19,6.35,1700,6.35
"2012-01-12",6.32,6.32,6.25,6.31,5000,6.31
"2012-01-13",6.31,6.31,6.31,6.31,0,6.31
"2012-01-17",6.26,6.4,6.26,6.4,700,6.4
"2012-01-18",6.4,6.51,6.4,6.46,14900,6.46
"2012-01-19",6.4,6.51,6.4,6.5,2800,6.5
"2012-01-20",6.53,6.53,6.5,6.5,1900,6.5
"2012-01-23",6.56,6.56,6.48,6.5,6700,6.5
"2012-01-24",6.47,6.48,6.4,6.45,7200,6.45
"2012-01-25",6.42,6.62,6.42,6.62,5200,6.62
"2012-01-26",6.52,6.63,6.52,6.63,5200,6.63
"2012-01-27",6.65,6.65,6.6,6.6,1000,6.6
"2012-01-30",6.6,6.6,6.45,6.56,5800,6.56
"2012-01-31",6.55,6.62,6.55,6.62,3100,6.62
"2012-02-01",6.55,6.59,6.54,6.56,3600,6.56
"2012-02-02",6.53,6.53,6.5,6.5,5700,6.5
"2012-02-03",6.49,6.55,6.49,6.52,3900,6.52
"2012-02-06",6.5,6.55,6.5,6.55,10400,6.55
"2012-02-07",6.55,6.58,6.52,6.58,900,6.58
"2012-02-08",6.61,6.65,6.55,6.65,11600,6.65
"2012-02-09",6.7,6.9,6.7,6.89,20100,6.89
"2012-02-10",6.74,6.91,6.62,6.62,7100,6.62
"2012-02-13",6.62,6.78,6.62,6.63,3900,6.63
"2012-02-14",6.5,6.5,6.43,6.5,8100,6.5
"2012-02-15",6.5,6.5,6.45,6.5,6500,6.5
"2012-02-16",6.55,6.6,6.55,6.6,1900,6.6
"2012-02-17",6.6,6.63,6.57,6.6,6500,6.6
"2012-02-21",6.6,6.66,6.6,6.66,7600,6.66
"2012-02-22",6.63,6.71,6.5,6.61,18300,6.61
"2012-02-23",6.58,6.59,6.53,6.55,11300,6.55
"2012-02-24",6.54,6.54,6.5,6.52,11500,6.52
"2012-02-27",6.5,6.54,6.47,6.5,15300,6.5
"2012-02-28",6.5,6.55,6.47,6.48,13500,6.48
"2012-02-29",6.52,6.54,6.45,6.46,8200,6.46
"2012-03-01",6.52,6.56,6.5,6.5,1600,6.5
"2012-03-02",6.5,6.58,6.5,6.52,600,6.52
"2012-03-05",6.56,6.56,6.56,6.56,3400,6.56
"2012-03-06",6.55,6.59,6.5,6.53,19500,6.53
"2012-03-07",6.5,6.55,6.5,6.55,4400,6.55
"2012-03-08",6.52,6.55,6.5,6.55,3100,6.55
"2012-03-09",6.58,6.61,6.58,6.61,800,6.61
"2012-03-12",6.58,6.58,6.49,6.49,6500,6.49
"2012-03-13",6.5,6.5,6.5,6.5,400,6.5
"2012-03-14",6.53,6.59,6.5,6.5,15900,6.5
"2012-03-15",6.5,6.58,6.5,6.5,8100,6.5
"2012-03-16",6.53,6.9,6.5,6.9,8600,6.9
"2012-03-19",6.84,6.94,6.82,6.87,3800,6.87
"2012-03-20",6.85,6.99,6.85,6.94,6700,6.94
"2012-03-21",6.91,6.92,6.91,6.92,1100,6.92
"2012-03-22",6.9,6.95,6.86,6.91,8400,6.91
"2012-03-23",6.88,6.88,6.78,6.78,6000,6.78
"2012-03-26",6.78,6.88,6.56,6.66,11500,6.66
"2012-03-27",6.69,6.75,6.69,6.71,1500,6.71
"2012-03-28",6.75,6.84,6.75,6.84,4500,6.84
"2012-03-29",6.8,7,6.8,7,6900,7
"2012-03-30",7,7,6.89,6.99,6700,6.99
"2012-04-02",6.89,7.01,6.89,7.01,1900,7.01
"2012-04-03",6.98,7.03,6.98,7.02,5500,7.02
"2012-04-04",6.86,6.86,6.68,6.75,14700,6.75
"2012-04-05",6.7,6.84,6.7,6.77,4500,6.77
"2012-04-09",6.78,7.13,6.78,7.13,10100,7.13
"2012-04-10",7.07,7.15,7.01,7.06,12800,7.06
"2012-04-11",7.06,7.25,7.06,7.25,1700,7.25
"2012-04-12",7.19,7.7,7.19,7.7,17200,7.7
"2012-04-13",7.69,7.79,7.69,7.79,8800,7.79
"2012-04-16",7.7,7.85,7.64,7.85,14800,7.85
"2012-04-17",7.85,7.92,7.75,7.92,8500,7.92
"2012-04-18",7.89,7.94,7.78,7.94,17500,7.94
"2012-04-19",7.93,7.95,7.85,7.95,15000,7.95
"2012-04-20",7.94,7.95,7.9,7.95,5400,7.95
"2012-04-23",7.89,8.05,7.77,8.05,36600,8.05
"2012-04-24",8.02,8.3,7.97,8.3,40900,8.3
"2012-04-25",8.35,8.55,8.23,8.5,33000,8.5
"2012-04-26",8.65,8.65,8.16,8.44,20000,8.44
"2012-04-27",8.44,8.49,8.42,8.49,12600,8.49
"2012-04-30",8.44,8.49,8.44,8.49,12000,8.49
"2012-05-01",8.4,8.5,8.36,8.47,6400,8.47
"2012-05-02",8.44,8.55,8.33,8.52,4100,8.52
"2012-05-03",8.48,8.49,8.38,8.49,6500,8.49
"2012-05-04",8.4,8.49,8.39,8.42,6000,8.42
"2012-05-07",8.37,8.5,8.37,8.47,14000,8.47
"2012-05-08",8.47,8.47,8.4,8.47,4400,8.47
"2012-05-09",8.4,8.46,8.4,8.4,5700,8.4
"2012-05-10",8.43,8.46,8.43,8.45,2100,8.45
"2012-05-11",8.4,8.44,8.25,8.44,5800,8.44
"2012-05-14",8.37,8.37,7.95,7.95,4100,7.95
"2012-05-15",7.9,7.9,7.25,7.33,26000,7.33
"2012-05-16",7.31,7.31,7,7.06,9300,7.06
"2012-05-17",7,7.05,7,7,7700,7
"2012-05-18",7.06,7.12,7,7.04,2600,7.04
"2012-05-21",6.99,7.13,6.99,7.11,5900,7.11
"2012-05-22",7.05,7.12,7,7.05,4700,7.05
"2012-05-23",6.99,7.13,6.99,7.03,6400,7.03
"2012-05-24",7.02,7.09,7,7.05,3800,7.05
"2012-05-25",7.05,7.1,6.99,7.05,10300,7.05
"2012-05-29",7,7.08,7,7.04,5900,7.04
"2012-05-30",7.04,7.08,7.04,7.04,1700,7.04
"2012-05-31",7.14,7.14,7.04,7.08,900,7.08
"2012-06-01",7.04,7.1,7,7,8800,7
"2012-06-04",7,7.21,7,7.15,22900,7.15
"2012-06-05",7.08,7.1,7,7.01,10100,7.01
"2012-06-06",7.02,7.25,7,7.24,6800,7.24
"2012-06-07",7.27,7.34,7.05,7.09,2600,7.09
"2012-06-08",7.09,7.35,7.02,7.19,5700,7.19
"2012-06-11",7.13,7.13,6.6,6.61,33400,6.61
"2012-06-12",6.66,6.66,6.48,6.51,21400,6.51
"2012-06-13",6.5,6.53,6.46,6.47,1800,6.47
"2012-06-14",6.46,6.49,6.44,6.45,600,6.45
"2012-06-15",6.4,6.6,6.4,6.6,4000,6.6
"2012-06-18",6.49,6.9,6.45,6.58,8500,6.58
"2012-06-19",6.52,6.85,6.4,6.46,17700,6.46
"2012-06-20",6.46,6.53,6.4,6.5,1900,6.5
"2012-06-21",6.5,6.52,6.45,6.45,3000,6.45
"2012-06-22",6.48,6.53,6.35,6.35,13100,6.35
"2012-06-25",6.4,6.55,6.35,6.46,7800,6.46
"2012-06-26",6.47,6.51,6.41,6.41,1400,6.41
"2012-06-27",6.47,6.68,6.43,6.61,1300,6.61
"2012-06-28",6.59,6.59,6.35,6.35,1400,6.35
"2012-06-29",6.4,6.59,6.35,6.5,4100,6.5
"2012-07-02",6.45,6.47,6.36,6.37,2800,6.37
"2012-07-03",6.42,6.45,6.35,6.37,700,6.37
"2012-07-05",6.35,6.57,6.35,6.51,1300,6.51
"2012-07-06",6.5,6.5,6.45,6.48,4500,6.48
"2012-07-09",6.48,6.51,6.35,6.42,3000,6.42
"2012-07-10",6.42,6.45,6.35,6.35,5400,6.35
"2012-07-11",6.41,6.41,6.35,6.35,10500,6.35
"2012-07-12",6.35,6.42,6.35,6.39,2600,6.39
"2012-07-13",6.4,6.46,6.36,6.37,3700,6.37
"2012-07-16",6.37,6.4,6.35,6.37,7400,6.37
"2012-07-17",6.36,6.4,6.34,6.34,2900,6.34
"2012-07-18",6.4,6.4,6.35,6.38,800,6.38
"2012-07-19",6.35,6.41,6.3,6.3,12100,6.3
"2012-07-20",6.31,6.32,6.27,6.27,5100,6.27
"2012-07-23",6.28,6.28,6.28,6.28,5100,6.28
"2012-07-24",6.28,6.3,6.25,6.25,4400,6.25
"2012-07-25",6.27,6.27,6.25,6.27,4500,6.27
"2012-07-26",6.25,6.26,6.25,6.25,2500,6.25
"2012-07-27",6.25,6.3,6.24,6.26,800,6.26
"2012-07-30",6.24,6.24,6.24,6.24,200,6.24
"2012-07-31",6.25,6.26,6.25,6.25,3200,6.25
"2012-08-01",6.26,6.42,6.26,6.37,1700,6.37
"2012-08-02",6.31,6.31,6.25,6.26,2000,6.26
"2012-08-03",6.24,6.24,6.24,6.24,300,6.24
"2012-08-06",6.3,6.48,6.3,6.48,4400,6.48
"2012-08-07",6.52,6.52,6.5,6.52,3400,6.52
"2012-08-08",6.47,6.47,6.38,6.38,600,6.38
"2012-08-09",6.35,6.35,6.35,6.35,1100,6.35
"2012-08-10",6.35,6.35,6.35,6.35,0,6.35
"2012-08-13",6.35,6.35,6.35,6.35,0,6.35
"2012-08-14",6.25,6.28,6.24,6.24,4000,6.24
"2012-08-15",6.25,6.27,6.23,6.23,9900,6.23
"2012-08-16",6.24,6.36,6.24,6.24,9100,6.24
"2012-08-17",6.24,6.35,6.24,6.29,1700,6.29
"2012-08-20",6.32,6.32,6.29,6.32,2300,6.32
"2012-08-21",6.35,6.35,6.28,6.28,3700,6.28
"2012-08-22",6.31,6.32,6.31,6.32,1100,6.32
"2012-08-23",6.32,6.32,6.28,6.28,1400,6.28
"2012-08-24",6.3,6.3,6.25,6.29,2100,6.29
"2012-08-27",6.23,6.24,6.23,6.24,600,6.24
"2012-08-28",6.23,6.27,6.23,6.23,2800,6.23
"2012-08-29",6.25,6.3,6.25,6.3,4200,6.3
"2012-08-30",6.29,6.29,6.29,6.29,200,6.29
"2012-08-31",6.28,6.3,6.25,6.3,600,6.3
"2012-09-04",6.3,6.3,6.3,6.3,0,6.3
"2012-09-05",6.23,6.29,6.23,6.29,7700,6.29
"2012-09-06",6.26,6.26,6.26,6.26,300,6.26
"2012-09-07",6.26,6.26,6.26,6.26,0,6.26
"2012-09-10",6.26,6.26,6.26,6.26,0,6.26
"2012-09-11",6.26,6.29,6.25,6.27,4800,6.27
"2012-09-12",6.27,6.28,6.27,6.28,1000,6.28
"2012-09-13",6.28,6.42,6.25,6.42,6800,6.42
"2012-09-14",6.54,6.7,6.54,6.62,6000,6.62
"2012-09-17",6.6,6.6,6.54,6.54,3400,6.54
"2012-09-18",6.54,6.76,6.54,6.56,9100,6.56
"2012-09-19",6.56,6.56,6.26,6.33,9700,6.33
"2012-09-20",6.31,6.32,6.26,6.28,8400,6.28
"2012-09-21",6.33,6.74,6.33,6.73,21200,6.73
"2012-09-24",6.74,6.85,6.72,6.85,5700,6.85
"2012-09-25",6.77,6.77,6.66,6.66,2000,6.66
"2012-09-26",6.67,6.67,6.25,6.26,5200,6.26
"2012-09-27",6.3,6.36,6.26,6.3,9400,6.3
"2012-09-28",6.25,6.51,6.25,6.5,3800,6.5
"2012-10-01",6.45,6.45,6.45,6.45,100,6.45
"2012-10-02",6.48,6.59,6.41,6.59,3600,6.59
"2012-10-03",6.47,6.61,6.47,6.61,700,6.61
"2012-10-04",6.58,6.63,6.56,6.62,1600,6.62
"2012-10-05",6.63,6.63,6.56,6.6,2200,6.6
"2012-10-08",6.63,6.63,6.32,6.45,2700,6.45
"2012-10-09",6.49,6.67,6.49,6.6,3800,6.6
"2012-10-10",6.66,6.66,6.25,6.6,5500,6.6
"2012-10-11",6.74,6.74,6.63,6.63,500,6.63
"2012-10-12",6.7,6.72,6.7,6.72,900,6.72
"2012-10-15",6.73,6.73,6.6,6.73,900,6.73
"2012-10-16",6.7,6.7,6.66,6.7,900,6.7
"2012-10-17",6.72,6.72,6.72,6.72,100,6.72
"2012-10-18",6.64,6.64,6.6,6.6,1500,6.6
"2012-10-19",6.66,6.66,6.6,6.6,3500,6.6
"2012-10-22",6.6,6.6,6.31,6.31,5800,6.31
"2012-10-23",6.25,6.43,6.23,6.25,7000,6.25
"2012-10-24",6.25,6.25,6.25,6.25,0,6.25
"2012-10-25",6.25,6.26,6.25,6.25,1400,6.25
"2012-10-26",6.27,6.31,6.25,6.25,900,6.25
"2012-10-31",6.25,6.26,6.25,6.25,1900,6.25
"2012-11-01",6.25,6.26,6.23,6.23,2500,6.23
"2012-11-02",6.23,6.23,6.23,6.23,300,6.23
"2012-11-05",6.26,6.26,6.23,6.23,1100,6.23
"2012-11-06",6.23,6.25,6.23,6.24,3600,6.24
"2012-11-07",6.23,6.26,6.2,6.25,12700,6.25
"2012-11-08",6.25,6.27,6.25,6.25,3600,6.25
"2012-11-09",6.25,6.29,6.25,6.28,3200,6.28
"2012-11-12",6.45,6.45,6.25,6.25,4200,6.25
"2012-11-13",6.26,6.27,6.25,6.27,900,6.27
"2012-11-14",6.25,6.25,6.25,6.25,7200,6.25
"2012-11-15",6.25,6.26,6.25,6.25,5600,6.25
"2012-11-16",6.27,6.27,6.25,6.26,4300,6.26
"2012-11-19",6.27,6.27,6.26,6.26,700,6.26
"2012-11-20",6.25,6.25,6.25,6.25,500,6.25
"2012-11-21",6.25,6.25,6.25,6.25,100,6.25
"2012-11-23",6.22,6.22,6.22,6.22,100,6.22
"2012-11-26",6.25,6.29,6.25,6.29,500,6.29
"2012-11-27",6.24,6.54,6.2,6.5,10700,6.5
"2012-11-28",6.32,6.41,6.31,6.36,5700,6.36
"2012-11-29",6.31,6.35,6.2,6.3,7400,6.3
"2012-11-30",6.3,6.3,6.25,6.3,10600,6.3
"2012-12-03",6.31,6.31,6.27,6.3,3800,6.3
"2012-12-04",6.25,6.37,6.25,6.37,1600,6.37
"2012-12-05",6.3,6.32,6.28,6.3,1900,6.3
"2012-12-06",6.35,6.4,6.35,6.4,3200,6.4
"2012-12-07",6.45,6.49,6.36,6.36,7200,6.36
"2012-12-10",6.38,6.4,6.37,6.4,1100,6.4
"2012-12-11",6.38,6.4,6.35,6.4,3600,6.4
"2012-12-12",6.4,6.44,6.4,6.44,600,6.44
"2012-12-13",6.42,6.42,6.3,6.42,1400,6.42
"2012-12-14",6.4,6.51,6.38,6.51,12300,6.51
"2012-12-17",6.5,6.51,6.49,6.5,10000,6.5
"2012-12-18",6.5,6.54,6.5,6.54,4700,6.54
"2012-12-19",6.5,6.54,6.5,6.54,9800,6.54
"2012-12-20",6.54,6.55,6.5,6.5,8000,6.5
"2012-12-21",6.45,6.55,6.45,6.55,2100,6.55
"2012-12-24",6.45,6.51,6.45,6.5,1300,6.5
"2012-12-26",6.51,6.52,6.45,6.51,6100,6.51
"2012-12-27",6.44,6.5,6.44,6.47,4700,6.47
"2012-12-28",6.48,6.5,6.47,6.5,8900,6.5
"2012-12-31",6.5,6.5,6.5,6.5,200,6.5
"2013-01-02",6.5,6.5,6.5,6.5,200,6.5
"2013-01-03",6.48,6.48,6.45,6.45,2600,6.45
"2013-01-04",6.45,6.45,6.26,6.3,6300,6.3
"2013-01-07",6.35,6.35,6.3,6.31,5000,6.31
"2013-01-08",6.3,6.3,6.2,6.3,54300,6.3
"2013-01-09",6.27,6.35,6.27,6.29,2500,6.29
"2013-01-10",6.28,6.31,6.27,6.3,7900,6.3
"2013-01-11",6.3,6.45,6.3,6.4,3600,6.4
"2013-01-14",6.32,6.34,6.3,6.32,3800,6.32
"2013-01-15",6.42,6.42,6.35,6.35,800,6.35
"2013-01-16",6.32,6.43,6.3,6.39,900,6.39
"2013-01-17",6.32,6.36,6.32,6.36,7600,6.36
"2013-01-18",6.31,6.39,6.31,6.35,5800,6.35
"2013-01-22",6.38,6.38,6.35,6.38,1400,6.38
"2013-01-23",6.31,6.38,6.31,6.36,10000,6.36
"2013-01-24",6.35,6.39,6.35,6.38,4500,6.38
"2013-01-25",6.39,6.47,6.39,6.4,12400,6.4
"2013-01-28",6.4,6.55,6.39,6.55,4600,6.55
"2013-01-29",6.59,6.66,6.53,6.59,1100,6.59
"2013-01-30",6.59,6.59,6.44,6.44,900,6.44
"2013-01-31",6.49,6.53,6.4,6.52,3800,6.52
"2013-02-01",6.43,6.69,6.4,6.68,3600,6.68
"2013-02-04",6.77,6.95,6.77,6.92,3400,6.92
"2013-02-05",6.92,7.44,6.9,7.43,6700,7.43
"2013-02-06",7.27,7.37,6.88,6.88,9600,6.88
"2013-02-07",6.9,6.9,6.56,6.6,5700,6.6
"2013-02-08",6.61,6.71,6.5,6.5,12600,6.5
"2013-02-11",6.64,6.64,6.5,6.53,10500,6.53
"2013-02-12",6.63,6.63,6.63,6.63,100,6.63
"2013-02-13",6.65,7.02,6.65,7,9800,7
"2013-02-14",7,7.24,6.99,7.15,16000,7.15
"2013-02-15",7.27,7.32,7.21,7.32,14800,7.32
"2013-02-19",7.32,7.4,7.1,7.3,8000,7.3
"2013-02-20",7.33,7.4,7.28,7.28,3400,7.28
"2013-02-21",7.35,7.39,7.21,7.36,4700,7.36
"2013-02-22",7.43,7.77,7.43,7.6,10700,7.6
"2013-02-25",7.52,7.6,7.45,7.6,4100,7.6
"2013-02-26",7.63,7.72,7.01,7.7,20000,7.7
"2013-02-27",7.74,7.74,7.5,7.59,5800,7.59
"2013-02-28",7.56,7.56,7.24,7.29,3500,7.29
"2013-03-01",7.35,7.35,7.25,7.3,5200,7.3
"2013-03-04",7.34,7.35,6.91,6.91,11400,6.91
"2013-03-05",6.83,7.45,6.83,7.34,10900,7.34
"2013-03-06",7.35,7.35,6.97,7.06,3900,7.06
"2013-03-07",7.05,7.15,7.05,7.15,3700,7.15
"2013-03-08",7.03,7.2,6.95,7.16,5800,7.16
"2013-03-11",7.18,7.18,7,7.04,3700,7.04
"2013-03-12",7.12,7.2,7.12,7.14,4000,7.14
"2013-03-13",7.2,7.2,6.97,6.97,3000,6.97
"2013-03-14",7.1,7.2,6.91,7.14,6600,7.14
"2013-03-15",7.14,7.2,6.99,7.01,5900,7.01
"2013-03-18",7,7,6.98,6.99,1500,6.99
"2013-03-19",7.01,7.15,7.01,7.1,4200,7.1
"2013-03-20",7.17,7.25,7.07,7.08,3800,7.08
"2013-03-21",7.08,7.08,6.9,7.02,8400,7.02
"2013-03-22",7.03,7.15,7.02,7.15,3700,7.15
"2013-03-25",7.1,7.15,7.01,7.1,2700,7.1
"2013-03-26",7.15,7.22,7.03,7.1,3800,7.1
"2013-03-27",7.04,7.22,7.04,7.16,1300,7.16
"2013-03-28",7.08,7.17,7.02,7.02,5900,7.02
"2013-04-01",7.06,7.25,7.06,7.25,6800,7.25
"2013-04-02",7.29,7.39,7.15,7.15,5200,7.15
"2013-04-03",7.14,7.14,7.03,7.04,3400,7.04
"2013-04-04",7.02,7.04,7.02,7.04,500,7.04
"2013-04-05",7.03,7.12,7.02,7.11,2300,7.11
"2013-04-08",7.18,7.18,7.05,7.1,1800,7.1
"2013-04-09",7.12,7.32,7.02,7.25,3300,7.25
"2013-04-10",7.32,7.32,7.13,7.22,900,7.22
"2013-04-11",7.31,7.31,7.11,7.3,5800,7.3
"2013-04-12",7.22,7.22,7.13,7.21,3000,7.21
"2013-04-15",7.24,7.34,7.11,7.34,3600,7.34
"2013-04-16",7.34,7.34,7.02,7.09,6500,7.09
"2013-04-17",7.18,7.21,7.02,7.05,4000,7.05
"2013-04-18",7.05,7.05,7.02,7.03,1000,7.03
"2013-04-19",7.12,7.33,7.03,7.33,4000,7.33
"2013-04-22",7.33,7.39,7.23,7.39,700,7.39
"2013-04-23",7.4,7.55,7.2,7.5,13300,7.5
"2013-04-24",7.42,7.51,7.26,7.45,4000,7.45
"2013-04-25",7.37,7.37,7.15,7.33,3800,7.33
"2013-04-26",7.25,7.25,7.17,7.17,700,7.17
"2013-04-29",7.33,7.33,7.17,7.22,4100,7.22
"2013-04-30",7.18,7.3,7.15,7.2,4900,7.2
"2013-05-01",7.25,7.25,7.03,7.2,3200,7.2
"2013-05-02",7.12,7.2,7.02,7.02,3700,7.02
"2013-05-03",7.03,7.2,7.02,7.15,2200,7.15
"2013-05-06",7.1,7.1,6.97,7.02,9500,7.02
"2013-05-07",7.11,7.34,7.05,7.21,4100,7.21
"2013-05-08",7.13,7.15,7.01,7.15,6200,7.15
"2013-05-09",7.73,7.73,7.47,7.6,19000,7.6
"2013-05-10",7.6,7.6,7.6,7.6,0,7.6
"2013-05-13",7.58,7.58,7.37,7.37,21600,7.37
"2013-05-14",7.38,7.46,7.3,7.39,48500,7.39
"2013-05-15",7.3,7.39,7.3,7.33,9500,7.33
"2013-05-16",7.26,7.34,7.15,7.15,5500,7.15
"2013-05-17",7.16,7.16,7.12,7.12,4000,7.12
"2013-05-20",7.11,7.13,7.06,7.1,5200,7.1
"2013-05-21",7.08,7.21,7.06,7.08,4300,7.08
"2013-05-22",7.06,7.06,7.06,7.06,500,7.06
"2013-05-23",7.16,7.26,7.13,7.26,7300,7.26
"2013-05-24",7.25,7.5,7.25,7.49,13900,7.49
"2013-05-28",7.48,7.54,7.34,7.5,25600,7.5
"2013-05-29",7.43,7.49,7.4,7.43,10400,7.43
"2013-05-30",7.41,7.59,7.41,7.53,4600,7.53
"2013-05-31",7.44,7.64,7.42,7.64,22500,7.64
"2013-06-03",7.6,7.64,7.55,7.63,4100,7.63
"2013-06-04",7.55,7.55,7.41,7.42,700,7.42
"2013-06-05",7.4,7.42,7.2,7.22,5600,7.22
"2013-06-06",7.23,7.24,7.15,7.24,1800,7.24
"2013-06-07",7.18,7.25,7.11,7.12,3400,7.12
"2013-06-10",7.22,7.22,7.03,7.05,14700,7.05
"2013-06-11",7.03,7.08,7.03,7.08,4300,7.08
"2013-06-12",7.03,7.11,7.02,7.05,1400,7.05
"2013-06-13",7.15,7.15,7.1,7.1,1000,7.1
"2013-06-14",7.06,7.1,7.06,7.09,600,7.09
"2013-06-17",7,7.18,7,7.1,4400,7.1
"2013-06-18",7.2,7.2,7.11,7.13,4200,7.13
"2013-06-19",7.11,7.2,7.09,7.09,7500,7.09
"2013-06-20",7.19,7.19,7.08,7.1,2300,7.1
"2013-06-21",7.22,7.23,6.95,7,10600,7
"2013-06-24",7.03,7.06,6.95,7.05,4500,7.05
"2013-06-25",7.06,7.18,7.01,7.09,2700,7.09
"2013-06-26",7.15,7.24,7,7.02,6500,7.02
"2013-06-27",7.02,7.23,7.02,7.2,6800,7.2
"2013-06-28",7.21,7.21,7,7,21800,7
"2013-07-01",7.16,7.25,7.04,7.15,1100,7.15
"2013-07-02",7.17,7.3,7.08,7.3,4500,7.3
"2013-07-03",7.33,7.33,7.27,7.33,5300,7.33
"2013-07-05",7.38,7.38,7.28,7.32,2100,7.32
"2013-07-08",7.31,7.4,7.22,7.25,2800,7.25
"2013-07-09",7.39,7.39,7.17,7.17,1000,7.17
"2013-07-10",7.32,7.33,7.16,7.27,7700,7.27
"2013-07-11",7.15,7.4,7.15,7.3,6000,7.3
"2013-07-12",7.19,7.36,7.19,7.27,3500,7.27
"2013-07-15",7.4,7.47,7.4,7.41,22500,7.41
"2013-07-16",7.3,7.47,7.3,7.31,3400,7.31
"2013-07-17",7.45,7.45,7.36,7.39,500,7.39
"2013-07-18",7.4,7.4,7.17,7.17,5500,7.17
"2013-07-19",7.21,7.39,7.01,7.01,6200,7.01
"2013-07-22",7.12,7.14,7.1,7.1,6600,7.1
"2013-07-23",7.28,7.4,7,7.12,43000,7.12
"2013-07-24",7.13,7.13,7.13,7.13,100,7.13
"2013-07-25",7.13,7.13,7.02,7.12,12500,7.12
"2013-07-26",7.1,7.16,7.1,7.16,1100,7.16
"2013-07-29",7.17,7.17,7.06,7.06,1100,7.06
"2013-07-30",7.1,7.16,7.1,7.15,5600,7.15
"2013-07-31",7.16,7.16,7.11,7.14,500,7.14
"2013-08-01",7.16,7.17,7.15,7.15,2600,7.15
"2013-08-02",7.12,7.17,7.11,7.13,4800,7.13
"2013-08-05",7.1,7.1,6.76,6.8,22300,6.8
"2013-08-06",6.95,7.39,6.95,7.13,16800,7.13
"2013-08-07",7.09,7.17,7.09,7.16,3300,7.16
"2013-08-08",7.2,7.21,7.2,7.21,400,7.21
"2013-08-09",7.25,7.25,7.25,7.25,200,7.25
"2013-08-12",7.31,7.31,7.16,7.18,1600,7.18
"2013-08-13",7.14,7.2,7.14,7.2,300,7.2
"2013-08-14",7.14,7.14,7.14,7.14,100,7.14
"2013-08-15",7,7.13,7,7.03,2400,7.03
"2013-08-16",6.9,7.04,6.9,7.02,6900,7.02
"2013-08-19",7.03,7.07,7.03,7.05,2700,7.05
"2013-08-20",7.09,7.11,7.03,7.11,9600,7.11
"2013-08-21",7.05,7.17,7.05,7.11,2700,7.11
"2013-08-22",7.18,7.29,7.18,7.24,1400,7.24
"2013-08-23",7.2,7.2,7.2,7.2,200,7.2
"2013-08-26",7.18,7.22,7.16,7.19,3000,7.19
"2013-08-27",7.13,7.35,7.12,7.34,4400,7.34
"2013-08-28",7.34,7.34,7.34,7.34,0,7.34
"2013-08-29",7.34,7.34,7.34,7.34,0,7.34
"2013-08-30",7.21,7.22,7.1,7.21,10500,7.21
"2013-09-03",7.14,7.15,7.1,7.1,4400,7.1
"2013-09-04",7.13,7.13,7.13,7.13,100,7.13
"2013-09-05",7.1,7.11,7.1,7.11,1100,7.11
"2013-09-06",7.11,7.11,7.11,7.11,100,7.11
"2013-09-09",7.1,7.15,7.1,7.15,1000,7.15
"2013-09-10",7.14,7.16,7.12,7.14,6400,7.14
"2013-09-11",7.12,7.13,7.12,7.12,6800,7.12
"2013-09-12",7.18,7.19,7.11,7.12,1500,7.12
"2013-09-13",7.13,7.13,7.13,7.13,100,7.13
"2013-09-16",7.18,7.4,7.18,7.22,6400,7.22
"2013-09-17",7.3,7.3,7.12,7.17,3000,7.17
"2013-09-18",7.17,7.17,7.12,7.12,4100,7.12
"2013-09-19",7.12,7.16,7.12,7.16,2600,7.16
"2013-09-20",7.17,7.23,7.17,7.23,700,7.23
"2013-09-23",7.23,7.23,7.13,7.16,8500,7.16
"2013-09-24",7.14,7.16,7.14,7.16,11300,7.16
"2013-09-25",7.16,7.16,7.16,7.16,0,7.16
"2013-09-26",7.23,7.23,7.2,7.2,2100,7.2
"2013-09-27",7.17,7.2,7.17,7.18,2700,7.18
"2013-09-30",7.03,7.17,7.03,7.17,2800,7.17
"2013-10-01",7.2,7.23,7.19,7.19,7100,7.19
"2013-10-02",7.23,7.23,7.22,7.22,1300,7.22
"2013-10-03",7.23,7.23,7.17,7.17,7500,7.17
"2013-10-04",7.17,7.17,7.17,7.17,0,7.17
"2013-10-07",7.15,7.18,7.04,7.04,5600,7.04
"2013-10-08",7.1,7.1,7.02,7.03,6000,7.03
"2013-10-09",7.03,7.05,7.02,7.05,1900,7.05
"2013-10-10",7.02,7.12,7.02,7.04,15900,7.04
"2013-10-11",7.04,7.05,7.02,7.04,28100,7.04
"2013-10-14",7.09,7.12,7.08,7.09,21700,7.09
"2013-10-15",7.05,7.09,7.05,7.07,15900,7.07
"2013-10-16",7.05,7.11,7.05,7.08,16300,7.08
"2013-10-17",7.24,7.24,7.06,7.08,30100,7.08
"2013-10-18",7.06,7.16,7.06,7.12,24900,7.12
"2013-10-21",7.1,7.24,7.08,7.24,4500,7.24
"2013-10-22",7.19,7.19,7.08,7.13,8700,7.13
"2013-10-23",7.1,7.11,7.1,7.11,600,7.11
"2013-10-24",7.11,7.11,7.06,7.07,28200,7.07
"2013-10-25",7.08,7.08,6.88,7,22600,7
"2013-10-28",7.02,7.07,7.01,7.02,24500,7.02
"2013-10-29",7.04,7.04,6.91,7.03,11100,7.03
"2013-10-30",7.03,7.1,7.03,7.06,4100,7.06
"2013-10-31",7.02,7.12,7.02,7.1,5200,7.1
"2013-11-01",7.15,7.16,7.1,7.15,7500,7.15
"2013-11-04",7.16,7.16,7.06,7.15,5300,7.15
"2013-11-05",7.05,7.07,7.05,7.07,1500,7.07
"2013-11-06",7.13,7.13,7.06,7.08,7300,7.08
"2013-11-07",7.05,7.11,7,7,5500,7
"2013-11-08",7.04,7.12,7,7.05,10000,7.05
"2013-11-11",7.09,7.09,7.04,7.08,1400,7.08
"2013-11-12",7.07,7.12,7.04,7.1,9000,7.1
"2013-11-13",7.06,7.1,7,7.08,7500,7.08
"2013-11-14",7.02,7.12,7.02,7.12,2800,7.12
"2013-11-15",7.05,7.12,7.02,7.09,5400,7.09
"2013-11-18",7.04,7.12,7.04,7.12,10400,7.12
"2013-11-19",7.07,7.12,6.85,6.97,20100,6.97
"2013-11-20",7,7.1,7,7.07,3500,7.07
"2013-11-21",7.06,7.06,7.02,7.05,2600,7.05
"2013-11-22",7.11,7.14,6.9,6.95,34300,6.95
"2013-11-25",6.95,7.13,6.95,7.05,21100,7.05
"2013-11-26",7.09,7.14,6.88,7.14,7200,7.14
"2013-11-27",6.99,7.15,6.99,7.15,10700,7.15
"2013-11-29",7.15,7.16,7.08,7.11,6800,7.11
"2013-12-02",7.08,7.17,7.04,7.17,2200,7.17
"2013-12-03",7.16,7.16,7,7.05,5700,7.05
"2013-12-04",7.05,7.16,7,7.06,11200,7.06
"2013-12-05",7.05,7.05,7.01,7.01,2300,7.01
"2013-12-06",7.07,7.07,7,7,8700,7
"2013-12-09",7,7.1,6.9,7.03,8800,7.03
"2013-12-10",7.07,7.07,6.86,6.86,7700,6.86
"2013-12-11",6.86,7.1,6.86,7.1,7300,7.1
"2013-12-12",7.02,7.02,6.96,6.97,2000,6.97
"2013-12-13",7.05,7.09,6.88,6.97,21900,6.97
"2013-12-16",7,7.03,6.97,7,2100,7
"2013-12-17",7,7,6.91,6.95,4100,6.95
"2013-12-18",7.02,7.1,7.02,7.02,2900,7.02
"2013-12-19",7.01,7.01,6.95,6.95,51700,6.95
"2013-12-20",7,7,6.86,6.96,9600,6.96
"2013-12-23",7,7,6.92,7,40600,7
"2013-12-24",7,7.04,6.95,7.04,7500,7.04
"2013-12-26",7.02,7.08,6.99,7.02,21600,7.02
"2013-12-27",6.99,7.01,6.99,7.01,2300,7.01
"2013-12-30",7.04,7.08,6.99,7.06,49200,7.06
"2013-12-31",7.03,7.08,7.01,7.07,5700,7.07
"2014-01-02",7.03,7.16,7.02,7.05,10000,7.05
"2014-01-03",7.01,7.13,7.01,7.13,3400,7.13
"2014-01-06",7.13,7.13,7.07,7.12,1800,7.12
"2014-01-07",7.12,7.13,7.05,7.13,8000,7.13
"2014-01-08",7.13,7.13,7.02,7.04,2300,7.04
"2014-01-09",7.13,7.36,7.08,7.31,64600,7.31
"2014-01-10",7.32,7.34,7.04,7.04,2000,7.04
"2014-01-13",7.1,7.1,7.02,7.04,1100,7.04
"2014-01-14",7.04,7.07,7.01,7.01,2200,7.01
"2014-01-15",6.99,7.63,6.99,7.52,26600,7.52
"2014-01-16",7.5,7.66,7.5,7.59,6900,7.59
"2014-01-17",7.51,7.52,7.5,7.5,9200,7.5
"2014-01-21",7.55,7.55,7.48,7.48,5700,7.48
"2014-01-22",7.54,7.54,7.42,7.42,500,7.42
"2014-01-23",7.49,7.49,7.43,7.43,900,7.43
"2014-01-24",7.47,7.51,7.43,7.48,9200,7.48
"2014-01-27",7.43,7.52,7.42,7.44,4200,7.44
"2014-01-28",7.44,7.46,7.42,7.42,4900,7.42
"2014-01-29",7.42,7.42,7.37,7.37,2600,7.37
"2014-01-30",7.41,7.42,7.4,7.41,7400,7.41
"2014-01-31",7.42,7.42,7.4,7.4,4500,7.4
"2014-02-03",7.41,7.42,7.4,7.42,3800,7.42
"2014-02-04",7.41,7.41,7.31,7.41,10700,7.41
"2014-02-05",7.4,7.41,7.4,7.4,3200,7.4
"2014-02-06",7.4,7.41,7.4,7.41,1100,7.41
"2014-02-07",7.4,7.4,7.31,7.32,4700,7.32
"2014-02-10",7.28,7.34,7.25,7.34,3700,7.34
"2014-02-11",7.36,7.36,7.22,7.25,1200,7.25
"2014-02-12",7.17,7.29,7.17,7.29,400,7.29
"2014-02-13",7.22,7.3,7.22,7.3,2000,7.3
"2014-02-14",7.28,7.28,7.17,7.24,8600,7.24
"2014-02-18",7.24,7.24,7.11,7.24,3200,7.24
"2014-02-19",7.28,7.28,7.16,7.28,1700,7.28
"2014-02-20",7.28,7.28,7.28,7.28,0,7.28
"2014-02-21",7.25,7.32,7.25,7.31,5400,7.31
"2014-02-24",7.31,7.32,7.26,7.26,3300,7.26
"2014-02-25",7.25,7.3,7.21,7.3,5600,7.3
"2014-02-26",7.24,7.25,7.1,7.1,6100,7.1
"2014-02-27",7.13,7.15,7.13,7.14,400,7.14
"2014-02-28",7.13,7.16,7.13,7.13,900,7.13
"2014-03-03",7.2,7.31,7.15,7.15,17100,7.15
"2014-03-04",7.16,7.18,7.15,7.18,2400,7.18
"2014-03-05",7.16,7.21,7.16,7.21,5400,7.21
"2014-03-06",7.17,7.23,7.17,7.23,400,7.23
"2014-03-07",7.17,7.17,7.02,7.11,13400,7.11
"2014-03-10",7.13,7.19,7.13,7.16,9000,7.16
"2014-03-11",7.19,7.19,7.19,7.19,200,7.19
"2014-03-12",7.12,7.24,7.12,7.2,7400,7.2
"2014-03-13",7.15,7.28,7.15,7.28,600,7.28
"2014-03-14",7.2,7.23,7.18,7.21,600,7.21
"2014-03-17",7.16,7.19,7.16,7.19,300,7.19
"2014-03-18",7.2,7.2,7.19,7.19,300,7.19
"2014-03-19",7.13,7.17,7.08,7.08,9900,7.08
"2014-03-20",7.03,7.17,7.03,7.17,4500,7.17
"2014-03-21",7.16,7.16,7.06,7.06,12400,7.06
"2014-03-24",7.06,7.1,7.05,7.05,7600,7.05
"2014-03-25",7.08,7.13,7.08,7.13,3000,7.13
"2014-03-26",7.08,7.11,7.05,7.11,6700,7.11
"2014-03-27",7.08,7.08,7.08,7.08,500,7.08
"2014-03-28",7.17,7.17,7.05,7.1,700,7.1
"2014-03-31",7.1,7.15,7.03,7.13,10900,7.13
"2014-04-01",7.07,7.29,7.06,7.13,17100,7.13
"2014-04-02",7.11,7.19,7.08,7.1,3200,7.1
"2014-04-03",7.11,7.3,7.1,7.2,10700,7.2
"2014-04-04",7.18,7.27,7.13,7.13,8100,7.13
"2014-04-07",7.16,7.28,7.12,7.12,14900,7.12
"2014-04-08",7.12,7.16,7.12,7.12,1400,7.12
"2014-04-09",7.14,7.14,7.14,7.14,1900,7.14
"2014-04-10",7.21,7.24,7.15,7.22,1200,7.22
"2014-04-11",7.14,7.21,7.14,7.14,3600,7.14
"2014-04-14",7.14,7.25,7.14,7.18,8800,7.18
"2014-04-15",7.23,7.23,7.14,7.16,1400,7.16
"2014-04-16",7.17,7.22,7.14,7.22,9400,7.22
"2014-04-17",7.15,7.22,7.15,7.16,2900,7.16
"2014-04-21",7.08,7.34,7.08,7.29,11000,7.29
"2014-04-22",7.33,7.33,7.2,7.2,2600,7.2
"2014-04-23",7.14,7.24,7.14,7.14,3600,7.14
"2014-04-24",7.14,7.14,7.14,7.14,0,7.14
"2014-04-25",7.14,7.2,7.14,7.18,3100,7.18
"2014-04-28",7.14,7.23,7.14,7.17,2700,7.17
"2014-04-29",7.22,7.22,7.15,7.15,1700,7.15
"2014-04-30",7.14,7.18,7.14,7.15,1200,7.15
"2014-05-01",7.21,7.21,7.2,7.2,1100,7.2
"2014-05-02",7.14,7.18,7.14,7.17,8200,7.17
"2014-05-05",7.17,7.17,7.15,7.15,400,7.15
"2014-05-06",7.23,7.25,7.18,7.23,12100,7.23
"2014-05-07",7.2,7.23,7.15,7.15,1100,7.15
"2014-05-08",7.15,7.15,7.15,7.15,200,7.15
"2014-05-09",7.15,7.41,7.15,7.35,44800,7.35
"2014-05-12",7.21,7.57,7.15,7.42,57800,7.42
"2014-05-13",7.18,7.28,7.15,7.18,4200,7.18
"2014-05-14",7.39,7.39,7.18,7.18,4100,7.18
"2014-05-15",7.18,7.18,7.18,7.18,0,7.18
"2014-05-16",7.16,7.16,7.15,7.15,3300,7.15
"2014-05-19",7.15,7.3,7.15,7.17,3700,7.17
"2014-05-20",7.17,7.17,7.17,7.17,0,7.17
"2014-05-21",7.11,7.45,7.05,7.07,69800,7.07
"2014-05-22",7.14,7.18,7.06,7.06,3100,7.06
"2014-05-23",7.07,7.17,7.07,7.08,800,7.08
"2014-05-27",7.07,7.18,7.07,7.18,1500,7.18
"2014-05-28",7.16,7.34,7.16,7.23,17900,7.23
"2014-05-29",7.21,7.21,7.19,7.2,1300,7.2
"2014-05-30",7.18,7.18,7.17,7.17,6200,7.17
"2014-06-02",7.23,7.23,7.2,7.2,300,7.2
"2014-06-03",7.21,7.21,7.14,7.15,4200,7.15
"2014-06-04",7.17,7.22,7.15,7.22,2000,7.22
"2014-06-05",7.17,7.23,7.17,7.19,2100,7.19
"2014-06-06",7.17,7.17,7.13,7.13,15800,7.13
"2014-06-09",7.14,7.17,7.13,7.13,5300,7.13
"2014-06-10",7.15,7.19,7.13,7.13,6000,7.13
"2014-06-11",7.13,7.17,7.13,7.13,1400,7.13
"2014-06-12",7.16,7.16,7.16,7.16,200,7.16
"2014-06-13",7.14,7.16,7.14,7.14,1600,7.14
"2014-06-16",7.14,7.19,7.07,7.17,16700,7.17
"2014-06-17",7.19,7.2,7.17,7.2,1400,7.2
"2014-06-18",7.17,7.2,7.15,7.19,3500,7.19
"2014-06-19",7.2,7.2,7.15,7.2,4200,7.2
"2014-06-20",7.19,7.25,7.19,7.25,1200,7.25
"2014-06-23",7.22,7.22,7.22,7.22,200,7.22
"2014-06-24",7.16,7.16,7.16,7.16,200,7.16
"2014-06-25",7.22,7.22,7.16,7.22,2500,7.22
"2014-06-26",7.2,7.25,7.19,7.23,2000,7.23
"2014-06-27",7.2,7.42,7.15,7.42,7300,7.42
"2014-06-30",7.44,7.44,7.34,7.38,3700,7.38
"2014-07-01",7.3,7.3,7.3,7.3,1000,7.3
"2014-07-02",7.42,7.43,7.37,7.4,4200,7.4
"2014-07-03",7.39,7.39,7.37,7.37,400,7.37
"2014-07-07",7.37,7.37,7.3,7.3,6400,7.3
"2014-07-08",7.37,7.37,7.32,7.36,1300,7.36
"2014-07-09",7.36,7.36,7.28,7.28,2000,7.28
"2014-07-10",7.28,7.33,7.24,7.24,21900,7.24
"2014-07-11",7.34,7.34,7.22,7.22,900,7.22
"2014-07-14",7.23,7.25,7.15,7.23,4000,7.23
"2014-07-15",7.36,7.36,7.15,7.15,13100,7.15
"2014-07-16",7.1,7.21,7.09,7.16,30300,7.16
"2014-07-17",7.16,7.22,7.16,7.19,15300,7.19
"2014-07-18",7.25,7.25,7.16,7.16,500,7.16
"2014-07-21",7.25,7.25,7.2,7.2,800,7.2
"2014-07-22",7.16,7.21,7.16,7.21,500,7.21
"2014-07-23",7.23,7.24,7.16,7.22,355400,7.22
"2014-07-24",7.2,7.24,7.18,7.24,23200,7.24
"2014-07-25",7.18,7.22,7.18,7.21,600,7.21
"2014-07-28",7.23,7.24,7.23,7.23,700,7.23
"2014-07-29",7.19,7.21,7.19,7.2,300,7.2
"2014-07-30",7.23,7.23,7.16,7.22,9200,7.22
"2014-07-31",7.24,7.24,7.22,7.23,300,7.23
"2014-08-01",7.24,7.24,7.18,7.21,9700,7.21
"2014-08-04",7.18,7.18,7.18,7.18,200,7.18
"2014-08-05",7.24,7.25,7.19,7.22,10800,7.22
"2014-08-06",7.25,7.25,7.19,7.2,3200,7.2
"2014-08-07",7.25,7.25,7.18,7.23,16900,7.23
"2014-08-08",7.18,7.2,7.15,7.15,8100,7.15
"2014-08-11",7.15,7.2,7,7.13,29100,7.13
"2014-08-12",7.15,7.24,7.13,7.23,45200,7.23
"2014-08-13",7.19,7.24,7.16,7.21,30100,7.21
"2014-08-14",7.18,7.23,7.16,7.22,15200,7.22
"2014-08-15",7.21,7.24,7.19,7.24,3600,7.24
"2014-08-18",7.2,7.21,7.19,7.21,4100,7.21
"2014-08-19",7.2,7.21,7.2,7.21,600,7.21
"2014-08-20",7.2,7.22,7.2,7.21,2200,7.21
"2014-08-21",7.2,7.23,7.15,7.19,7800,7.19
"2014-08-22",7.23,7.23,7.17,7.23,500,7.23
"2014-08-25",7.21,7.23,7.19,7.19,1400,7.19
"2014-08-26",7.22,7.23,7.19,7.19,5900,7.19
"2014-08-27",7.19,7.22,7.19,7.22,1400,7.22
"2014-08-28",7.22,7.23,7.2,7.22,6400,7.22
"2014-08-29",7.19,7.2,7.19,7.2,2900,7.2
"2014-09-02",7.14,7.23,7.14,7.2,3700,7.2
"2014-09-03",7.22,7.22,7.13,7.19,13400,7.19
"2014-09-04",7.19,7.24,7.19,7.24,15200,7.24
"2014-09-05",7.19,7.24,7.18,7.22,7700,7.22
"2014-09-08",7.21,7.25,7.21,7.25,13200,7.25
"2014-09-09",7.23,7.5,7.23,7.5,24400,7.5
"2014-09-10",7.42,7.42,7.19,7.2,29700,7.2
"2014-09-11",7.21,7.43,7.2,7.41,16400,7.41
"2014-09-12",7.41,7.41,7.29,7.35,18100,7.35
"2014-09-15",7.34,7.49,7.21,7.45,8000,7.45
"2014-09-16",7.34,7.49,7.34,7.48,10000,7.48
"2014-09-17",7.48,7.5,7.47,7.48,14100,7.48
"2014-09-18",7.43,7.55,7.34,7.54,15400,7.54
"2014-09-19",7.54,7.76,7.3,7.67,182700,7.67
"2014-09-22",7.62,7.71,7.47,7.6,15200,7.6
"2014-09-23",7.63,7.64,7.46,7.51,11100,7.51
"2014-09-24",7.56,7.6,7.42,7.43,33600,7.43
"2014-09-25",7.4,7.46,7.31,7.35,3000,7.35
"2014-09-26",7.35,7.37,7.27,7.37,4100,7.37
"2014-09-29",7.47,7.47,7.34,7.44,7200,7.44
"2014-09-30",7.32,7.5,7.32,7.5,20900,7.5
"2014-10-01",7.5,7.5,7.43,7.44,1500,7.44
"2014-10-02",7.35,7.44,7.34,7.41,900,7.41
"2014-10-03",7.29,7.49,7.28,7.49,27400,7.49
"2014-10-06",7.43,7.43,7.24,7.32,8000,7.32
"2014-10-07",7.26,7.29,7.19,7.2,16800,7.2
"2014-10-08",7.17,7.24,7.09,7.21,24900,7.21
"2014-10-09",7.32,7.32,7.18,7.25,14400,7.25
"2014-10-10",7.2,7.49,7.17,7.32,31300,7.32
"2014-10-13",7.27,7.35,7.17,7.21,165100,7.21
"2014-10-14",7.35,7.43,7.18,7.2,95500,7.2
"2014-10-15",7.23,7.32,7.14,7.31,67400,7.31
"2014-10-16",7.18,7.32,7.18,7.18,8400,7.18
"2014-10-17",7.19,7.31,7.18,7.28,8400,7.28
"2014-10-20",7.32,7.32,7.17,7.28,12600,7.28
"2014-10-21",7.2,7.26,7.17,7.23,5900,7.23
"2014-10-22",7.19,7.26,7.17,7.26,4100,7.26
"2014-10-23",7.2,7.24,7.18,7.22,1300,7.22
"2014-10-24",7.2,7.2,7.17,7.18,2800,7.18
"2014-10-27",7.18,7.21,7.15,7.18,6000,7.18
"2014-10-28",7.1,7.19,7.1,7.19,3700,7.19
"2014-10-29",7.17,7.21,7.07,7.16,6000,7.16
"2014-10-30",7.12,7.2,7.11,7.11,69300,7.11
"2014-10-31",7.18,7.2,7.18,7.2,1400,7.2
"2014-11-03",7.17,7.22,7.14,7.2,10800,7.2
"2014-11-04",7.14,7.48,7.14,7.22,53800,7.22
"2014-11-05",7.34,7.34,7.18,7.22,33600,7.22
"2014-11-06",7.3,7.3,7.17,7.2,17600,7.2
"2014-11-07",7.16,7.28,7.16,7.22,2700,7.22
"2014-11-10",7.16,7.23,7.16,7.17,2200,7.17
"2014-11-11",7.23,7.27,7.16,7.2,3000,7.2
"2014-11-12",7.22,7.22,7.2,7.2,200,7.2
"2014-11-13",7.21,7.21,7.21,7.21,200,7.21
"2014-11-14",7.16,7.26,7.16,7.24,600,7.24
"2014-11-17",7.16,7.25,7.16,7.25,3100,7.25
"2014-11-18",7.2,7.2,7.2,7.2,200,7.2
"2014-11-19",7.16,7.22,7.16,7.2,600,7.2
"2014-11-20",7.16,7.19,7.16,7.17,9600,7.17
"2014-11-21",7.11,7.23,7.11,7.19,800,7.19
"2014-11-24",7.19,7.19,7.18,7.18,2800,7.18
"2014-11-25",7.2,7.2,7.19,7.19,300,7.19
"2014-11-26",7.16,7.22,7.16,7.2,8200,7.2
"2014-11-28",7.22,7.22,7.18,7.22,500,7.22
"2014-12-01",7.2,7.21,7.16,7.16,3300,7.16
"2014-12-02",7.16,7.2,7.15,7.16,3400,7.16
"2014-12-03",7.2,7.23,7.17,7.23,1500,7.23
"2014-12-04",7.23,7.23,7.07,7.14,6300,7.14
"2014-12-05",7.22,7.24,7.18,7.24,1400,7.24
"2014-12-08",7.16,7.21,7.16,7.2,5200,7.2
"2014-12-09",7.19,7.24,7.19,7.2,2700,7.2
"2014-12-10",7.18,7.27,7.18,7.2,4400,7.2
"2014-12-11",7.21,7.29,7.18,7.19,3500,7.19
"2014-12-12",7.18,7.2,6.95,7,638800,7
"2014-12-15",7.02,7.12,7.02,7.08,3700,7.08
"2014-12-16",7.07,7.33,6.97,7.15,36200,7.15
"2014-12-17",7.2,7.2,7,7.03,23300,7.03
"2014-12-18",7.06,7.06,7.01,7.02,5000,7.02
"2014-12-19",7.03,7.05,7,7.03,4200,7.03
"2014-12-22",6.94,7.05,6.91,7.05,6400,7.05
"2014-12-23",7,7.09,7,7.08,7400,7.08
"2014-12-24",7.1,7.1,6.96,6.98,6100,6.98
"2014-12-26",7,7,6.9,6.9,13600,6.9
"2014-12-29",6.91,7,6.91,6.93,3900,6.93
"2014-12-30",7.03,7.03,6.95,6.97,2000,6.97
"2014-12-31",6.99,6.99,6.97,6.98,10700,6.98
"2015-01-02",6.95,6.99,6.95,6.98,6800,6.98
"2015-01-05",6.99,7.05,6.98,7.01,5000,7.01
"2015-01-06",7.09,7.1,7,7.03,3100,7.03
"2015-01-07",6.99,7.1,6.98,7.03,2300,7.03
"2015-01-08",7.04,7.05,6.99,7.02,2700,7.02
"2015-01-09",7.06,7.09,7.06,7.09,600,7.09
"2015-01-12",7.04,7.04,7.04,7.04,100,7.04
"2015-01-13",7.03,7.03,6.99,7,9100,7
"2015-01-14",7.01,7.1,6.98,7.1,2300,7.1
"2015-01-15",7.01,7.06,6.96,6.99,4700,6.99
"2015-01-16",7.04,7.27,7.04,7.26,2000,7.26
"2015-01-20",7.2,7.2,6.96,6.99,8200,6.99
"2015-01-21",6.99,6.99,6.99,6.99,0,6.99
"2015-01-22",7.03,7.03,7,7,3500,7
"2015-01-23",7,7.03,6.99,7,3100,7
"2015-01-26",6.95,7.03,6.95,7,7000,7
"2015-01-27",7.01,7.09,7.01,7.02,3800,7.02
"2015-01-28",7.05,7.05,7.03,7.03,300,7.03
"2015-01-29",7.02,7.11,7.01,7.1,1600,7.1
"2015-01-30",7.06,7.07,7.06,7.07,500,7.07
"2015-02-02",7.01,7.02,6.99,7.02,5600,7.02
"2015-02-03",7.02,7.06,7.01,7.06,1500,7.06
"2015-02-04",7.08,7.12,7.03,7.06,1300,7.06
"2015-02-05",7.1,7.1,7.08,7.08,600,7.08
"2015-02-06",6.98,7.05,6.98,7,2500,7
"2015-02-09",6.98,7.02,6.98,7.02,600,7.02
"2015-02-10",7,7.01,7,7.01,200,7.01
"2015-02-11",7.02,7.04,7,7.04,600,7.04
"2015-02-12",7.01,7.01,6.99,7,8000,7
"2015-02-13",6.99,7,6.98,6.98,4500,6.98
"2015-02-17",7,7,6.99,7,6000,7
"2015-02-18",7,7,7,7,0,7
"2015-02-19",7,7,6.99,6.99,300,6.99
"2015-02-20",6.96,6.97,6.96,6.96,3100,6.96
"2015-02-23",7.01,7.01,7.01,7.01,1000,7.01
"2015-02-24",6.98,7.23,6.96,7.21,6600,7.21
"2015-02-25",7.11,7.11,7.11,7.11,100,7.11
"2015-02-26",7.02,7.02,6.99,6.99,22700,6.99
"2015-02-27",6.99,7.1,6.98,6.99,7100,6.99
"2015-03-02",6.99,6.99,6.99,6.99,600,6.99
"2015-03-03",6.98,6.98,6.96,6.98,1500,6.98
"2015-03-04",6.98,6.98,6.97,6.97,900,6.97
"2015-03-05",6.97,6.98,6.97,6.98,800,6.98
"2015-03-06",7.01,7.01,6.98,6.98,1100,6.98
"2015-03-09",7,7.03,6.97,6.99,2800,6.99
"2015-03-10",6.96,6.99,6.95,6.97,2500,6.97
"2015-03-11",6.96,6.99,6.95,6.96,1000,6.96
"2015-03-12",6.96,6.96,6.94,6.95,2600,6.95
"2015-03-13",7.07,7.07,6.93,6.98,2700,6.98
"2015-03-16",6.94,6.98,6.93,6.95,9600,6.95
"2015-03-17",6.94,6.94,6.93,6.93,900,6.93
"2015-03-18",6.93,6.96,6.84,6.84,14600,6.84
"2015-03-19",6.85,6.96,6.77,6.77,12700,6.77
"2015-03-20",6.86,7.35,6.76,7.35,78300,7.35
"2015-03-23",7.22,7.27,7.14,7.19,23000,7.19
"2015-03-24",7.24,7.26,7.17,7.19,3700,7.19
"2015-03-25",7.1,7.15,7.08,7.15,8400,7.15
"2015-03-26",7.1,7.11,7.1,7.11,1000,7.11
"2015-03-27",7.11,7.15,7.1,7.14,3700,7.14
"2015-03-30",7.12,7.15,7.11,7.12,3800,7.12
"2015-03-31",7.15,7.15,7.14,7.14,1500,7.14
"2015-04-01",7.12,7.12,7.12,7.12,200,7.12
"2015-04-02",7.08,7.08,6.99,7.02,3800,7.02
"2015-04-06",6.98,7.03,6.98,7,2800,7
"2015-04-07",7.02,7.03,7.01,7.01,1600,7.01
"2015-04-08",7,7,7,7,400,7
"2015-04-09",6.98,6.98,6.92,6.93,3000,6.93
"2015-04-10",6.94,6.94,6.92,6.92,1100,6.92
"2015-04-13",6.85,7.02,6.85,7.02,8900,7.02
"2015-04-14",7.02,7.02,7.02,7.02,0,7.02
"2015-04-15",6.97,7,6.95,7,4500,7
"2015-04-16",6.96,6.98,6.95,6.98,1600,6.98
"2015-04-17",6.9,6.9,6.9,6.9,100,6.9
"2015-04-20",6.95,6.95,6.95,6.95,100,6.95
"2015-04-21",6.83,6.9,6.83,6.9,800,6.9
"2015-04-22",6.84,6.84,6.84,6.84,300,6.84
"2015-04-23",6.84,6.84,6.84,6.84,0,6.84
"2015-04-24",6.89,6.89,6.76,6.8,13000,6.8
"2015-04-27",6.77,6.84,6.75,6.83,15300,6.83
"2015-04-28",6.78,7.03,6.76,7,17200,7
"2015-04-29",7.01,7.16,7.01,7.04,69900,7.04
"2015-04-30",7.06,7.14,6.89,6.96,23000,6.96
"2015-05-01",7.1,7.1,6.87,6.87,14900,6.87
"2015-05-04",6.8,7,6.8,6.86,18500,6.86
"2015-05-05",6.79,6.89,6.76,6.79,1500,6.79
"2015-05-06",6.8,6.83,6.77,6.77,900,6.77
"2015-05-07",6.75,6.79,6.75,6.75,8900,6.75
"2015-05-08",6.81,6.81,6.79,6.79,300,6.79
"2015-05-11",6.74,7.04,6.74,7.03,20400,7.03
"2015-05-12",7.08,7.08,7,7,1500,7
"2015-05-13",7.09,7.09,7,7,12100,7
"2015-05-14",7.06,7.06,6.93,6.95,2600,6.95
"2015-05-15",7.02,7.08,7.02,7.08,700,7.08
"2015-05-18",7.08,7.08,7.08,7.08,0,7.08
"2015-05-19",7.03,7.03,6.9,6.98,1900,6.98
"2015-05-20",6.99,6.99,6.92,6.92,2100,6.92
"2015-05-21",6.98,6.98,6.97,6.97,2000,6.97
"2015-05-22",6.99,7.01,6.97,6.98,700,6.98
"2015-05-26",6.98,6.99,6.98,6.99,300,6.99
"2015-05-27",6.99,7.01,6.98,6.98,2100,6.98
"2015-05-28",7,7,6.99,6.99,2300,6.99
"2015-05-29",7,7,6.99,7,3900,7
"2015-06-01",6.99,6.99,6.99,6.99,1100,6.99
"2015-06-02",7,7.04,7,7,8900,7
"2015-06-03",7,7,7,7,100,7
"2015-06-04",6.98,6.99,6.98,6.98,500,6.98
"2015-06-05",6.99,7,6.99,7,1800,7
"2015-06-08",7,7.04,7,7.04,8800,7.04
"2015-06-09",7.25,7.3,7.15,7.23,5600,7.23
"2015-06-10",7.14,7.15,7.02,7.04,6000,7.04
"2015-06-11",7.18,7.18,7.09,7.09,900,7.09
"2015-06-12",7.04,7.04,7,7.01,1300,7.01
"2015-06-15",7.01,7.01,6.99,6.99,1800,6.99
"2015-06-16",6.99,7.14,6.74,7.1,13400,7.1
"2015-06-17",7.01,7.08,7.01,7.06,2200,7.06
"2015-06-18",7.03,7.04,7.03,7.04,400,7.04
"2015-06-19",7.07,7.07,7.07,7.07,400,7.07
"2015-06-22",7.21,7.21,7.11,7.11,800,7.11
"2015-06-23",7.11,7.11,7.11,7.11,100,7.11
"2015-06-24",7,7.02,7,7,1200,7
"2015-06-25",6.9,7.01,6.9,7.01,3700,7.01
"2015-06-26",7.13,7.13,7.07,7.07,300,7.07
"2015-06-29",7.04,7.07,7.04,7.07,600,7.07
"2015-06-30",7.15,7.17,7.03,7.03,2500,7.03
"2015-07-01",7.02,7.07,7,7.01,6300,7.01
"2015-07-02",7,7.12,7,7.12,600,7.12
"2015-07-06",6.87,7.06,6.86,7.03,5000,7.03
"2015-07-07",7.01,7.12,7,7.09,1300,7.09
"2015-07-08",7.01,7.08,7,7.01,1700,7.01
"2015-07-09",7.01,7.01,6.8,6.81,6900,6.81
"2015-07-10",6.85,6.93,6.84,6.86,9100,6.86
"2015-07-13",6.98,6.98,6.96,6.96,900,6.96
"2015-07-14",6.91,6.92,6.91,6.92,700,6.92
"2015-07-15",6.92,6.92,6.92,6.92,0,6.92
"2015-07-16",6.91,6.99,6.91,6.99,5200,6.99
"2015-07-17",6.98,7.03,6.96,7.03,3800,7.03
"2015-07-20",7.07,7.07,7.06,7.06,400,7.06
"2015-07-21",7.01,7.01,7.01,7.01,100,7.01
"2015-07-22",7.01,7.03,6.95,6.99,3200,6.99
"2015-07-23",6.88,7.02,6.88,7.02,700,7.02
"2015-07-24",7.01,7.01,6.96,7,5000,7
"2015-07-27",7.01,7.01,6.92,6.95,4200,6.95
"2015-07-28",6.84,6.84,6.77,6.77,3000,6.77
"2015-07-29",6.9,7.19,6.75,7.19,11300,7.19
"2015-07-30",7.02,7.02,6.98,6.98,700,6.98
"2015-07-31",6.93,7,6.93,6.96,900,6.96
"2015-08-03",7.06,7.17,7.06,7.16,5600,7.16
"2015-08-04",7.04,7.08,7,7,900,7
"2015-08-05",7.06,7.06,7.05,7.05,200,7.05
"2015-08-06",7.01,7.04,7,7.04,5100,7.04
"2015-08-07",7,7.05,7,7,2800,7
"2015-08-10",7,7.05,7,7.02,10800,7.02
"2015-08-11",7,7,7,7,1300,7
"2015-08-12",6.95,6.95,6.76,6.83,3400,6.83
"2015-08-13",6.9,6.9,6.83,6.9,9800,6.9
"2015-08-14",6.95,6.95,6.86,6.93,9000,6.93
"2015-08-17",6.95,6.95,6.9,6.95,29600,6.95
"2015-08-18",6.97,6.97,6.97,6.97,400,6.97
"2015-08-19",7.08,7.08,7.08,7.08,300,7.08
"2015-08-20",6.98,7.02,6.91,6.93,5400,6.93
"2015-08-21",6.9,7.05,6.9,6.95,8000,6.95
"2015-08-24",7.04,7.04,6.93,6.93,1100,6.93
"2015-08-25",6.93,7.02,6.93,6.96,800,6.96
"2015-08-26",6.96,7.04,6.95,7.04,1900,7.04
"2015-08-27",7,7,6.99,7,600,7
"2015-08-28",7.04,7.04,6.95,6.95,5200,6.95
"2015-08-31",7,7.03,6.95,7.02,7800,7.02
"2015-09-01",6.93,7.03,6.93,6.99,1700,6.99
"2015-09-02",7.02,7.04,6.99,6.99,2000,6.99
"2015-09-03",6.96,7.04,6.9,6.96,2100,6.96
"2015-09-04",6.94,7,6.94,7,1000,7
"2015-09-08",7,7,6.94,7,2800,7
"2015-09-09",6.99,6.99,6.99,6.99,2500,6.99
"2015-09-10",6.99,7.04,6.99,7.04,1100,7.04
"2015-09-11",7.04,7.04,6.99,7,3000,7
"2015-09-14",7,7,7,7,800,7
"2015-09-15",7,7.04,7,7.04,1300,7.04
"2015-09-16",6.9,7.01,6.9,7,5100,7
"2015-09-17",6.99,7,6.9,6.9,8900,6.9
"2015-09-18",6.95,7,6.85,6.85,22900,6.85
"2015-09-21",6.97,6.98,6.95,6.96,1700,6.96
"2015-09-22",6.97,6.98,6.95,6.98,1800,6.98
"2015-09-23",7,7,7,7,200,7
"2015-09-24",6.98,7,6.98,7,1300,7
"2015-09-25",7,7.04,7,7.04,1200,7.04
"2015-09-28",7.09,7.09,7,7,2600,7
"2015-09-29",7.04,7.04,7.02,7.02,300,7.02
"2015-09-30",7.09,7.09,7.09,7.09,300,7.09
"2015-10-01",6.97,6.97,6.95,6.95,2000,6.95
"2015-10-02",6.95,6.95,6.95,6.95,0,6.95
"2015-10-05",7.08,7.1,6.9,7.1,6800,7.1
"2015-10-06",7.2,7.2,7.01,7.02,2000,7.02
"2015-10-07",7.15,7.15,7.02,7.02,3100,7.02
"2015-10-08",7,7.04,7,7.04,200,7.04
"2015-10-09",6.99,6.99,6.85,6.94,4700,6.94
"2015-10-12",7.06,7.13,7.05,7.13,1000,7.13
"2015-10-13",7.18,7.18,6.93,7.05,2100,7.05
"2015-10-14",6.94,7.17,6.94,7.17,700,7.17
"2015-10-15",7.18,7.2,7.07,7.2,1700,7.2
"2015-10-16",7.05,7.05,7,7.01,1100,7.01
"2015-10-19",6.93,7.03,6.93,7.03,800,7.03
"2015-10-20",7.1,7.1,6.86,7,4300,7
"2015-10-21",6.86,6.96,6.86,6.89,1600,6.89
"2015-10-22",6.93,6.93,6.93,6.93,200,6.93
"2015-10-23",6.93,6.93,6.93,6.93,0,6.93
"2015-10-26",6.92,6.92,6.9,6.9,3600,6.9
"2015-10-27",6.85,6.91,6.8,6.8,8700,6.8
"2015-10-28",6.8,6.8,6.8,6.8,0,6.8
"2015-10-29",6.82,6.87,6.82,6.87,400,6.87
"2015-10-30",6.8,6.81,6.72,6.72,12300,6.72
"2015-11-02",6.76,6.76,6.71,6.71,1300,6.71
"2015-11-03",6.71,6.74,6.71,6.71,500,6.71
"2015-11-04",6.78,6.81,6.78,6.81,5600,6.81
"2015-11-05",6.81,6.81,6.74,6.74,700,6.74
"2015-11-06",6.8,6.92,6.74,6.82,106300,6.82
"2015-11-09",6.8,6.85,6.8,6.81,9900,6.81
"2015-11-10",6.8,6.82,6.76,6.82,1600,6.82
"2015-11-11",6.75,6.82,6.75,6.79,7000,6.79
"2015-11-12",6.79,6.79,6.75,6.75,25300,6.75
"2015-11-13",6.75,6.84,6.75,6.84,3800,6.84
"2015-11-16",6.8,6.81,6.75,6.75,23000,6.75
"2015-11-17",6.75,6.79,6.75,6.79,700,6.79
"2015-11-18",6.76,6.76,6.75,6.75,200,6.75
"2015-11-19",6.75,6.89,6.75,6.82,22800,6.82
"2015-11-20",6.82,6.82,6.76,6.82,300,6.82
"2015-11-23",6.82,6.82,6.74,6.74,400,6.74
"2015-11-24",6.72,6.8,6.72,6.79,2400,6.79
"2015-11-25",6.8,6.82,6.71,6.77,6200,6.77
"2015-11-27",6.74,6.84,6.74,6.74,1900,6.74
"2015-11-30",6.74,6.79,6.73,6.79,2000,6.79
"2015-12-01",6.82,7,6.74,6.82,9000,6.82
"2015-12-02",6.81,6.81,6.72,6.79,3400,6.79
"2015-12-03",6.83,6.91,6.83,6.89,500,6.89
"2015-12-04",6.79,6.79,6.72,6.75,1000,6.75
"2015-12-07",6.71,6.78,6.65,6.65,50200,6.65
"2015-12-08",6.65,6.66,6.4,6.4,39000,6.4
"2015-12-09",6.46,6.47,6.3,6.34,34600,6.34
"2015-12-10",6.3,7,6.3,6.5,26600,6.5
"2015-12-11",6.59,6.59,6.4,6.4,21200,6.4
"2015-12-14",6.6,6.94,6.3,6.3,38700,6.3
"2015-12-15",6.31,6.51,6.3,6.51,9500,6.51
"2015-12-16",6.37,6.4,6.3,6.4,7100,6.4
"2015-12-17",6.3,6.73,6.3,6.7,31600,6.7
"2015-12-18",6.57,7.13,6.02,6.28,308400,6.28
"2015-12-21",6.42,6.42,6.09,6.17,27700,6.17
"2015-12-22",6.23,6.25,6.17,6.25,5700,6.25
"2015-12-23",6.21,6.33,6.21,6.24,5900,6.24
"2015-12-24",7.48,7.48,6.26,6.27,8100,6.27
"2015-12-28",6.34,6.37,6.22,6.24,6300,6.24
"2015-12-29",6.34,6.34,6.2,6.2,3500,6.2
"2015-12-30",6.2,6.2,6.2,6.2,100,6.2
"2015-12-31",6.28,6.34,6.28,6.34,2900,6.34
