"","GE.Open","GE.High","GE.Low","GE.Close","GE.Volume","GE.Adjusted"
"2010-01-04",15.22,15.64,15.15,15.45,67079900,12.366038
"2010-01-05",15.46,15.67,15.45,15.53,64550600,12.43007
"2010-01-06",15.53,15.62,15.44,15.45,55464900,12.366038
"2010-01-07",15.48,16.48,15.43,16.25,185472300,13.006351
"2010-01-08",16.309999,16.690001,16.27,16.6,115112600,13.286488
"2010-01-11",16.83,16.879999,16.540001,16.76,76675400,13.414551
"2010-01-12",16.58,16.84,16.57,16.77,64622800,13.422555
"2010-01-13",16.76,16.92,16.57,16.83,65342400,13.470578
"2010-01-14",16.790001,16.870001,16.68,16.700001,57361500,13.366528
"2010-01-15",16.68,16.75,16.35,16.440001,74108100,13.158426
"2010-01-19",16.35,16.75,16.34,16.540001,60697400,13.238465
"2010-01-20",16.5,16.68,16.33,16.5,64495600,13.206449
"2010-01-21",16.469999,16.48,15.95,16.02,99151200,12.822262
"2010-01-22",16.549999,16.76,16.09,16.110001,162677700,12.894297
"2010-01-25",16.459999,16.530001,16.219999,16.370001,75160400,13.102399
"2010-01-26",16.33,16.700001,16.26,16.35,78017000,13.086391
"2010-01-27",16.290001,16.389999,16.030001,16.299999,76850600,13.04637
"2010-01-28",16.43,16.450001,16.01,16.16,79136000,12.934316
"2010-01-29",16.219999,16.5,16.07,16.08,81158600,12.870285
"2010-02-01",16.200001,16.34,16.1,16.25,56940500,13.006351
"2010-02-02",16.27,16.950001,16.24,16.85,115749400,13.486586
"2010-02-03",16.790001,17.030001,16.620001,16.68,70778200,13.350519
"2010-02-04",16.48,16.5,16.01,16.040001,110099200,12.83827
"2010-02-05",16.040001,16.190001,15.25,15.79,143503200,12.638171
"2010-02-08",15.83,15.84,15.47,15.6,70487000,12.486097
"2010-02-09",15.76,15.89,15.43,15.6,97580300,12.486097
"2010-02-10",15.57,15.87,15.5,15.69,68377100,12.558132
"2010-02-11",15.62,15.79,15.48,15.77,66896700,12.622164
"2010-02-12",15.59,15.75,15.35,15.55,76503100,12.446078
"2010-02-16",15.7,16.120001,15.68,16.040001,69444800,12.83827
"2010-02-17",16.190001,16.219999,16.059999,16.15,60553900,12.926312
"2010-02-18",16.1,16.290001,16.08,16.24,47333500,12.998347
"2010-02-19",16.139999,16.25,16,16.17,65201600,12.94232
"2010-02-22",16.23,16.34,16.16,16.25,44988000,13.006351
"2010-02-23",16.190001,16.32,15.86,15.95,63371100,12.766234
"2010-02-24",15.98,16.139999,15.88,16.120001,56650600,12.902301
"2010-02-25",15.76,15.95,15.71,15.92,63364500,12.821762
"2010-02-26",16,16.15,15.95,16.059999,60564400,12.934516
"2010-03-01",16.1,16.15,15.83,15.9,62798300,12.805654
"2010-03-02",15.92,15.95,15.83,15.9,52587600,12.805654
"2010-03-03",15.98,16.290001,15.95,16.030001,83817400,12.910355
"2010-03-04",16.07,16.16,15.97,16.110001,47132200,12.974786
"2010-03-05",16.190001,16.370001,16.15,16.35,65183900,13.168079
"2010-03-08",16.370001,16.469999,16.24,16.27,53676900,13.103648
"2010-03-09",16.299999,16.620001,16.25,16.49,83685600,13.280833
"2010-03-10",16.49,16.610001,16.42,16.51,67843400,13.296941
"2010-03-11",16.49,16.549999,16.32,16.48,64905500,13.272779
"2010-03-12",16.59,17.059999,16.5,17.040001,112875400,13.723797
"2010-03-15",17.02,17.35,16.940001,17.290001,117951100,13.925143
"2010-03-16",17.49,18.16,17.450001,18.07,228571100,14.553344
"2010-03-17",18.32,18.4,17.969999,18.040001,160499800,14.529184
"2010-03-18",18.09,18.26,17.91,18.190001,88515400,14.649991
"2010-03-19",18.07,18.34,17.93,18.07,114796600,14.553344
"2010-03-22",17.860001,18.129999,17.799999,18.07,64940700,14.553344
"2010-03-23",18.16,18.450001,18.15,18.33,107580100,14.762745
"2010-03-24",18.360001,18.940001,18.27,18.450001,124241100,14.859392
"2010-03-25",18.709999,18.76,18.26,18.299999,97668400,14.738583
"2010-03-26",18.32,18.629999,18.18,18.34,84380500,14.770799
"2010-03-29",18.52,18.559999,18.25,18.4,83916800,14.819122
"2010-03-30",18.469999,18.48,18.25,18.299999,53168700,14.738583
"2010-03-31",18.209999,18.360001,18.129999,18.200001,59216500,14.658045
"2010-04-01",18.27,18.4,18.18,18.33,45478000,14.762745
"2010-04-05",18.42,18.65,18.33,18.530001,55879400,14.923823
"2010-04-06",18.450001,18.65,18.41,18.6,54106500,14.9802
"2010-04-07",18.57,18.75,18.389999,18.5,60464200,14.899661
"2010-04-08",18.389999,18.65,18.25,18.559999,60592900,14.947984
"2010-04-09",18.59,18.67,18.4,18.52,54612700,14.915769
"2010-04-12",18.559999,18.98,18.540001,18.709999,71700500,15.068792
"2010-04-13",18.75,19.129999,18.719999,18.950001,92585100,15.262086
"2010-04-14",19.209999,19.4,19.01,19.35,81959000,15.58424
"2010-04-15",19.450001,19.690001,19.370001,19.5,103121900,15.705048
"2010-04-16",19.440001,19.450001,18.65,18.969999,172374900,15.278192
"2010-04-19",18.639999,18.969999,18.639999,18.940001,78156200,15.254032
"2010-04-20",19.040001,19.200001,18.98,19,57666500,15.302355
"2010-04-21",19.1,19.18,18.889999,19.030001,58407000,15.326517
"2010-04-22",18.91,19.01,18.610001,18.950001,73044600,15.262086
"2010-04-23",18.860001,19.1,18.799999,19.07,57777500,15.358731
"2010-04-26",19.190001,19.370001,19.1,19.299999,65712900,15.54397
"2010-04-27",19.24,19.49,18.59,18.700001,109629100,15.060739
"2010-04-28",18.67,19.09,18.65,18.950001,85006400,15.262086
"2010-04-29",19.040001,19.49,19.030001,19.49,70066400,15.696994
"2010-04-30",19.459999,19.700001,18.790001,18.860001,112133100,15.189601
"2010-05-03",18.969999,19.34,18.959999,19.26,60157700,15.511755
"2010-05-04",19.059999,19.07,18.35,18.58,94123700,14.964092
"2010-05-05",18.219999,18.49,17.93,18.1,106999600,14.577506
"2010-05-06",18,18.15,15.15,17.309999,182122800,13.94125
"2010-05-07",17.51,17.690001,16.52,16.879999,165465900,13.594933
"2010-05-10",18.040001,18.370001,17.879999,18.040001,138171300,14.529184
"2010-05-11",17.85,18.34,17.82,18,83503800,14.496967
"2010-05-12",18.09,18.5,18.07,18.440001,67907500,14.851338
"2010-05-13",18.41,18.43,17.959999,18.049999,64312600,14.537236
"2010-05-14",17.969999,18.040001,17.41,17.639999,83715700,14.207028
"2010-05-17",17.610001,17.719999,17.09,17.559999,78754500,14.142597
"2010-05-18",17.719999,17.870001,17.049999,17.23,79492500,13.876819
"2010-05-19",17.07,17.379999,16.75,17.26,134943000,13.900981
"2010-05-20",16.809999,16.83,16.25,16.26,154436300,13.095594
"2010-05-21",15.7,16.43,15.65,16.42,146375300,13.224456
"2010-05-24",16.32,16.389999,15.97,16.01,74129700,12.894247
"2010-05-25",15.5,15.97,15.25,15.95,122232900,12.845924
"2010-05-26",16.35,16.49,15.97,16.01,83279500,12.894247
"2010-05-27",16.42,16.68,16.139999,16.66,70118300,13.417749
"2010-05-28",16.66,16.690001,16.16,16.35,70383300,13.168079
"2010-06-01",16.24,16.51,15.93,15.98,73128000,12.870085
"2010-06-02",16.16,16.389999,15.95,16.35,62848900,13.168079
"2010-06-03",16.41,16.48,16.23,16.450001,51837000,13.248618
"2010-06-04",16.08,16.08,15.56,15.71,114420100,12.652631
"2010-06-07",15.73,15.75,15.37,15.41,73216100,12.411015
"2010-06-08",15.46,15.55,15.05,15.48,89376600,12.467392
"2010-06-09",15.58,15.7,15.22,15.32,66853600,12.33853
"2010-06-10",15.59,15.87,15.52,15.68,78615900,12.62847
"2010-06-11",15.53,15.61,15.37,15.56,70851700,12.531823
"2010-06-14",15.77,15.88,15.35,15.39,75734400,12.394907
"2010-06-15",15.52,15.85,15.36,15.79,79088400,12.717062
"2010-06-16",15.71,16.09,15.62,15.85,86647800,12.765386
"2010-06-17",15.87,15.93,15.65,15.91,57041100,12.895065
"2010-06-18",16,16.049999,15.86,15.95,59328800,12.927485
"2010-06-21",16.209999,16.450001,16.030001,16.1,71221500,13.04906
"2010-06-22",16.09,16.17,15.77,15.79,64982700,12.797805
"2010-06-23",15.76,15.89,15.37,15.39,97574100,12.473605
"2010-06-24",15.38,15.45,15,15.08,96299000,12.222349
"2010-06-25",15.12,15.15,14.82,14.91,134229600,12.084564
"2010-06-28",14.96,15.21,14.91,15,60445900,12.157509
"2010-06-29",14.75,14.79,14.27,14.48,114904900,11.736049
"2010-06-30",14.47,14.69,14.35,14.42,81568200,11.687419
"2010-07-01",14.33,14.43,13.87,14.12,107077700,11.444269
"2010-07-02",14.16,14.26,13.75,13.88,78544600,11.249749
"2010-07-06",14.11,14.31,13.81,13.97,77154700,11.322694
"2010-07-07",13.99,14.66,13.96,14.62,91711400,11.849519
"2010-07-08",14.87,15.17,14.57,14.83,88427100,12.019724
"2010-07-09",14.95,14.99,14.75,14.95,46094200,12.116984
"2010-07-12",14.9,14.99,14.78,14.93,38390800,12.100775
"2010-07-13",15.22,15.35,15.16,15.21,57860800,12.327714
"2010-07-14",15.26,15.3,15.06,15.2,45725200,12.319609
"2010-07-15",15.16,15.28,14.88,15.25,79329000,12.360134
"2010-07-16",15,15.06,14.5,14.55,125415000,11.792784
"2010-07-19",14.64,14.74,14.47,14.62,49073000,11.849519
"2010-07-20",14.36,15.01,14.36,14.94,67279400,12.108879
"2010-07-21",15.11,15.2,14.64,14.84,65021900,12.027829
"2010-07-22",15.08,15.29,14.97,15.21,64300700,12.327714
"2010-07-23",15.21,15.85,15.03,15.71,112735300,12.732965
"2010-07-26",15.91,16.16,15.7,16.139999,80950300,13.08148
"2010-07-27",16.299999,16.57,16.1,16.18,69942100,13.1139
"2010-07-28",16.1,16.18,15.95,16.049999,52479100,13.008534
"2010-07-29",16.15,16.24,15.94,16.15,69783700,13.089585
"2010-07-30",15.92,16.24,15.91,16.120001,60130400,13.065271
"2010-08-02",16.32,16.469999,16.309999,16.41,67412000,13.300315
"2010-08-03",16.389999,16.52,16.360001,16.4,55092900,13.29221
"2010-08-04",16.41,16.51,16.370001,16.48,46124000,13.35705
"2010-08-05",16.35,16.540001,16.27,16.52,46596900,13.389471
"2010-08-06",16.32,16.450001,16.09,16.450001,58954200,13.332736
"2010-08-09",16.42,16.459999,16.299999,16.379999,39918800,13.276
"2010-08-10",16.190001,16.34,15.96,16.25,53236400,13.170635
"2010-08-11",15.98,16.030001,15.54,15.7,77164000,12.72486
"2010-08-12",15.42,15.68,15.34,15.5,58243300,12.56276
"2010-08-13",15.34,15.52,15.34,15.38,41650800,12.4655
"2010-08-16",15.29,15.49,15.15,15.46,56429600,12.53034
"2010-08-17",15.66,15.74,15.5,15.58,60908200,12.6276
"2010-08-18",15.58,15.74,15.51,15.7,42302800,12.72486
"2010-08-19",15.56,15.64,15.05,15.25,82336800,12.360134
"2010-08-20",15.18,15.18,14.89,15.03,65402900,12.181824
"2010-08-23",15.22,15.27,14.85,14.89,55581000,12.068355
"2010-08-24",14.74,14.75,14.41,14.57,89666100,11.808994
"2010-08-25",14.46,14.68,14.25,14.57,76783100,11.808994
"2010-08-26",14.66,14.81,14.44,14.5,58285300,11.752259
"2010-08-27",14.61,14.76,14.37,14.71,46473000,11.922464
"2010-08-30",14.67,14.72,14.51,14.52,36583300,11.768469
"2010-08-31",14.36,14.58,14.31,14.48,59224700,11.736049
"2010-09-01",14.73,15.1,14.6,15.01,78042700,12.165615
"2010-09-02",15.1,15.2,14.94,15.15,54433600,12.279084
"2010-09-03",15.39,15.56,15.2,15.39,64341100,12.473605
"2010-09-07",15.28,15.5,15.21,15.44,55365800,12.514129
"2010-09-08",15.39,15.79,15.32,15.7,75069900,12.72486
"2010-09-09",15.91,16,15.82,15.91,60506200,12.895065
"2010-09-10",15.96,16.08,15.81,15.98,46637800,12.9518
"2010-09-13",16.190001,16.309999,16.049999,16.25,56310500,13.170635
"2010-09-14",16.18,16.280001,16.110001,16.16,48159600,13.09769
"2010-09-15",16.07,16.469999,15.97,16.34,68556000,13.24358
"2010-09-16",16.18,16.309999,16.110001,16.23,47072000,13.251744
"2010-09-17",16.309999,16.42,16.08,16.290001,72500600,13.300735
"2010-09-20",16.27,16.6,16.23,16.549999,46091300,13.513023
"2010-09-21",16.52,16.700001,16.42,16.52,54155500,13.488529
"2010-09-22",16.51,16.67,16.4,16.5,47439900,13.472199
"2010-09-23",16.27,16.389999,16.049999,16.139999,53179800,13.17826
"2010-09-24",16.33,16.66,16.299999,16.66,85029900,13.602838
"2010-09-27",16.65,16.65,16.4,16.43,40568000,13.415044
"2010-09-28",16.43,16.52,16.139999,16.440001,53876900,13.42321
"2010-09-29",16.34,16.459999,16.24,16.360001,44123900,13.35789
"2010-09-30",16.459999,16.690001,16.15,16.25,59002500,13.268075
"2010-10-01",16.4,16.530001,16.26,16.360001,48433400,13.35789
"2010-10-04",16.309999,16.370001,16,16.1,45834600,13.145601
"2010-10-05",16.25,16.58,16.190001,16.51,62611900,13.480364
"2010-10-06",16.49,17,16.459999,16.9,74000100,13.798797
"2010-10-07",17,17.120001,16.85,17.049999,58598400,13.921272
"2010-10-08",17.129999,17.290001,17.030001,17.120001,51548400,13.978428
"2010-10-11",17.24,17.26,16.92,16.959999,52275300,13.847787
"2010-10-12",16.969999,17.299999,16.940001,17.190001,64773500,14.035582
"2010-10-13",17.299999,17.49,17.18,17.280001,60806900,14.109067
"2010-10-14",17.389999,17.389999,16.969999,17.16,57886000,14.011087
"2010-10-15",16.780001,16.790001,16.15,16.299999,205160900,13.308899
"2010-10-18",16.309999,16.34,16.1,16.25,67489100,13.268075
"2010-10-19",16.1,16.26,15.98,16.07,74162600,13.121105
"2010-10-20",16.190001,16.200001,15.88,16.049999,69654600,13.104775
"2010-10-21",16.09,16.370001,16.02,16.1,59414700,13.145601
"2010-10-22",16.110001,16.200001,16.01,16.059999,31318800,13.11294
"2010-10-25",16.26,16.32,16.059999,16.059999,53601800,13.11294
"2010-10-26",16.059999,16.32,16.030001,16.16,49392700,13.19459
"2010-10-27",16.059999,16.139999,15.99,16.110001,50623000,13.153766
"2010-10-28",16.219999,16.299999,16.030001,16.08,44263400,13.12927
"2010-10-29",16.07,16.129999,15.98,16.02,38174400,13.080281
"2010-11-01",16.09,16.18,15.88,15.95,52855400,13.023126
"2010-11-02",16,16.07,15.88,15.94,50545400,13.01496
"2010-11-03",15.96,16.1,15.88,16.059999,65760400,13.11294
"2010-11-04",16.200001,16.59,16.18,16.51,87201200,13.480364
"2010-11-05",16.52,16.860001,16.51,16.73,69827400,13.659993
"2010-11-08",16.620001,16.84,16.620001,16.709999,47818100,13.643663
"2010-11-09",16.82,16.82,16.540001,16.620001,49927700,13.570179
"2010-11-10",16.639999,16.67,16.370001,16.549999,49697700,13.513023
"2010-11-11",16.440001,16.52,16.219999,16.35,46617600,13.349725
"2010-11-12",16.25,16.389999,16.110001,16.25,48319000,13.268075
"2010-11-15",16.23,16.43,16.18,16.200001,39185900,13.227251
"2010-11-16",16.139999,16.16,15.76,15.86,73949100,12.949641
"2010-11-17",15.87,15.92,15.76,15.81,36296500,12.908816
"2010-11-18",16,16.200001,16,16.040001,50090500,13.096611
"2010-11-19",16.059999,16.23,15.95,16.219999,49262500,13.243579
"2010-11-22",16.139999,16.139999,15.78,16.030001,65706700,13.088446
"2010-11-23",15.83,15.89,15.63,15.76,55949000,12.867991
"2010-11-24",15.81,15.98,15.78,15.94,42404100,13.01496
"2010-11-26",15.78,15.88,15.75,15.8,17440100,12.900651
"2010-11-29",15.73,16.049999,15.68,15.97,56507800,13.039456
"2010-11-30",15.75,15.95,15.72,15.83,53884800,12.925146
"2010-12-01",16.030001,16.299999,16.030001,16.299999,68945200,13.308899
"2010-12-02",16.290001,16.68,16.280001,16.68,80788100,13.619169
"2010-12-03",16.49,16.799999,16.459999,16.780001,50259400,13.700819
"2010-12-06",16.700001,16.860001,16.629999,16.700001,58776400,13.635499
"2010-12-07",16.92,17.280001,16.879999,17.030001,96459900,13.904943
"2010-12-08",17.01,17.129999,16.860001,17.040001,47551200,13.913108
"2010-12-09",17.209999,17.23,17.059999,17.129999,39089700,13.986591
"2010-12-10",17.219999,17.879999,17.200001,17.719999,125890700,14.468325
"2010-12-13",17.889999,17.9,17.549999,17.620001,67875600,14.386676
"2010-12-14",17.66,17.9,17.58,17.690001,76366600,14.443831
"2010-12-15",17.639999,17.709999,17.370001,17.49,70749600,14.280531
"2010-12-16",17.530001,17.870001,17.469999,17.77,53915300,14.50915
"2010-12-17",17.73,17.77,17.57,17.700001,65250600,14.451996
"2010-12-20",17.77,17.799999,17.65,17.700001,40548600,14.451996
"2010-12-21",17.780001,18,17.74,17.9,41837000,14.615294
"2010-12-22",17.83,18.08,17.82,18.059999,42977200,14.862174
"2010-12-23",18,18.15,17.98,18.040001,30958900,14.845717
"2010-12-27",17.92,18.23,17.92,18.190001,33318000,14.969156
"2010-12-28",18.209999,18.41,18.16,18.32,47724000,15.076137
"2010-12-29",18.370001,18.49,18.26,18.27,34569300,15.034991
"2010-12-30",18.280001,18.35,18.16,18.190001,28894300,14.969156
"2010-12-31",18.15,18.35,18.129999,18.290001,27074100,15.05145
"2011-01-03",18.49,18.5,18.219999,18.280001,52828200,15.04322
"2011-01-04",18.34,18.610001,18.120001,18.610001,79019500,15.314788
"2011-01-05",18.52,18.719999,18.42,18.639999,51322400,15.339475
"2011-01-06",18.690001,18.719999,18.42,18.559999,39640100,15.273641
"2011-01-07",18.58,18.66,18.200001,18.43,57336500,15.16666
"2011-01-10",18.610001,18.75,18.459999,18.51,62996500,15.232495
"2011-01-11",18.709999,18.809999,18.58,18.629999,46593300,15.331246
"2011-01-12",18.57,18.73,18.48,18.67,61213300,15.364164
"2011-01-13",18.73,18.799999,18.559999,18.6,44802900,15.306559
"2011-01-14",18.610001,18.84,18.549999,18.82,42235700,15.487604
"2011-01-18",18.98,18.99,18.559999,18.6,70505900,15.306559
"2011-01-19",18.610001,18.639999,18.190001,18.33,82190100,15.084367
"2011-01-20",18.459999,18.59,18.17,18.43,67732800,15.16666
"2011-01-21",19.309999,19.969999,19.25,19.74,229080200,16.244702
"2011-01-24",19.93,20.120001,19.74,20.040001,98547300,16.491583
"2011-01-25",19.98,20.280001,19.799999,19.98,100987100,16.442206
"2011-01-26",20.18,20.200001,19.92,19.92,67753600,16.392831
"2011-01-27",19.959999,20.33,19.9,20.280001,67840600,16.689087
"2011-01-28",20.389999,20.74,20.120001,20.200001,102189700,16.623252
"2011-01-31",20.129999,20.290001,20.1,20.139999,51723400,16.573875
"2011-02-01",20.379999,20.9,20.299999,20.799999,68304300,17.117011
"2011-02-02",20.84,20.959999,20.65,20.709999,42276300,17.042947
"2011-02-03",20.65,20.77,20.42,20.75,41117700,17.075865
"2011-02-04",20.790001,20.799999,20.4,20.559999,43108100,16.919507
"2011-02-07",20.77,21,20.73,20.870001,45386900,17.174618
"2011-02-08",20.959999,21.309999,20.91,21.280001,54940300,17.51202
"2011-02-09",21.299999,21.43,21.059999,21.309999,61056600,17.536707
"2011-02-10",21.17,21.309999,20.940001,21.27,50215400,17.503791
"2011-02-11",21.040001,21.440001,21.030001,21.33,40655400,17.553166
"2011-02-14",21.51,21.65,21.450001,21.5,43403200,17.693065
"2011-02-15",21.450001,21.49,21.24,21.459999,39619000,17.660147
"2011-02-16",21.42,21.49,21.25,21.440001,39009500,17.643689
"2011-02-17",21.280001,21.58,21.26,21.52,36657900,17.709524
"2011-02-18",21.540001,21.6,21.299999,21.440001,45484200,17.643689
"2011-02-22",20.879999,21.209999,20.66,20.82,72520300,17.13347
"2011-02-23",20.52,20.690001,20.08,20.370001,84940300,16.763151
"2011-02-24",20.120001,20.65,20.1,20.58,65330200,17.05317
"2011-02-25",20.709999,20.879999,20.5,20.82,45687200,17.252041
"2011-02-28",20.950001,21.07,20.82,20.92,42652700,17.334904
"2011-03-01",21.120001,21.17,20.24,20.25,61993100,16.779723
"2011-03-02",20.18,20.639999,20.16,20.32,49105000,16.837727
"2011-03-03",20.879999,20.93,20.700001,20.75,46217400,17.194037
"2011-03-04",20.85,20.860001,20.190001,20.370001,61144400,16.879159
"2011-03-07",20.4,20.59,20.01,20.379999,66376800,16.887444
"2011-03-08",20.43,20.790001,20.26,20.629999,50341600,17.094601
"2011-03-09",20.58,20.709999,20.299999,20.629999,49719800,17.094601
"2011-03-10",20.26,20.530001,20.030001,20.1,80762600,16.655429
"2011-03-11",19.950001,20.48,19.940001,20.360001,56137100,16.870873
"2011-03-14",19.959999,20.09,19.450001,19.92,91174400,16.506276
"2011-03-15",18.84,19.76,18.6,19.610001,133519100,16.249402
"2011-03-16",19.379999,19.51,18.709999,18.950001,132048700,15.702507
"2011-03-17",19.27,19.629999,19.059999,19.219999,83550600,15.926235
"2011-03-18",19.639999,19.75,19.219999,19.25,79966100,15.951095
"2011-03-21",19.68,19.799999,19.549999,19.719999,53008400,16.34055
"2011-03-22",19.77,19.77,19.469999,19.49,46497100,16.149965
"2011-03-23",19.450001,19.559999,19.25,19.530001,44283900,16.183111
"2011-03-24",19.68,19.799999,19.48,19.780001,43792700,16.390268
"2011-03-25",19.85,19.93,19.690001,19.75,40071500,16.365409
"2011-03-28",19.809999,19.879999,19.66,19.75,35446300,16.365409
"2011-03-29",19.66,19.91,19.530001,19.860001,36038700,16.456559
"2011-03-30",19.98,20.280001,19.93,20.110001,46951900,16.663716
"2011-03-31",20.08,20.15,19.959999,20.049999,40940200,16.613997
"2011-04-01",20.139999,20.5,20.120001,20.34,48400000,16.8543
"2011-04-04",20.73,20.75,20.440001,20.530001,45418200,17.01174
"2011-04-05",20.48,20.629999,20.299999,20.33,41566800,16.846013
"2011-04-06",20.57,20.620001,20.370001,20.549999,50881300,17.028311
"2011-04-07",20.49,20.5,20.190001,20.35,52143500,16.862586
"2011-04-08",20.49,20.52,20.07,20.190001,48510400,16.730006
"2011-04-11",20.24,20.370001,20.08,20.18,29291200,16.721719
"2011-04-12",20.02,20.16,19.799999,20.01,48751300,16.580853
"2011-04-13",20.049999,20.110001,19.870001,19.940001,40049000,16.522849
"2011-04-14",19.85,20.08,19.6,20,43989000,16.572566
"2011-04-15",20.049999,20.299999,19.99,20.040001,50138700,16.605712
"2011-04-18",19.77,20,19.51,19.98,63596100,16.555993
"2011-04-19",19.99,20.34,19.93,20.27,63496100,16.796296
"2011-04-20",20.52,20.540001,20.280001,20.4,55587400,16.904017
"2011-04-21",20.780001,20.799999,19.73,19.950001,121690100,16.531135
"2011-04-25",20.139999,20.15,19.889999,19.889999,55752100,16.481416
"2011-04-26",20.040001,20.33,20,20.1,52508200,16.655429
"2011-04-27",20.190001,20.85,20.15,20.65,88328000,17.111174
"2011-04-28",20.690001,20.77,20.469999,20.6,42110500,17.069743
"2011-04-29",20.719999,20.74,20.4,20.450001,41487900,16.945449
"2011-05-02",20.700001,20.709999,20.43,20.48,36122600,16.970307
"2011-05-03",20.360001,20.65,20.35,20.639999,40067700,17.102888
"2011-05-04",20.559999,20.66,20.15,20.27,57890700,16.796296
"2011-05-05",20.23,20.299999,19.809999,19.9,57273500,16.489703
"2011-05-06",20.190001,20.25,19.950001,20.01,43648000,16.580853
"2011-05-09",19.969999,20.110001,19.9,20.07,38193600,16.63057
"2011-05-10",20.139999,20.42,20.120001,20.299999,38180800,16.821154
"2011-05-11",20.209999,20.41,20,20.09,38489000,16.647143
"2011-05-12",20,20.18,19.9,20.139999,38329400,16.688573
"2011-05-13",20.120001,20.139999,19.76,19.889999,42200000,16.481416
"2011-05-16",19.85,19.99,19.68,19.76,45796700,16.373695
"2011-05-17",19.620001,19.73,19.459999,19.59,47528800,16.232829
"2011-05-18",19.59,19.870001,19.41,19.76,46121100,16.373695
"2011-05-19",19.870001,20.049999,19.84,19.959999,42815300,16.53942
"2011-05-20",19.93,19.940001,19.58,19.620001,45530600,16.257688
"2011-05-23",19.32,19.48,19.129999,19.389999,39020600,16.067102
"2011-05-24",19.43,19.52,19.049999,19.1,45704600,15.826801
"2011-05-25",19,19.360001,18.969999,19.219999,43028200,15.926235
"2011-05-26",19.129999,19.49,19.129999,19.42,41607600,16.091962
"2011-05-27",19.49,19.58,19.42,19.440001,30223600,16.108535
"2011-05-31",19.68,19.719999,19.48,19.639999,53175000,16.274259
"2011-06-01",19.469999,19.6,19.1,19.129999,65012000,15.851659
"2011-06-02",19.16,19.280001,18.940001,19.09,40259000,15.818514
"2011-06-03",18.83,18.99,18.75,18.82,49105600,15.594784
"2011-06-06",18.709999,18.799999,18.389999,18.459999,60470300,15.296478
"2011-06-07",18.540001,18.700001,18.469999,18.48,52893600,15.313051
"2011-06-08",18.49,18.67,18.4,18.51,52213200,15.33791
"2011-06-09",18.549999,18.76,18.49,18.58,39389600,15.395914
"2011-06-10",18.51,18.52,18.139999,18.32,55838300,15.18047
"2011-06-13",18.309999,18.52,18.219999,18.389999,42451600,15.238474
"2011-06-14",18.530001,18.75,18.5,18.6,49358900,15.412487
"2011-06-15",18.469999,18.67,18.32,18.389999,58463500,15.238474
"2011-06-16",18.209999,18.610001,18.200001,18.440001,55083800,15.405564
"2011-06-17",18.629999,18.690001,18.34,18.49,56448100,15.447336
"2011-06-20",18.34,18.559999,18.299999,18.48,38897300,15.438981
"2011-06-21",18.6,18.940001,18.559999,18.809999,58789300,15.714677
"2011-06-22",18.690001,18.809999,18.559999,18.559999,48077400,15.505816
"2011-06-23",18.34,18.389999,18.01,18.379999,69354500,15.355437
"2011-06-24",18.42,18.43,17.969999,17.969999,80824300,15.012905
"2011-06-27",18.01,18.42,18,18.280001,46444800,15.271894
"2011-06-28",18.33,18.440001,18.16,18.440001,38698400,15.405564
"2011-06-29",18.540001,18.610001,18.4,18.559999,38788100,15.505816
"2011-06-30",18.59,18.9,18.559999,18.860001,45039400,15.75645
"2011-07-01",18.860001,19.26,18.75,19.200001,55868500,16.040501
"2011-07-05",19.219999,19.25,18.91,19.040001,41903800,15.90683
"2011-07-06",18.969999,19.1,18.959999,19.049999,31582100,15.915183
"2011-07-07",19.23,19.450001,19.139999,19.299999,44970100,16.124044
"2011-07-08",19.08,19.1,18.85,18.99,54652200,15.865057
"2011-07-11",18.719999,18.780001,18.5,18.629999,46550900,15.564297
"2011-07-12",18.43,18.66,18.379999,18.379999,47154100,15.355437
"2011-07-13",18.530001,18.83,18.5,18.51,57145900,15.464045
"2011-07-14",18.65,18.799999,18.469999,18.530001,43745500,15.480754
"2011-07-15",18.549999,18.68,18.290001,18.41,50540700,15.3805
"2011-07-18",18.33,18.389999,18.16,18.290001,39556500,15.280248
"2011-07-19",18.4,18.639999,18.35,18.58,45677700,15.522526
"2011-07-20",18.75,18.91,18.6,18.790001,48555100,15.69797
"2011-07-21",18.98,19.280001,18.860001,19.16,67141700,16.007082
"2011-07-22",19.43,19.530001,18.950001,19.040001,82155400,15.90683
"2011-07-25",18.969999,19.139999,18.85,18.959999,43817900,15.839993
"2011-07-26",19,19.040001,18.5,18.559999,68353200,15.505816
"2011-07-27",18.469999,18.51,18.049999,18.110001,78142300,15.129868
"2011-07-28",18.139999,18.459999,18.09,18.110001,48680000,15.129868
"2011-07-29",17.99,18.110001,17.780001,17.91,70156400,14.962779
"2011-08-01",18.389999,18.42,17.68,17.969999,69100600,15.012905
"2011-08-02",17.74,17.879999,17.16,17.209999,96869900,14.377968
"2011-08-03",17.25,17.5,17.059999,17.469999,86173900,14.595184
"2011-08-04",17.190001,17.27,16.42,16.469999,128116500,13.759741
"2011-08-05",16.66,16.950001,16.1,16.51,124296300,13.79316
"2011-08-08",15.67,16.129999,15.3,15.43,173633800,12.890881
"2011-08-09",15.59,15.96,14.82,15.96,198450900,13.333666
"2011-08-10",15.85,15.89,15.01,15.09,134801200,12.606831
"2011-08-11",15.15,15.92,15,15.68,131813100,13.099742
"2011-08-12",16.040001,16.120001,15.79,15.88,74802300,13.266831
"2011-08-15",16.17,16.41,16.08,16.389999,65282900,13.692906
"2011-08-16",16.24,16.27,15.95,16.15,59329200,13.4924
"2011-08-17",16.299999,16.540001,16.08,16.23,50792600,13.559235
"2011-08-18",15.74,15.78,15.2,15.34,118394000,12.815691
"2011-08-19",15.1,15.61,15.03,15.09,79700900,12.606831
"2011-08-22",15.55,15.55,15.05,15.11,69430700,12.623539
"2011-08-23",15.17,15.54,15.11,15.54,70118500,12.98278
"2011-08-24",15.48,15.75,15.42,15.72,65400300,13.13316
"2011-08-25",15.94,16.049999,15.34,15.45,67825000,12.90759
"2011-08-26",15.4,15.68,15.1,15.54,62364800,12.98278
"2011-08-29",15.79,16.059999,15.75,16.040001,47760700,13.400502
"2011-08-30",15.95,16.24,15.75,16.120001,48557100,13.467337
"2011-08-31",16.24,16.49,16.16,16.309999,62871400,13.62607
"2011-09-01",16.309999,16.450001,16.15,16.200001,61216700,13.534173
"2011-09-02",15.85,15.92,15.55,15.76,61743900,13.166577
"2011-09-06",15.25,15.29,15,15.25,97466600,12.740502
"2011-09-07",15.5,15.85,15.44,15.8,60239400,13.199995
"2011-09-08",15.69,15.83,15.49,15.59,117920800,13.024552
"2011-09-09",15.38,15.46,15.03,15.09,144441000,12.606831
"2011-09-12",15.01,15.29,14.72,15.01,169797200,12.539995
"2011-09-13",15.02,15.46,14.86,15.41,83300700,12.874172
"2011-09-14",15.48,16.040001,15.2,15.79,91340600,13.191641
"2011-09-15",15.9,16.1,15.84,16.08,67326400,13.56276
"2011-09-16",16.219999,16.4,16.07,16.33,89205000,13.773624
"2011-09-19",15.98,16.27,15.87,16.18,54153600,13.647106
"2011-09-20",16.25,16.450001,16.040001,16.040001,56235500,13.529023
"2011-09-21",15.97,16.07,15.36,15.38,74360800,12.972342
"2011-09-22",14.96,15.22,14.82,15.04,113698400,12.685567
"2011-09-23",14.9,15.25,14.86,15.21,65513500,12.828954
"2011-09-26",15.4,15.62,15.07,15.57,93900700,13.132598
"2011-09-27",15.81,16.07,15.67,15.76,80391600,13.292855
"2011-09-28",15.75,16,15.42,15.45,57403100,13.031384
"2011-09-29",15.82,15.95,15.5,15.86,60693300,13.3772
"2011-09-30",15.65,15.73,15.19,15.22,75779600,12.837389
"2011-10-03",15.1,15.39,14.68,14.69,92701600,12.390357
"2011-10-04",14.49,14.91,14.02,14.86,1.12e+08,12.533745
"2011-10-05",14.94,15.33,14.75,15.27,79536800,12.879562
"2011-10-06",15.27,15.54,14.96,15.53,64943200,13.09886
"2011-10-07",15.7,15.74,15.24,15.5,65569100,13.073556
"2011-10-10",15.79,16.139999,15.76,16.139999,56216400,13.613367
"2011-10-11",15.98,16.219999,15.96,16.139999,45999500,13.613367
"2011-10-12",16.25,16.58,16.25,16.4,61755100,13.832666
"2011-10-13",16.23,16.309999,16.02,16.219999,46136100,13.680844
"2011-10-14",16.42,16.65,16.4,16.6,45134200,14.001358
"2011-10-17",16.49,16.6,16.190001,16.23,46868400,13.689278
"2011-10-18",16.25,16.98,16.24,16.709999,65453400,14.094137
"2011-10-19",16.709999,16.870001,16.41,16.52,51899200,13.933881
"2011-10-20",16.57,16.799999,16.33,16.629999,55091400,14.02666
"2011-10-21",16.370001,16.530001,16.129999,16.309999,113734400,13.756755
"2011-10-24",16.370001,16.690001,16.32,16.450001,67044200,13.87484
"2011-10-25",16.459999,16.49,16.049999,16.219999,82360800,13.680844
"2011-10-26",16.41,16.51,16.219999,16.35,66600600,13.790494
"2011-10-27",16.959999,17.5,16.809999,17.370001,110480000,14.650818
"2011-10-28",17.190001,17.34,17.110001,17.25,57771700,14.549603
"2011-10-31",16.98,17.01,16.700001,16.709999,49913000,14.094137
"2011-11-01",16.129999,16.35,15.97,16.02,89755300,13.512154
"2011-11-02",16.370001,16.52,16.16,16.25,48153200,13.706148
"2011-11-03",16.52,16.690001,16.360001,16.67,54877700,14.060399
"2011-11-04",16.549999,16.559999,16.23,16.389999,41678500,13.824231
"2011-11-07",16.370001,16.43,16.110001,16.389999,41215300,13.824231
"2011-11-08",16.440001,16.49,16.26,16.48,53898500,13.900142
"2011-11-09",16.15,16.190001,15.75,15.85,78632100,13.368766
"2011-11-10",16.08,16.190001,15.97,16.059999,59274100,13.545891
"2011-11-11",16.24,16.469999,16.23,16.299999,50218600,13.74832
"2011-11-14",16.219999,16.280001,16.02,16.1,40151400,13.57963
"2011-11-15",16.030001,16.32,16.030001,16.200001,39776400,13.663976
"2011-11-16",16.07,16.25,15.92,15.95,52940400,13.453111
"2011-11-17",15.98,16.049999,15.5,15.64,67472900,13.19164
"2011-11-18",15.77,15.85,15.62,15.65,46838700,13.200074
"2011-11-21",15.48,15.49,15.2,15.24,67270300,12.854258
"2011-11-22",15.29,15.29,14.98,14.99,74944700,12.643394
"2011-11-23",14.91,14.95,14.72,14.73,66930300,12.424096
"2011-11-25",14.76,15.02,14.7,14.7,23163700,12.398792
"2011-11-28",15.23,15.25,14.68,14.8,77629600,12.483138
"2011-11-29",14.91,15.15,14.82,14.92,80462600,12.584352
"2011-11-30",15.31,15.91,15.26,15.91,98619800,13.419373
"2011-12-01",15.89,16,15.73,15.91,58202800,13.419373
"2011-12-02",16.040001,16.299999,16.040001,16.09,68436300,13.571195
"2011-12-05",16.35,16.5,16.18,16.33,61585000,13.773624
"2011-12-06",16.5,16.92,16.469999,16.719999,83017300,14.102571
"2011-12-07",16.68,16.83,16.530001,16.74,65315800,14.119441
"2011-12-08",16.58,16.65,16.25,16.309999,79725100,13.756755
"2011-12-09",16.379999,16.98,16.360001,16.84,85738000,14.203787
"2011-12-12",16.709999,16.860001,16.32,16.459999,179405500,13.883273
"2011-12-13",16.559999,16.719999,16.299999,16.42,73866400,13.849535
"2011-12-14",16.34,16.77,16.299999,16.610001,89088200,14.009792
"2011-12-15",16.82,16.870001,16.59,16.790001,61429400,14.161615
"2011-12-16",16.940001,17.09,16.91,17.01,96488000,14.347174
"2011-12-19",16.969999,17.1,16.790001,16.860001,66302900,14.220656
"2011-12-20",17.049999,17.389999,17.040001,17.280001,61471300,14.574907
"2011-12-21",17.32,17.77,17.15,17.690001,80282600,14.920724
"2011-12-22",17.700001,18.139999,17.65,18.049999,95632600,15.372091
"2011-12-23",18.02,18.280001,17.950001,18.23,47090200,15.525387
"2011-12-27",18.18,18.200001,18.01,18.01,42257500,15.338027
"2011-12-28",18,18.02,17.719999,17.83,39272600,15.184731
"2011-12-29",17.809999,18.120001,17.790001,18.07,43267000,15.389125
"2011-12-30",18.030001,18.08,17.879999,17.91,31407800,15.252862
"2012-01-03",18.23,18.5,18.23,18.360001,58706600,15.636101
"2012-01-04",18.309999,18.6,18.280001,18.559999,42754700,15.806428
"2012-01-05",18.459999,18.6,18.290001,18.549999,45819200,15.797911
"2012-01-06",18.73,18.790001,18.559999,18.65,51069400,15.883075
"2012-01-09",18.74,18.879999,18.559999,18.860001,46987400,16.061921
"2012-01-10",19.01,19.049999,18.620001,18.719999,59344400,15.94269
"2012-01-11",18.549999,18.950001,18.5,18.879999,47868300,16.078952
"2012-01-12",18.959999,19,18.76,18.93,38957800,16.121535
"2012-01-13",18.780001,18.84,18.6,18.84,42037300,16.044887
"2012-01-17",18.99,19.1,18.68,18.74,49206800,15.959723
"2012-01-18",18.58,19.049999,18.559999,19.02,52912600,16.198183
"2012-01-19",19.030001,19.190001,18.93,19.15,53907600,16.308895
"2012-01-20",18.809999,19.200001,18.68,19.15,92432300,16.308895
"2012-01-23",19.09,19.24,18.9,18.940001,50584600,16.130052
"2012-01-24",18.84,18.860001,18.75,18.84,39736700,16.044887
"2012-01-25",18.83,19.16,18.790001,19.129999,51250200,16.291862
"2012-01-26",19.26,19.27,18.98,19.07,42493500,16.240764
"2012-01-27",19,19.129999,18.92,19.030001,32611800,16.206699
"2012-01-30",18.83,18.93,18.700001,18.9,37731100,16.095985
"2012-01-31",18.98,19.01,18.690001,18.709999,46240600,15.934173
"2012-02-01",18.940001,19.059999,18.75,18.77,52016900,15.985273
"2012-02-02",18.85,18.93,18.700001,18.75,37813000,15.96824
"2012-02-03",19,19.1,18.92,19.02,44877800,16.198183
"2012-02-06",18.99,19.15,18.950001,19.049999,42735600,16.223731
"2012-02-07",19.02,19.200001,18.91,19.18,36040900,16.334445
"2012-02-08",19.190001,19.309999,19.08,19.24,33680800,16.385543
"2012-02-09",19.309999,19.35,19.110001,19.129999,44183500,16.291862
"2012-02-10",18.99,19.01,18.77,18.879999,109544800,16.078952
"2012-02-13",19.030001,19.08,18.9,19.07,104299100,16.240764
"2012-02-14",18.93,19.09,18.799999,18.940001,39229400,16.130052
"2012-02-15",19.01,19.02,18.700001,18.76,41438800,15.976756
"2012-02-16",18.860001,19.030001,18.799999,19.01,40510700,16.189666
"2012-02-17",19.18,19.32,19.110001,19.280001,58076800,16.419609
"2012-02-21",19.42,19.5,19.32,19.41,41924200,16.530322
"2012-02-22",19.43,19.469999,19.18,19.389999,40878800,16.513288
"2012-02-23",19.07,19.370001,19,19.309999,45628400,16.590614
"2012-02-24",19.360001,19.370001,19.139999,19.24,23924800,16.530472
"2012-02-27",19.02,19.16,18.98,19.07,37521900,16.384413
"2012-02-28",19.120001,19.190001,18.99,19.16,35022700,16.461739
"2012-02-29",19.18,19.25,19.01,19.049999,44658100,16.367229
"2012-03-01",19.15,19.190001,19.030001,19.120001,37334400,16.427373
"2012-03-02",19.139999,19.139999,18.9,18.969999,36230500,16.298495
"2012-03-05",18.950001,18.98,18.73,18.85,35572600,16.195396
"2012-03-06",18.6,18.610001,18.32,18.42,56249000,15.825951
"2012-03-07",18.58,18.85,18.549999,18.77,54451200,16.126662
"2012-03-08",18.98,19.09,18.92,19.030001,35984900,16.350047
"2012-03-09",19.02,19.18,18.92,19.040001,37479800,16.358639
"2012-03-12",19.09,19.190001,19.040001,19.129999,35349400,16.435963
"2012-03-13",19.200001,19.66,19.09,19.59,63925200,16.831183
"2012-03-14",19.629999,19.889999,19.58,19.790001,71352600,17.003018
"2012-03-15",19.870001,20.200001,19.860001,20.16,76328200,17.320911
"2012-03-16",20.26,20.299999,20.01,20.200001,79237400,17.355278
"2012-03-19",20.08,20.360001,20.059999,20.209999,42727200,17.363869
"2012-03-20",20.02,20.209999,19.98,20.07,47535600,17.243585
"2012-03-21",20.16,20.32,20.040001,20.07,51101600,17.243585
"2012-03-22",19.950001,19.959999,19.690001,19.85,50758900,17.054568
"2012-03-23",19.790001,19.91,19.700001,19.780001,34212300,16.994426
"2012-03-26",19.98,20.110001,19.92,20.049999,42963600,17.226401
"2012-03-27",20.120001,20.139999,20.01,20.040001,38321000,17.217811
"2012-03-28",20.02,21,19.77,20.01,55431200,17.192035
"2012-03-29",19.82,19.969999,19.709999,19.950001,40663100,17.140485
"2012-03-30",20.07,20.129999,19.950001,20.07,40966700,17.243585
"2012-04-02",20.030001,20.110001,19.9,20.02,44169100,17.200627
"2012-04-03",19.969999,20.02,19.799999,19.959999,43797800,17.149076
"2012-04-04",19.65,19.809999,19.620001,19.74,43693100,16.960058
"2012-04-05",19.610001,19.709999,19.459999,19.49,39963800,16.745265
"2012-04-09",19.1,19.27,19.07,19.200001,36361300,16.496106
"2012-04-10",19.120001,19.129999,18.700001,18.74,54450400,16.100886
"2012-04-11",19.02,19.15,18.98,19.01,37828100,16.332863
"2012-04-12",19.01,19.32,18.959999,19.299999,28215500,16.582022
"2012-04-13",19.18,19.18,18.860001,18.879999,40312700,16.22117
"2012-04-16",18.98,19.129999,18.85,18.9,30059900,16.238354
"2012-04-17",19.030001,19.360001,18.92,19.34,35520200,16.61639
"2012-04-18",19.23,19.34,19.040001,19.1,33331400,16.410189
"2012-04-19",19.17,19.25,18.969999,19.139999,52169000,16.444555
"2012-04-20",19.43,19.639999,19.25,19.360001,67930300,16.633574
"2012-04-23",19.059999,19.120001,18.940001,19.07,52042900,16.384413
"2012-04-24",19.190001,19.6,19.110001,19.540001,49566300,16.788225
"2012-04-25",19.77,19.809999,19.42,19.450001,48348500,16.710899
"2012-04-26",19.43,19.709999,19.4,19.620001,34585100,16.856959
"2012-04-27",19.690001,19.870001,19.6,19.780001,37395600,16.994426
"2012-04-30",19.68,19.719999,19.440001,19.58,32875200,16.822591
"2012-05-01",19.58,19.950001,19.459999,19.799999,35001200,17.011608
"2012-05-02",19.719999,19.780001,19.52,19.77,33665400,16.985834
"2012-05-03",19.799999,19.799999,19.57,19.610001,24201100,16.848367
"2012-05-04",19.559999,19.59,19.25,19.34,34799000,16.61639
"2012-05-07",19.15,19.48,19.139999,19.32,35751000,16.599206
"2012-05-08",19.23,19.33,19.02,19.25,40295400,16.539064
"2012-05-09",19,19.040001,18.74,18.91,61703600,16.246946
"2012-05-10",19.120001,19.23,19.01,19.09,35334500,16.401597
"2012-05-11",18.92,19.27,18.91,19.01,26285200,16.332863
"2012-05-14",18.82,18.84,18.549999,18.6,46978300,15.980603
"2012-05-15",18.549999,18.67,18.32,18.4,47564600,15.808768
"2012-05-16",18.889999,19.26,18.709999,19,85013500,16.324271
"2012-05-17",18.950001,19.129999,18.870001,18.879999,52158100,16.22117
"2012-05-18",18.950001,19.16,18.85,18.950001,61137200,16.281313
"2012-05-21",18.99,19.190001,18.950001,19.120001,38606600,16.427373
"2012-05-22",19.16,19.290001,19.059999,19.18,47187700,16.478922
"2012-05-23",19.120001,19.209999,18.75,19.18,63500000,16.478922
"2012-05-24",19.15,19.389999,19.02,19.25,41881400,16.539064
"2012-05-25",19.290001,19.42,19.120001,19.200001,26847600,16.496106
"2012-05-29",19.290001,19.43,19.200001,19.35,35631900,16.624982
"2012-05-30",19.190001,19.200001,18.99,19.040001,41837800,16.358639
"2012-05-31",19.01,19.219999,18.870001,19.09,49032600,16.401597
"2012-06-01",18.82,18.99,18.41,18.540001,60939500,15.929053
"2012-06-04",18.440001,18.51,18.049999,18.15,66592500,15.593974
"2012-06-05",18.08,18.299999,18.02,18.24,38441700,15.6713
"2012-06-06",18.389999,18.879999,18.309999,18.879999,42885200,16.22117
"2012-06-07",19.09,19.200001,18.9,19,139352500,16.324271
"2012-06-08",18.98,19.25,18.9,19.200001,107933500,16.496106
"2012-06-11",19.35,19.43,19.07,19.110001,51450900,16.418781
"2012-06-12",19.16,19.48,19.09,19.48,47101300,16.736673
"2012-06-13",19.25,19.540001,19.200001,19.370001,40217500,16.642166
"2012-06-14",19.360001,19.77,19.24,19.719999,62338600,16.942875
"2012-06-15",19.870001,20,19.75,20,59794200,17.231503
"2012-06-18",19.879999,19.98,19.75,19.75,41970000,17.016109
"2012-06-19",19.870001,20.139999,19.85,20,43182200,17.231503
"2012-06-20",20,20.15,19.85,20.1,46737700,17.31766
"2012-06-21",19.99,20.07,19.459999,19.530001,60929300,16.970091
"2012-06-22",19.68,19.91,19.51,19.809999,51384500,17.213389
"2012-06-25",19.48,19.6,19.290001,19.52,44663800,16.961402
"2012-06-26",19.540001,19.9,19.51,19.799999,58736000,17.2047
"2012-06-27",19.91,20.190001,19.889999,20.129999,53791900,17.491445
"2012-06-28",19.92,20.200001,19.870001,20.200001,56870000,17.552271
"2012-06-29",20.42,20.84,20.42,20.84,73022200,18.108382
"2012-07-02",20.74,20.82,20.280001,20.49,61711900,17.804258
"2012-07-03",20.379999,20.5,20.33,20.43,21247400,17.752123
"2012-07-05",20.34,20.48,20.290001,20.33,29047400,17.66523
"2012-07-06",20.16,20.26,19.950001,20,56250900,17.378485
"2012-07-09",19.99,20.040001,19.91,20.040001,32978200,17.413243
"2012-07-10",20.040001,20.07,19.5,19.620001,54590600,17.048295
"2012-07-11",19.68,19.790001,19.540001,19.68,42764700,17.10043
"2012-07-12",19.5,19.639999,19.360001,19.440001,50188200,16.891888
"2012-07-13",19.51,19.870001,19.459999,19.77,32421400,17.178633
"2012-07-16",19.51,19.610001,19.43,19.59,35770700,17.022226
"2012-07-17",19.639999,19.85,19.43,19.719999,51954000,17.135186
"2012-07-18",19.65,19.860001,19.59,19.84,39285100,17.239457
"2012-07-19",19.940001,19.940001,19.639999,19.799999,41939000,17.2047
"2012-07-20",19.889999,20.370001,19.450001,19.870001,116062500,17.265526
"2012-07-23",19.559999,20.129999,19.52,20.09,61493400,17.456689
"2012-07-24",20.059999,20.09,19.74,19.969999,54891100,17.352417
"2012-07-25",20.059999,20.16,19.98,20,42587700,17.378485
"2012-07-26",20.200001,20.700001,20.16,20.559999,57275600,17.865082
"2012-07-27",20.629999,21,20.559999,20.92,80268300,18.177896
"2012-07-30",20.790001,20.91,20.690001,20.799999,44993600,18.073624
"2012-07-31",20.75,20.889999,20.75,20.75,38328400,18.030178
"2012-08-01",20.860001,20.950001,20.709999,20.73,35734300,18.0128
"2012-08-02",20.52,20.700001,20.200001,20.52,44000400,17.830326
"2012-08-03",20.82,21,20.77,20.959999,37891500,18.212652
"2012-08-06",20.969999,21.18,20.9,20.969999,34159500,18.221341
"2012-08-07",21.139999,21.190001,21.09,21.120001,31115300,18.351681
"2012-08-08",21.049999,21.09,20.9,21.01,32345900,18.256099
"2012-08-09",20.940001,21.120001,20.940001,21.059999,31159700,18.299544
"2012-08-10",21,21.1,20.940001,21.1,24419100,18.334302
"2012-08-13",21.040001,21.059999,20.879999,20.99,26873600,18.23872
"2012-08-14",21.08,21.110001,20.9,20.940001,30095000,18.195274
"2012-08-15",20.860001,21.030001,20.790001,20.959999,28870100,18.212652
"2012-08-16",20.870001,21.139999,20.82,21.049999,33598000,18.290855
"2012-08-17",21.02,21.049999,20.940001,21,30032500,18.247409
"2012-08-20",20.950001,21.02,20.83,20.93,27385500,18.186585
"2012-08-21",20.969999,21.049999,20.799999,20.85,30438800,18.117071
"2012-08-22",20.77,20.870001,20.709999,20.780001,28016800,18.056247
"2012-08-23",20.74,20.790001,20.629999,20.639999,36538800,17.934596
"2012-08-24",20.59,20.9,20.549999,20.799999,29338200,18.073624
"2012-08-27",20.82,20.950001,20.790001,20.85,28775600,18.117071
"2012-08-28",20.76,20.92,20.76,20.809999,25912400,18.082313
"2012-08-29",20.82,20.950001,20.809999,20.82,19925800,18.091003
"2012-08-30",20.719999,20.780001,20.620001,20.639999,21237800,17.934596
"2012-08-31",20.76,20.83,20.610001,20.709999,29679000,17.995421
"2012-09-04",20.629999,20.690001,20.48,20.51,38173600,17.821637
"2012-09-05",20.549999,20.77,20.51,20.65,33033500,17.943286
"2012-09-06",20.870001,21.32,20.85,21.309999,53178600,18.516776
"2012-09-07",21.32,21.59,21.299999,21.59,36379800,18.760075
"2012-09-10",21.48,21.65,21.43,21.48,33672300,18.664493
"2012-09-11",21.49,21.690001,21.4,21.59,33593100,18.760075
"2012-09-12",21.67,21.93,21.66,21.889999,43006000,19.020752
"2012-09-13",21.77,22.24,21.75,22.02,111794200,19.133713
"2012-09-14",22.200001,22.370001,21.98,22.110001,100148400,19.211916
"2012-09-17",21.93,22.049999,21.9,22.049999,79283200,19.159779
"2012-09-18",21.99,22.24,21.959999,22.24,38831200,19.324875
"2012-09-19",22.299999,22.49,22.25,22.43,40462600,19.489971
"2012-09-20",22.190001,22.469999,22.120001,22.43,43677000,19.638816
"2012-09-21",22.549999,22.690001,22.459999,22.530001,66551700,19.726372
"2012-09-24",22.4,22.450001,22.299999,22.360001,36799800,19.577527
"2012-09-25",22.389999,22.67,22.299999,22.309999,47039200,19.533748
"2012-09-26",22.16,22.25,22.07,22.1,41123300,19.349881
"2012-09-27",22.24,22.860001,22.129999,22.73,67300400,19.901483
"2012-09-28",22.77,22.959999,22.620001,22.709999,70926100,19.883972
"2012-10-01",22.73,23,22.709999,22.809999,42550700,19.971528
"2012-10-02",22.93,22.99,22.709999,22.790001,45297400,19.954018
"2012-10-03",22.860001,22.98,22.719999,22.91,32929400,20.059085
"2012-10-04",22.950001,23.049999,22.77,22.950001,40344600,20.094108
"2012-10-05",23.040001,23.18,23,23.120001,38312500,20.242953
"2012-10-08",22.870001,22.99,22.85,22.92,24202200,20.06784
"2012-10-09",22.940001,22.969999,22.6,22.620001,39176000,19.805173
"2012-10-10",22.610001,22.74,22.41,22.43,32784100,19.638816
"2012-10-11",22.59,22.709999,22.48,22.51,24161800,19.708861
"2012-10-12",22.58,22.709999,22.41,22.48,32954600,19.682593
"2012-10-15",22.540001,22.700001,22.49,22.639999,29578600,19.822683
"2012-10-16",22.790001,22.879999,22.57,22.639999,35668800,19.822683
"2012-10-17",22.77,22.92,22.719999,22.91,28272500,20.059085
"2012-10-18",22.809999,23.08,22.799999,22.809999,43140700,19.971528
"2012-10-19",22.51,22.530001,21.870001,22.030001,107879900,19.288592
"2012-10-22",21.860001,21.950001,21.25,21.700001,86735100,18.999658
"2012-10-23",21.35,21.4,21.200001,21.280001,56297300,18.631922
"2012-10-24",21.43,21.459999,21.24,21.26,42295500,18.614411
"2012-10-25",21.5,21.57,21.030001,21.26,45769600,18.614411
"2012-10-26",21.190001,21.4,21.07,21.110001,42827400,18.483077
"2012-10-31",21.26,21.32,20.969999,21.059999,39179300,18.439298
"2012-11-01",21.030001,21.389999,21.02,21.34,46231300,18.684455
"2012-11-02",21.530001,21.68,21.26,21.309999,47475200,18.658188
"2012-11-05",21.200001,21.469999,21.200001,21.41,30000100,18.745744
"2012-11-06",21.51,21.780001,21.450001,21.59,32733200,18.903345
"2012-11-07",21.360001,21.52,21.07,21.129999,45253400,18.500587
"2012-11-08",21.16,21.190001,20.879999,20.889999,40770700,18.290453
"2012-11-09",20.76,21.299999,20.700001,21,40306800,18.386765
"2012-11-12",21.040001,21.139999,20.879999,20.889999,21816400,18.290453
"2012-11-13",20.6,20.950001,20.57,20.68,41073300,18.106586
"2012-11-14",20.73,20.75,19.950001,20.01,65539500,17.51996
"2012-11-15",19.9,20.23,19.9,20.059999,51760300,17.563738
"2012-11-16",20.1,20.190001,19.870001,20.15,45287500,17.642538
"2012-11-19",20.41,20.719999,20.389999,20.66,38283400,18.089074
"2012-11-20",20.67,20.690001,20.370001,20.620001,26845900,18.054053
"2012-11-21",20.700001,20.74,20.57,20.68,41020400,18.106586
"2012-11-23",20.809999,21.040001,20.73,21.040001,35456500,18.421788
"2012-11-26",20.879999,21.07,20.870001,21.059999,47741300,18.439298
"2012-11-27",21.040001,21.200001,20.85,20.870001,33001700,18.272943
"2012-11-28",20.75,21.15,20.5,21.139999,34782700,18.509343
"2012-11-29",21.24,21.360001,20.950001,21.129999,27632800,18.500587
"2012-11-30",21.139999,21.26,21.040001,21.129999,37857000,18.500587
"2012-12-03",21.18,21.23,20.799999,20.82,29981900,18.229164
"2012-12-04",20.870001,21.01,20.709999,20.860001,36817200,18.264187
"2012-12-05",20.91,21.360001,20.860001,21.23,46466500,18.588143
"2012-12-06",21.200001,21.389999,21.08,21.370001,32751200,18.710723
"2012-12-07",21.440001,21.48,21.24,21.459999,33548600,18.789522
"2012-12-10",21.43,21.5,21.360001,21.389999,27604300,18.728233
"2012-12-11",21.48,21.75,21.360001,21.51,45757200,18.833301
"2012-12-12",21.610001,21.950001,21.57,21.780001,42413600,19.069702
"2012-12-13",21.74,21.92,21.549999,21.620001,33966000,18.929613
"2012-12-14",21.610001,21.76,21.549999,21.620001,47536600,18.929613
"2012-12-17",21.690001,21.950001,21.690001,21.93,48483700,19.201036
"2012-12-18",21.85,21.91,21.41,21.690001,81119200,18.990902
"2012-12-19",21.639999,21.66,20.969999,21.01,92330700,18.395521
"2012-12-20",20.91,21.24,20.870001,21.049999,50831400,18.598737
"2012-12-21",20.84,20.99,20.559999,20.879999,80833800,18.448533
"2012-12-24",20.790001,20.959999,20.75,20.82,15097200,18.39552
"2012-12-26",20.809999,20.940001,20.709999,20.77,28557100,18.351344
"2012-12-27",20.799999,20.870001,20.42,20.690001,38330700,18.28066
"2012-12-28",20.450001,20.709999,20.43,20.440001,32403400,18.059772
"2012-12-31",20.290001,21,20.26,20.99,58785000,18.545724
"2013-01-02",21.51,21.540001,21.200001,21.34,46089500,18.854967
"2013-01-03",21.48,21.49,21.049999,21.1,48509100,18.642915
"2013-01-04",21.209999,21.26,21.120001,21.200001,29802600,18.731271
"2013-01-07",21.16,21.219999,20.959999,21.129999,32746700,18.669421
"2013-01-08",21.1,21.120001,20.68,20.9,40045500,18.466204
"2013-01-09",21.040001,21.07,20.93,20.950001,28540500,18.510383
"2013-01-10",21.040001,21.23,20.959999,21.17,33348200,18.704763
"2013-01-11",21.219999,21.24,21.02,21.129999,41839700,18.669421
"2013-01-14",21.18,21.24,21.07,21.120001,31715900,18.660587
"2013-01-15",21.040001,21.209999,21.01,21.200001,26551000,18.731271
"2013-01-16",21.15,21.200001,21.059999,21.120001,38932100,18.660587
"2013-01-17",21.219999,21.540001,21.120001,21.299999,63851700,18.819624
"2013-01-18",21.940001,22.190001,21.59,22.040001,113079400,19.473453
"2013-01-22",22.18,22.200001,21.9,22.01,55165800,19.446946
"2013-01-23",21.98,22.030001,21.75,21.940001,47228500,19.385098
"2013-01-24",21.959999,22.190001,21.950001,22.049999,46991100,19.482287
"2013-01-25",22.280001,22.309999,22.110001,22.290001,41919800,19.694341
"2013-01-28",22.440001,22.540001,22.26,22.5,49558400,19.879885
"2013-01-29",22.49,22.58,22.4,22.5,34148000,19.879885
"2013-01-30",22.52,22.549999,22.23,22.23,36200400,19.641326
"2013-01-31",22.209999,22.4,22.18,22.280001,34427700,19.685505
"2013-02-01",22.43,22.639999,22.32,22.620001,43840300,19.985912
"2013-02-04",22.41,22.49,22.280001,22.309999,35836600,19.71201
"2013-02-05",22.48,22.620001,22.450001,22.540001,30917700,19.915228
"2013-02-06",22.469999,22.5,22.309999,22.440001,42985800,19.826873
"2013-02-07",22.5,22.51,22.27,22.48,38325900,19.862214
"2013-02-08",22.5,22.559999,22.450001,22.5,24424600,19.879885
"2013-02-11",22.49,22.51,22.35,22.450001,19738700,19.835709
"2013-02-12",22.48,22.65,22.48,22.58,34297500,19.950569
"2013-02-13",23.110001,23.48,23.040001,23.389999,84926900,20.666245
"2013-02-14",23.25,23.49,23.110001,23.41,53996500,20.683916
"2013-02-15",23.48,23.549999,23.23,23.290001,39283000,20.577891
"2013-02-19",23.42,23.75,23.41,23.75,41219000,20.984324
"2013-02-20",23.709999,23.75,23.35,23.41,38107400,20.683916
"2013-02-21",23.18,23.35,23.120001,23.26,47811200,20.719548
"2013-02-22",23.35,23.450001,23.23,23.389999,27836300,20.835349
"2013-02-25",23.5,23.530001,22.809999,22.809999,51619800,20.318696
"2013-02-26",22.969999,23.15,22.91,23.049999,41316300,20.532483
"2013-02-27",23.02,23.4,23,23.370001,29676400,20.817534
"2013-02-28",23.370001,23.459999,23.200001,23.219999,39714600,20.683916
"2013-03-01",23.02,23.34,23,23.190001,41226900,20.657194
"2013-03-04",23.15,23.280001,23.030001,23.27,25457800,20.728456
"2013-03-05",23.459999,23.709999,23.440001,23.59,35728000,21.013505
"2013-03-06",23.84,23.84,23.67,23.67,31539100,21.084768
"2013-03-07",23.700001,23.83,23.67,23.68,22955700,21.093676
"2013-03-08",23.860001,23.9,23.68,23.77,28952100,21.173846
"2013-03-11",23.690001,23.75,23.450001,23.620001,34947200,21.040229
"2013-03-12",23.59,23.6,23.33,23.41,36593000,20.853165
"2013-03-13",23.440001,23.52,23.4,23.49,24152400,20.924427
"2013-03-14",23.549999,23.76,23.51,23.690001,34629800,21.102584
"2013-03-15",23.440001,23.719999,23.360001,23.440001,58857200,20.879889
"2013-03-18",23.17,23.35,23.129999,23.25,33700000,20.71064
"2013-03-19",23.299999,23.360001,23.17,23.32,36150200,20.772994
"2013-03-20",23.73,23.799999,23.33,23.459999,39254000,20.897703
"2013-03-21",23.42,23.6,23.290001,23.290001,38543900,20.746272
"2013-03-22",23.32,23.4,23.280001,23.370001,30606100,20.817534
"2013-03-25",23.450001,23.48,23.049999,23.24,41684400,20.701732
"2013-03-26",23.27,23.299999,23.01,23.120001,32353500,20.594839
"2013-03-27",23.02,23.139999,22.85,23.1,27492500,20.577023
"2013-03-28",23.139999,23.200001,22.99,23.120001,31151000,20.594839
"2013-04-01",23.030001,23.1,22.969999,23.08,27449700,20.559207
"2013-04-02",23.17,23.370001,23.1,23.34,29180100,20.79081
"2013-04-03",23.379999,23.4,22.92,23,52570300,20.487945
"2013-04-04",23.01,23.129999,22.959999,23.08,30472100,20.559207
"2013-04-05",22.799999,22.940001,22.76,22.93,31402200,20.42559
"2013-04-08",23.049999,23.120001,22.83,23.120001,30493600,20.594839
"2013-04-09",23.25,23.25,22.9,23.059999,31668200,20.541391
"2013-04-10",23.1,23.65,23.059999,23.58,39772300,21.004597
"2013-04-11",23.549999,23.719999,23.43,23.59,27084400,21.013505
"2013-04-12",23.49,23.59,23.33,23.459999,27234300,20.897703
"2013-04-15",23.280001,23.299999,22.809999,22.809999,46453800,20.318696
"2013-04-16",23.07,23.1,22.9,23.1,36016700,20.577023
"2013-04-17",22.959999,23.030001,22.65,22.76,42672900,20.274158
"2013-04-18",22.76,22.85,22.57,22.67,41170900,20.193987
"2013-04-19",21.940001,22.030001,21.610001,21.75,108837900,19.37447
"2013-04-22",21.67,21.68,21.110001,21.35,87828900,19.018158
"2013-04-23",21.549999,21.690001,21.360001,21.5,65489600,19.151775
"2013-04-24",21.690001,22.030001,21.65,21.959999,51506700,19.561533
"2013-04-25",22.209999,22.23,21.91,21.950001,41462900,19.552626
"2013-04-26",21.98,22.4,21.969999,22.209999,47012500,19.784228
"2013-04-29",22.309999,22.32,22,22.27,36531800,19.837676
"2013-04-30",22.290001,22.379999,22.209999,22.290001,34054800,19.855492
"2013-05-01",22.1,22.35,22.1,22.15,39201600,19.730781
"2013-05-02",22.25,22.32,22.15,22.32,27651500,19.882214
"2013-05-03",22.57,22.85,22.549999,22.57,45523300,20.104909
"2013-05-06",22.559999,22.639999,22.32,22.58,28563900,20.113817
"2013-05-07",22.690001,22.790001,22.620001,22.68,28211700,20.202895
"2013-05-08",22.68,23.02,22.620001,23.01,39977300,20.496853
"2013-05-09",22.99,23.1,22.690001,22.780001,29974300,20.291974
"2013-05-10",22.77,22.91,22.59,22.9,35117300,20.398866
"2013-05-13",22.860001,22.879999,22.620001,22.85,30283800,20.354328
"2013-05-14",22.85,23.07,22.809999,23.01,39592300,20.496853
"2013-05-15",23.040001,23.25,22.91,23.24,40153000,20.701732
"2013-05-16",23.1,23.35,23.1,23.27,33023300,20.728456
"2013-05-17",23.27,23.48,23.200001,23.459999,41037700,20.897703
"2013-05-20",23.459999,23.58,23.43,23.57,32884800,20.995689
"2013-05-21",23.59,23.780001,23.59,23.66,33815000,21.07586
"2013-05-22",23.780001,24.129999,23.75,23.860001,68514400,21.254016
"2013-05-23",23.52,23.75,23.450001,23.66,44383600,21.07586
"2013-05-24",23.5,23.67,23.49,23.530001,41015200,20.960059
"2013-05-28",23.77,23.84,23.58,23.6,47323000,21.022413
"2013-05-29",23.42,23.700001,23.4,23.639999,39236500,21.058044
"2013-05-30",23.58,23.76,23.5,23.6,29347100,21.022413
"2013-05-31",23.59,23.790001,23.309999,23.32,49247600,20.772994
"2013-06-03",23.370001,23.780001,23.32,23.639999,45218400,21.058044
"2013-06-04",23.59,23.76,23.41,23.66,38701300,21.07586
"2013-06-05",23.549999,23.58,23.209999,23.32,44756200,20.772994
"2013-06-06",23.25,23.389999,23.1,23.379999,42677500,20.826441
"2013-06-07",23.540001,23.950001,23.469999,23.860001,49041200,21.254016
"2013-06-10",23.879999,23.92,23.639999,23.780001,41626500,21.182754
"2013-06-11",23.49,23.690001,23.48,23.58,36183000,21.004597
"2013-06-12",23.700001,23.73,23.42,23.5,33842000,20.933335
"2013-06-13",23.450001,23.790001,23.34,23.68,34930500,21.093676
"2013-06-14",23.68,23.75,23.459999,23.52,27846000,20.951151
"2013-06-17",23.75,23.85,23.65,23.77,39278300,21.173846
"2013-06-18",23.83,24.450001,23.77,24.33,72766900,21.672682
"2013-06-19",24.200001,24.35,23.98,23.98,46082200,21.360909
"2013-06-20",23.629999,23.690001,23.200001,23.25,62733200,20.876047
"2013-06-21",23.58,23.639999,23.209999,23.360001,65025200,20.974816
"2013-06-24",23.120001,23.15,22.76,22.93,48760800,20.588721
"2013-06-25",23.17,23.25,22.940001,23.110001,36569100,20.750342
"2013-06-26",23.43,23.440001,23.02,23.25,32531700,20.876047
"2013-06-27",23.41,23.48,23.26,23.32,30867900,20.9389
"2013-06-28",23.32,23.440001,23.16,23.190001,45923200,20.822174
"2013-07-01",23.209999,23.639999,23.190001,23.34,35784800,20.956858
"2013-07-02",23.27,23.34,22.879999,22.9,47571200,20.561784
"2013-07-03",22.83,22.98,22.76,22.91,21448500,20.570763
"2013-07-05",23.17,23.24,22.950001,23.24,22688900,20.867068
"2013-07-08",23.360001,23.530001,23.27,23.32,35481100,20.9389
"2013-07-09",23.52,23.799999,23.51,23.620001,31541400,21.208269
"2013-07-10",23.719999,23.73,23.360001,23.540001,28457100,21.136437
"2013-07-11",23.91,23.959999,23.629999,23.940001,32618400,21.495595
"2013-07-12",23.99,24,23.59,23.76,33257700,21.333974
"2013-07-15",23.73,23.74,23.559999,23.629999,35853500,21.217246
"2013-07-16",23.66,23.67,23.34,23.43,38192400,21.037668
"2013-07-17",23.540001,23.610001,23.43,23.540001,26858500,21.136437
"2013-07-18",23.6,23.940001,23.559999,23.629999,41438200,21.217246
"2013-07-19",24.209999,24.950001,24.1,24.719999,103708900,22.195951
"2013-07-22",24.77,24.92,24.73,24.860001,41560800,22.321658
"2013-07-23",24.870001,24.879999,24.629999,24.709999,32553000,22.186972
"2013-07-24",24.790001,24.84,24.559999,24.620001,27485000,22.106163
"2013-07-25",24.610001,24.690001,24.52,24.690001,29951700,22.169016
"2013-07-26",24.65,24.66,24.5,24.65,31115200,22.133099
"2013-07-29",24.530001,24.6,24.459999,24.49,25588600,21.989436
"2013-07-30",24.57,24.639999,24.4,24.48,31201500,21.980457
"2013-07-31",24.57,24.690001,24.360001,24.370001,38954900,21.88169
"2013-08-01",24.6,24.870001,24.52,24.620001,31937700,22.106163
"2013-08-02",24.52,24.700001,24.4,24.700001,25721400,22.177995
"2013-08-05",24.57,24.6,24.49,24.52,17971600,22.016374
"2013-08-06",24.49,24.5,24.25,24.309999,22911500,21.827815
"2013-08-07",24.209999,24.34,24.09,24.34,27971600,21.854752
"2013-08-08",24.469999,24.540001,24.219999,24.33,22372500,21.845773
"2013-08-09",24.34,24.440001,24.209999,24.25,20763500,21.773942
"2013-08-12",24.139999,24.299999,24.059999,24.27,27365900,21.7919
"2013-08-13",24.299999,24.299999,24.1,24.200001,28533700,21.729048
"2013-08-14",24.200001,24.290001,24.049999,24.07,27983800,21.61232
"2013-08-15",23.969999,24.26,23.92,24,39962300,21.549468
"2013-08-16",23.879999,24.049999,23.860001,23.950001,36315500,21.504574
"2013-08-19",23.9,23.959999,23.76,23.85,32219000,21.414784
"2013-08-20",23.77,23.85,23.629999,23.719999,30451500,21.298057
"2013-08-21",23.719999,23.790001,23.559999,23.610001,31897000,21.19929
"2013-08-22",23.66,23.799999,23.610001,23.780001,31033000,21.351932
"2013-08-23",23.83,23.85,23.639999,23.780001,20690400,21.351932
"2013-08-26",23.74,23.790001,23.559999,23.610001,25948900,21.19929
"2013-08-27",23.360001,23.389999,23.110001,23.18,51392900,20.813195
"2013-08-28",23.16,23.4,23.16,23.200001,28862600,20.831153
"2013-08-29",23.16,23.299999,23.09,23.110001,22104600,20.750342
"2013-08-30",23.440001,23.5,23.040001,23.139999,46275600,20.777278
"2013-09-03",23.309999,23.450001,22.92,23.059999,52049800,20.705447
"2013-09-04",22.99,23.18,22.959999,23.17,31629800,20.804216
"2013-09-05",23.34,23.35,23.09,23.16,30302300,20.795237
"2013-09-06",23.15,23.379999,22.959999,23.16,36731500,20.795237
"2013-09-09",23.25,23.459999,23.18,23.389999,28181800,21.001752
"2013-09-10",23.67,23.940001,23.620001,23.870001,35717800,21.432743
"2013-09-11",23.950001,24.09,23.719999,24.09,34603600,21.630279
"2013-09-12",24.16,24.200001,23.77,23.85,30677600,21.414784
"2013-09-13",23.77,23.9,23.75,23.780001,19071500,21.351932
"2013-09-16",24.059999,24.23,23.93,24.139999,36741200,21.675173
"2013-09-17",24.129999,24.469999,24.110001,24.450001,35810200,21.953521
"2013-09-18",24.469999,24.91,24.4,24.860001,51092000,22.321658
"2013-09-19",24.799999,24.889999,24.4,24.459999,49713200,22.131646
"2013-09-20",24.549999,24.559999,24,24.01,67953000,21.724483
"2013-09-23",24.200001,24.379999,24.15,24.280001,41414600,21.968782
"2013-09-24",24.219999,24.540001,24.219999,24.32,33024300,22.004973
"2013-09-25",24.299999,24.48,24.200001,24.23,29448200,21.92354
"2013-09-26",24.299999,24.51,23.959999,24.25,34259500,21.941637
"2013-09-27",24.1,24.1,23.940001,24.049999,25753800,21.760674
"2013-09-30",23.879999,24.08,23.82,23.889999,35343600,21.615905
"2013-10-01",23.940001,24.219999,23.9,24.17,28985200,21.869252
"2013-10-02",24.139999,24.35,24.049999,24.33,34224600,22.014022
"2013-10-03",24.219999,24.25,23.84,24.1,37472200,21.805916
"2013-10-04",24.18,24.18,23.9,24.049999,33307300,21.760674
"2013-10-07",23.84,24.129999,23.799999,23.940001,28981600,21.661146
"2013-10-08",23.92,23.92,23.67,23.67,42390800,21.416847
"2013-10-09",23.84,23.84,23.5,23.57,35095500,21.326366
"2013-10-10",23.9,24.25,23.82,24.25,38175500,21.941637
"2013-10-11",24.32,24.49,24.200001,24.4,34178400,22.077358
"2013-10-14",24.209999,24.379999,24.16,24.379999,22026900,22.059262
"2013-10-15",24.27,24.450001,24.15,24.190001,28367200,21.887349
"2013-10-16",24.35,24.4,24.129999,24.360001,30230600,22.041167
"2013-10-17",24.379999,24.68,24.23,24.68,45442400,22.330705
"2013-10-18",25.209999,25.75,25.09,25.549999,98507300,23.117889
"2013-10-21",25.870001,26.35,25.790001,26.139999,60782400,23.651727
"2013-10-22",26.190001,26.24,25.98,26.02,43352900,23.543151
"2013-10-23",25.99,26,25.639999,25.700001,39545800,23.253612
"2013-10-24",25.84,26.02,25.67,25.940001,34619100,23.470766
"2013-10-25",26.07,26.08,25.799999,25.879999,27373400,23.416476
"2013-10-28",25.879999,26.16,25.76,26.09,31952000,23.606487
"2013-10-29",26.190001,26.299999,26.07,26.209999,38436000,23.715063
"2013-10-30",26.290001,26.48,26.190001,26.370001,39840400,23.859834
"2013-10-31",26.35,26.440001,26.120001,26.139999,42852500,23.651727
"2013-11-01",26.049999,26.639999,26.030001,26.540001,55634500,24.013652
"2013-11-04",26.59,26.59,26.309999,26.43,28166100,23.914123
"2013-11-05",26.32,26.52,26.26,26.42,24897500,23.905074
"2013-11-06",26.469999,26.98,26.450001,26.9,58658800,24.339383
"2013-11-07",26.940001,27.190001,26.6,26.6,59541600,24.06794
"2013-11-08",26.42,27.059999,26.4,27.049999,37708900,24.475104
"2013-11-11",27.02,27.040001,26.889999,27.01,23888300,24.438912
"2013-11-12",26.92,27.139999,26.809999,27.049999,37560200,24.475104
"2013-11-13",26.969999,27.15,26.75,27.15,34393600,24.565585
"2013-11-14",27.15,27.200001,26.860001,26.99,32454600,24.420816
"2013-11-15",27.01,27.43,26.969999,27.200001,51698500,24.610827
"2013-11-18",27.280001,27.5,27.110001,27.219999,39084100,24.628921
"2013-11-19",27.129999,27.33,26.92,27.030001,35722000,24.457009
"2013-11-20",26.99,27.17,26.879999,26.959999,30286400,24.393671
"2013-11-21",27.02,27.02,26.76,26.91,30361500,24.348431
"2013-11-22",26.870001,27.09,26.860001,27.08,22047800,24.502249
"2013-11-25",27.139999,27.17,26.73,26.73,32335400,24.185565
"2013-11-26",26.719999,26.950001,26.719999,26.780001,36551000,24.230806
"2013-11-27",26.83,26.9,26.75,26.83,22707700,24.276046
"2013-11-29",26.75,26.870001,26.629999,26.66,21405900,24.122228
"2013-12-02",26.65,26.74,26.559999,26.66,34650700,24.122228
"2013-12-03",26.6,26.6,26.34,26.559999,32745800,24.031747
"2013-12-04",26.34,26.66,26.200001,26.639999,44947100,24.104132
"2013-12-05",26.629999,26.639999,26.35,26.450001,28455400,23.932219
"2013-12-06",26.77,26.98,26.68,26.940001,25347300,24.375576
"2013-12-09",26.93,27.33,26.879999,27.190001,30725600,24.601778
"2013-12-10",27.09,27.389999,27.07,27.139999,30864700,24.556537
"2013-12-11",27.110001,27.129999,26.540001,26.58,40161400,24.049844
"2013-12-12",26.5,26.700001,26.48,26.540001,30960200,24.013652
"2013-12-13",26.59,26.940001,26.51,26.84,39833700,24.285094
"2013-12-16",26.940001,27.09,26.870001,26.98,40160000,24.411767
"2013-12-17",27.1,27.139999,26.940001,27.030001,36632600,24.457009
"2013-12-18",27.030001,27.469999,26.84,27.41,55268800,24.800836
"2013-12-19",27.17,27.4,26.83,27.32,50735900,24.919412
"2013-12-20",27.27,27.469999,27.02,27.360001,78154800,24.955899
"2013-12-23",27.43,27.49,27.27,27.4,29903400,24.992383
"2013-12-24",27.379999,27.66,27.360001,27.610001,15109700,25.183931
"2013-12-26",27.68,27.959999,27.6,27.83,24765300,25.384599
"2013-12-27",27.84,27.940001,27.76,27.83,18990700,25.384599
"2013-12-30",27.84,27.98,27.799999,27.889999,23832300,25.439327
"2013-12-31",27.9,28.09,27.83,28.030001,30306700,25.567026
"2014-01-02",27.860001,27.940001,27.41,27.5,41453700,25.083596
"2014-01-03",27.52,27.6,27.41,27.48,27570800,25.065353
"2014-01-06",27.66,27.73,27.15,27.26,29356600,24.864685
"2014-01-07",27.48,27.49,27.209999,27.290001,24728000,24.89205
"2014-01-08",27.35,27.360001,27.120001,27.209999,25868900,24.819078
"2014-01-09",27.33,27.360001,26.93,27.219999,31311400,24.828199
"2014-01-10",27.190001,27.23,26.860001,26.959999,38828600,24.591045
"2014-01-13",26.98,27.1,26.68,26.73,34419200,24.381255
"2014-01-14",26.84,27,26.74,26.969999,24945900,24.600166
"2014-01-15",27.15,27.4,27.01,27.34,31863300,24.937655
"2014-01-16",27.219999,27.27,27.08,27.200001,32648300,24.809958
"2014-01-17",26.879999,26.92,26.280001,26.58,97240600,24.244436
"2014-01-21",26.73,26.74,26.040001,26.290001,59938700,23.979919
"2014-01-22",26.299999,26.309999,25.99,25.99,48673300,23.706279
"2014-01-23",25.98,25.98,25.530001,25.82,58047400,23.551216
"2014-01-24",25.57,25.59,24.950001,24.950001,95605000,22.757663
"2014-01-27",25.26,25.290001,24.9,25.07,60548000,22.867118
"2014-01-28",25.33,25.620001,25.299999,25.459999,50425800,23.222849
"2014-01-29",25.34,25.52,25.16,25.290001,39629700,23.067788
"2014-01-30",25.5,25.59,25.33,25.5,30094200,23.259335
"2014-01-31",25.209999,25.379999,25.08,25.129999,40334000,22.921846
"2014-02-03",25.129999,25.209999,24.32,24.35,75451400,22.210385
"2014-02-04",24.530001,24.780001,24.4,24.57,45856000,22.411053
"2014-02-05",24.459999,24.639999,24.32,24.52,40259700,22.365447
"2014-02-06",24.799999,25.1,24.620001,24.950001,44724400,22.757663
"2014-02-07",25.200001,25.280001,25,25.190001,34720900,22.976575
"2014-02-10",25.389999,25.389999,24.93,25.049999,33004400,22.848875
"2014-02-11",25.209999,25.52,25.16,25.43,32587400,23.195486
"2014-02-12",25.57,25.629999,25.35,25.389999,25227900,23.159
"2014-02-13",25.23,25.440001,25.110001,25.440001,32357200,23.204607
"2014-02-14",25.469999,25.85,25.379999,25.74,24928400,23.478246
"2014-02-18",26.01,26.040001,25.65,25.65,29216000,23.396154
"2014-02-19",25.68,25.77,25.370001,25.4,33893100,23.168121
"2014-02-20",25.309999,25.32,25.02,25.120001,32274900,23.112917
"2014-02-21",25.120001,25.190001,24.940001,24.940001,37146000,22.947298
"2014-02-24",25.02,25.450001,24.959999,25.290001,38023300,23.269334
"2014-02-25",25.379999,25.48,25.17,25.27,33090400,23.250931
"2014-02-26",25.33,25.360001,25.1,25.299999,29784400,23.278533
"2014-02-27",25.209999,25.559999,25.15,25.5,22813400,23.462554
"2014-02-28",25.540001,25.690001,25.309999,25.469999,29436800,23.43495
"2014-03-03",25.209999,25.209999,24.92,25.120001,34210600,23.112917
"2014-03-04",25.52,25.73,25.459999,25.65,36638400,23.600569
"2014-03-05",25.780001,25.959999,25.65,25.93,30128700,23.858197
"2014-03-06",26.059999,26.280001,26.02,26.219999,34911100,24.125025
"2014-03-07",26.33,26.35,25.969999,26.129999,27284000,24.042216
"2014-03-10",26.120001,26.129999,25.84,26.040001,22263500,23.959409
"2014-03-11",26.059999,26.1,25.76,25.9,24863700,23.830594
"2014-03-12",25.68,25.83,25.629999,25.76,23464100,23.70178
"2014-03-13",26,26,25.209999,25.34,37865100,23.315338
"2014-03-14",25.25,25.379999,25.09,25.110001,29461300,23.103715
"2014-03-17",25.26,25.629999,25.25,25.43,45614000,23.398147
"2014-03-18",25.52,25.73,25.469999,25.65,23785100,23.600569
"2014-03-19",25.639999,25.700001,25.110001,25.280001,35246800,23.260132
"2014-03-20",25.370001,25.370001,25.120001,25.27,35712300,23.250931
"2014-03-21",25.690001,25.83,25.34,25.4,55158900,23.370544
"2014-03-24",25.49,25.530001,25.200001,25.41,31146600,23.379745
"2014-03-25",25.58,25.709999,25.389999,25.700001,31154500,23.646575
"2014-03-26",25.799999,25.92,25.6,25.620001,31830100,23.572967
"2014-03-27",25.58,25.85,25.51,25.809999,29636400,23.747784
"2014-03-28",25.9,26.02,25.780001,25.879999,29691400,23.812191
"2014-03-31",26.02,26.08,25.809999,25.889999,32088900,23.821392
"2014-04-01",25.83,25.99,25.75,25.870001,28496000,23.802992
"2014-04-02",25.92,26.059999,25.870001,26.040001,26403700,23.959409
"2014-04-03",26.15,26.26,26.049999,26.23,22259400,24.134227
"2014-04-04",26.370001,26.4,25.99,26.02,33140800,23.941006
"2014-04-07",25.950001,26.040001,25.74,25.85,30438900,23.784589
"2014-04-08",25.76,25.92,25.67,25.75,26915900,23.692579
"2014-04-09",25.860001,25.959999,25.59,25.950001,25177500,23.8766
"2014-04-10",26.09,26.110001,25.57,25.58,36293700,23.536162
"2014-04-11",25.51,25.76,25.43,25.43,37319900,23.398147
"2014-04-14",25.58,25.75,25.43,25.709999,25067000,23.655774
"2014-04-15",25.67,25.889999,25.58,25.82,30287300,23.756986
"2014-04-16",26.01,26.200001,25.889999,26.120001,33496600,24.033017
"2014-04-17",26.469999,26.76,26.450001,26.559999,69658600,24.43786
"2014-04-21",26.629999,26.709999,26.559999,26.59,25131300,24.465463
"2014-04-22",26.700001,26.77,26.57,26.58,27796600,24.456262
"2014-04-23",26.57,26.66,26.389999,26.42,29567100,24.309046
"2014-04-24",26.440001,26.639999,26.23,26.459999,25578100,24.345849
"2014-04-25",26.57,26.799999,26.549999,26.6,33750200,24.474664
"2014-04-28",26.719999,26.85,26.530001,26.780001,34567000,24.640283
"2014-04-29",26.83,26.879999,26.59,26.76,27676200,24.62188
"2014-04-30",26.799999,26.9,26.65,26.889999,29165100,24.741493
"2014-05-01",26.73,26.83,26.639999,26.77,25779700,24.631082
"2014-05-02",26.77,26.870001,26.66,26.68,23473500,24.548272
"2014-05-05",26.690001,26.690001,26.5,26.58,16589600,24.456262
"2014-05-06",26.51,26.530001,26.190001,26.190001,25034200,24.097423
"2014-05-07",26.27,26.530001,26.27,26.530001,24319700,24.410258
"2014-05-08",26.48,26.6,26.299999,26.440001,20886900,24.327449
"2014-05-09",26.559999,26.57,26.309999,26.42,17437900,24.309046
"2014-05-12",26.58,26.860001,26.51,26.85,23710800,24.704689
"2014-05-13",26.889999,26.950001,26.77,26.92,20482900,24.769096
"2014-05-14",26.91,26.959999,26.67,26.76,20741600,24.62188
"2014-05-15",26.719999,26.799999,26.32,26.6,33783100,24.474664
"2014-05-16",26.49,26.68,26.370001,26.67,28840900,24.539071
"2014-05-19",26.549999,26.690001,26.48,26.610001,18129700,24.483866
"2014-05-20",26.610001,26.620001,26.15,26.299999,23477100,24.198633
"2014-05-21",26.370001,26.52,26.35,26.49,17443900,24.373453
"2014-05-22",26.42,26.57,26.309999,26.51,15628700,24.391855
"2014-05-23",26.549999,26.58,26.43,26.51,14833100,24.391855
"2014-05-27",26.549999,26.629999,26.450001,26.57,18317800,24.447061
"2014-05-28",26.559999,26.709999,26.530001,26.66,18205700,24.52987
"2014-05-29",26.690001,26.74,26.549999,26.74,15024700,24.603478
"2014-05-30",26.639999,26.790001,26.6,26.790001,18933600,24.649484
"2014-06-02",26.709999,26.85,26.610001,26.83,17123500,24.686287
"2014-06-03",26.75,26.809999,26.67,26.790001,18641400,24.649484
"2014-06-04",26.74,26.74,26.540001,26.549999,19969800,24.428658
"2014-06-05",26.540001,26.780001,26.450001,26.77,25041400,24.631082
"2014-06-06",26.790001,27.24,26.76,27.18,33736800,25.008322
"2014-06-09",27.059999,27.530001,27.01,27.440001,28282300,25.247549
"2014-06-10",27.309999,27.459999,27.24,27.41,21842400,25.219945
"2014-06-11",27.32,27.360001,27.059999,27.15,24722000,24.980719
"2014-06-12",27.1,27.16,26.889999,26.959999,25742600,24.805899
"2014-06-13",26.879999,27.07,26.879999,27.040001,19131500,24.879509
"2014-06-16",26.950001,26.969999,26.75,26.82,26681100,24.677086
"2014-06-17",26.790001,26.98,26.68,26.870001,21298600,24.723092
"2014-06-18",26.879999,26.940001,26.690001,26.889999,26237300,24.741493
"2014-06-19",26.66,26.98,26.66,26.93,31605200,24.982693
"2014-06-20",27.02,27.040001,26.870001,26.969999,49758200,25.019799
"2014-06-23",27.049999,27.059999,26.6,26.68,31244400,24.75077
"2014-06-24",26.66,26.879999,26.51,26.58,26418900,24.658001
"2014-06-25",26.469999,26.51,26.34,26.42,26261200,24.509571
"2014-06-26",26.459999,26.459999,26.200001,26.290001,23159000,24.388972
"2014-06-27",26.290001,26.43,26.23,26.43,35155200,24.518848
"2014-06-30",26.440001,26.450001,26.219999,26.280001,29661100,24.379695
"2014-07-01",26.27,26.5,26.26,26.4,28064500,24.491016
"2014-07-02",26.35,26.65,26.34,26.610001,21284100,24.685832
"2014-07-03",26.809999,26.889999,26.780001,26.860001,20513900,24.917755
"2014-07-07",26.799999,26.84,26.68,26.75,25263000,24.815708
"2014-07-08",26.620001,26.65,26.35,26.370001,29105600,24.463187
"2014-07-09",26.43,26.43,26.26,26.32,37820500,24.416801
"2014-07-10",26.129999,26.290001,26.1,26.200001,33238500,24.305479
"2014-07-11",26.190001,26.549999,26.120001,26.549999,35440200,24.63017
"2014-07-14",26.629999,26.860001,26.620001,26.66,25273800,24.732216
"2014-07-15",26.75,26.799999,26.549999,26.610001,41440200,24.685832
"2014-07-16",26.690001,27.15,26.66,27.02,46983700,25.066185
"2014-07-17",26.92,26.98,26.6,26.610001,37548900,24.685832
"2014-07-18",26.77,26.780001,26.25,26.459999,55403000,24.546677
"2014-07-21",26.33,26.33,25.719999,25.98,59343000,24.101387
"2014-07-22",26.07,26.1,25.85,26.02,34534600,24.138495
"2014-07-23",26.07,26.09,25.91,25.91,32060800,24.036449
"2014-07-24",25.950001,26.08,25.9,25.940001,22010800,24.06428
"2014-07-25",25.969999,25.99,25.73,25.790001,24634100,23.925127
"2014-07-28",25.67,25.73,25.440001,25.59,32980200,23.739588
"2014-07-29",25.57,25.719999,25.450001,25.450001,22528900,23.609712
"2014-07-30",25.58,25.790001,25.4,25.639999,25838200,23.785972
"2014-07-31",25.530001,25.559999,25.15,25.15,37995200,23.331404
"2014-08-01",25.07,25.360001,24.75,25.35,40198800,23.516943
"2014-08-04",25.33,25.42,25.1,25.27,28410300,23.442727
"2014-08-05",25.1,25.290001,24.950001,25.02,27694300,23.210805
"2014-08-06",25.129999,25.57,25.09,25.440001,47222600,23.600435
"2014-08-07",25.610001,25.700001,25.42,25.5,36167500,23.656096
"2014-08-08",25.459999,25.67,25.299999,25.66,22929500,23.804526
"2014-08-11",25.84,26,25.719999,25.790001,27873100,23.925127
"2014-08-12",25.85,25.860001,25.59,25.610001,21780300,23.758142
"2014-08-13",25.719999,25.92,25.700001,25.83,19870100,23.962233
"2014-08-14",25.889999,25.950001,25.73,25.879999,23322100,24.008617
"2014-08-15",25.950001,25.969999,25.51,25.639999,28167900,23.785972
"2014-08-18",25.870001,26.07,25.85,26.07,26809900,24.184879
"2014-08-19",26.139999,26.16,26.049999,26.049999,16137200,24.166325
"2014-08-20",26.08,26.4,26.01,26.360001,28855400,24.45391
"2014-08-21",26.42,26.450001,26.299999,26.43,22185000,24.518848
"2014-08-22",26.34,26.370001,26.110001,26.15,22784400,24.259094
"2014-08-25",26.15,26.290001,26.02,26.200001,21856200,24.305479
"2014-08-26",26.219999,26.280001,26.01,26.01,26313600,24.129218
"2014-08-27",26.049999,26.200001,26.02,26.129999,21176500,24.24054
"2014-08-28",26.030001,26.09,25.959999,26.01,13438900,24.129218
"2014-08-29",26.030001,26.09,25.9,25.98,21914000,24.101387
"2014-09-02",25.889999,26.030001,25.77,25.85,24378700,23.980788
"2014-09-03",25.98,26,25.82,25.950001,19962200,24.073557
"2014-09-04",25.99,26.129999,25.889999,25.959999,26891800,24.082832
"2014-09-05",25.9,26.1,25.799999,26.1,21041600,24.21271
"2014-09-08",26.139999,26.27,26.059999,26.08,20379700,24.194156
"2014-09-09",26.07,26.110001,25.85,25.9,21666400,24.027171
"2014-09-10",25.99,26.030001,25.85,25.950001,19110000,24.073557
"2014-09-11",25.91,26.09,25.83,26.02,22581000,24.138495
"2014-09-12",25.969999,25.969999,25.799999,25.870001,24605000,23.999342
"2014-09-15",25.83,25.950001,25.75,25.92,15347200,24.045726
"2014-09-16",25.92,26.27,25.879999,26.209999,27482900,24.314755
"2014-09-17",26.32,26.4,26.1,26.27,29610800,24.370417
"2014-09-18",26.190001,26.360001,26.129999,26.209999,31598200,24.5201
"2014-09-19",26.35,26.4,26.25,26.290001,38246200,24.594944
"2014-09-22",26.190001,26.27,26.030001,26.08,23005700,24.398483
"2014-09-23",25.99,26.139999,25.98,26.02,21684800,24.342352
"2014-09-24",26.01,26.01,25.690001,25.93,34059700,24.258154
"2014-09-25",25.879999,25.879999,25.530001,25.549999,30686900,23.902654
"2014-09-26",25.58,25.700001,25.43,25.629999,28931900,23.977496
"2014-09-29",25.360001,25.52,25.299999,25.42,30747600,23.781036
"2014-09-30",25.360001,25.700001,25.33,25.620001,40800800,23.968142
"2014-10-01",25.43,25.469999,25.08,25.16,42081200,23.5378
"2014-10-02",25.190001,25.25,25.01,25.120001,28499100,23.50038
"2014-10-03",25.290001,25.43,25.15,25.4,21658100,23.762326
"2014-10-06",25.6,25.629999,25.07,25.219999,30492600,23.593931
"2014-10-07",25.1,25.190001,24.799999,24.809999,31985200,23.210366
"2014-10-08",24.950001,25.25,24.66,25.25,36918100,23.621997
"2014-10-09",25.23,25.309999,24.73,24.780001,34012700,23.182301
"2014-10-10",24.790001,24.870001,24.209999,24.27,47837300,22.705184
"2014-10-13",24.24,24.33,23.9,23.950001,39054800,22.405816
"2014-10-14",24.18,24.639999,24.049999,24.1,42246400,22.546144
"2014-10-15",23.860001,24.4,23.690001,24.280001,65636600,22.714539
"2014-10-16",23.99,24.51,23.959999,24.25,51697900,22.686473
"2014-10-17",25,25.25,24.700001,24.82,52637800,23.219721
"2014-10-20",24.91,25.120001,24.709999,25.030001,33868500,23.416182
"2014-10-21",25.27,25.530001,25.129999,25.450001,31684600,23.809103
"2014-10-22",25.34,25.48,25.15,25.190001,30028700,23.565866
"2014-10-23",25.42,25.690001,25.4,25.440001,30960500,23.799747
"2014-10-24",25.440001,25.65,25.41,25.639999,20563900,23.986851
"2014-10-27",25.66,25.700001,25.379999,25.52,19784500,23.874589
"2014-10-28",25.58,25.879999,25.559999,25.879999,28586800,24.211377
"2014-10-29",25.879999,25.9,25.389999,25.66,28829700,24.005562
"2014-10-30",25.42,25.719999,25.32,25.67,26173800,24.014918
"2014-10-31",25.860001,25.93,25.67,25.809999,39951500,24.145891
"2014-11-03",25.49,25.84,25.48,25.700001,35107000,24.042984
"2014-11-04",25.73,25.799999,25.59,25.700001,22553900,24.042984
"2014-11-05",25.9,25.9,25.67,25.82,31585700,24.155246
"2014-11-06",25.889999,26.389999,25.870001,26.360001,40218800,24.66043
"2014-11-07",26.290001,26.51,26.209999,26.41,26390800,24.707206
"2014-11-10",26.41,26.530001,26.379999,26.469999,16277800,24.763337
"2014-11-11",26.469999,26.5,26.24,26.379999,18964100,24.679139
"2014-11-12",26.27,26.6,26.27,26.52,28103600,24.810114
"2014-11-13",26.469999,26.67,26.370001,26.42,25426100,24.716561
"2014-11-14",26.43,26.51,26.379999,26.459999,16943900,24.753981
"2014-11-17",26.469999,26.68,26.42,26.610001,24613500,24.894311
"2014-11-18",26.700001,27.049999,26.690001,27.01,36774100,25.268521
"2014-11-19",26.99,27,26.77,26.92,33735400,25.184323
"2014-11-20",26.799999,26.969999,26.75,26.85,21197400,25.118837
"2014-11-21",27.09,27.1,26.860001,26.99,36181500,25.24981
"2014-11-24",27.01,27.09,26.809999,27,24003500,25.259165
"2014-11-25",27.01,27.030001,26.84,26.860001,28028000,25.128192
"2014-11-26",26.889999,26.969999,26.780001,26.870001,19289700,25.137548
"2014-11-28",26.799999,26.9,26.440001,26.49,31185200,24.782048
"2014-12-01",26.16,26.219999,25.85,26.02,48967100,24.342352
"2014-12-02",26.07,26.200001,26.030001,26.049999,25232700,24.370416
"2014-12-03",26.16,26.469999,26.09,26.379999,34360900,24.679139
"2014-12-04",26.26,26.280001,25.92,26.09,29587100,24.407838
"2014-12-05",26.139999,26.15,25.93,26.01,22389200,24.332996
"2014-12-08",25.879999,26.09,25.610001,25.690001,37627900,24.033629
"2014-12-09",25.459999,25.690001,25.27,25.58,32509200,23.93072
"2014-12-10",25.620001,25.629999,25.15,25.27,45310200,23.640708
"2014-12-11",25.32,25.690001,25.309999,25.41,40900400,23.771681
"2014-12-12",25.35,25.370001,24.860001,24.889999,51044500,23.285208
"2014-12-15",25.02,25.030001,24.41,24.59,63574000,23.004551
"2014-12-16",24.540001,25.18,24.4,24.49,48388000,22.910998
"2014-12-17",24.610001,24.719999,24.059999,24.66,77589300,23.070038
"2014-12-18",25.129999,25.15,24.68,25.139999,52044700,23.740512
"2014-12-19",25.120001,25.700001,25,25.620001,86713700,24.193793
"2014-12-22",25.65,25.77,25.559999,25.709999,35238100,24.278781
"2014-12-23",25.690001,26,25.6,25.879999,31399700,24.439318
"2014-12-24",25.889999,25.940001,25.700001,25.83,17865100,24.392102
"2014-12-26",25.84,25.9,25.74,25.780001,14978500,24.344886
"2014-12-29",25.700001,25.85,25.68,25.700001,20858200,24.269339
"2014-12-30",25.610001,25.700001,25.42,25.57,22184500,24.146575
"2014-12-31",25.42,25.52,25.27,25.27,28206500,23.863276
"2015-01-02",25.34,25.459999,24.870001,25.059999,40920800,23.664965
"2015-01-05",25.01,25.01,24.52,24.6,42033200,23.230574
"2015-01-06",24.459999,24.57,23.93,24.07,63760000,22.730077
"2015-01-07",24.209999,24.389999,23.98,24.08,43642500,22.73952
"2015-01-08",24.32,24.379999,24.129999,24.370001,43224400,23.013378
"2015-01-09",24.52,24.530001,23.950001,24.030001,43132200,22.692304
"2015-01-12",24.07,24.139999,23.77,23.98,42871100,22.645087
"2015-01-13",24.26,24.33,23.629999,23.860001,41172800,22.531768
"2015-01-14",23.65,23.85,23.41,23.780001,41571200,22.456221
"2015-01-15",23.860001,23.969999,23.559999,23.58,31480100,22.267354
"2015-01-16",23.51,23.65,23.450001,23.59,49793900,22.276798
"2015-01-20",23.84,23.870001,23.549999,23.85,44562100,22.522324
"2015-01-21",23.83,24.08,23.709999,24.040001,37620300,22.701748
"2015-01-22",24.299999,24.360001,23.959999,24.280001,47129300,22.928387
"2015-01-23",24.43,24.889999,24.290001,24.48,63738700,23.117253
"2015-01-26",24.719999,24.74,24.4,24.59,39174900,23.22113
"2015-01-27",24.389999,24.459999,24.200001,24.379999,38398100,23.022819
"2015-01-28",24.469999,24.49,23.809999,23.84,49653800,22.512881
"2015-01-29",23.84,24.200001,23.780001,24.08,40436400,22.73952
"2015-01-30",23.879999,24.110001,23.82,23.889999,54712200,22.560097
"2015-02-02",24,24.219999,23.9,24.209999,39602500,22.862283
"2015-02-03",24.290001,24.530001,24.26,24.469999,37723800,23.107809
"2015-02-04",24.41,24.43,24.08,24.16,33236000,22.815067
"2015-02-05",24.25,24.5,24.24,24.5,25647400,23.13614
"2015-02-06",24.540001,24.75,24.469999,24.52,27472000,23.155027
"2015-02-09",24.469999,24.75,24.450001,24.639999,27284000,23.268346
"2015-02-10",24.77,24.799999,24.549999,24.719999,27075800,23.343892
"2015-02-11",24.709999,24.82,24.6,24.77,24455300,23.39111
"2015-02-12",24.809999,24.99,24.709999,24.889999,26522300,23.504429
"2015-02-13",24.99,25.17,24.940001,25.15,33076200,23.749956
"2015-02-17",25.120001,25.209999,24.98,25.17,35989500,23.768843
"2015-02-18",25.290001,25.290001,25.15,25.25,30740800,23.844389
"2015-02-19",25.030001,25.209999,24.950001,25.01,33232900,23.83486
"2015-02-20",24.879999,25.219999,24.799999,25.209999,39889800,24.025461
"2015-02-23",25.219999,25.299999,25.1,25.17,30774500,23.987342
"2015-02-24",25.120001,25.450001,25.09,25.389999,42464100,24.197004
"2015-02-25",25.450001,26.059999,25.440001,25.91,68219600,24.692571
"2015-02-26",25.940001,26.01,25.809999,25.889999,38247200,24.673511
"2015-02-27",25.83,26.27,25.75,25.99,51531800,24.768812
"2015-03-02",25.879999,26.120001,25.85,26.110001,32409000,24.883175
"2015-03-03",26.049999,26.08,25.780001,25.860001,30542300,24.644921
"2015-03-04",25.76,25.77,25.469999,25.66,31543800,24.454318
"2015-03-05",25.620001,25.82,25.58,25.82,28373800,24.6068
"2015-03-06",25.709999,25.780001,25.33,25.42,32286800,24.225595
"2015-03-09",25.52,25.700001,25.49,25.639999,31591100,24.435257
"2015-03-10",25.5,25.639999,25.17,25.17,37442100,23.987342
"2015-03-11",25.280001,25.49,25.139999,25.190001,36198100,24.006403
"2015-03-12",25.27,25.41,25.17,25.4,29369500,24.206534
"2015-03-13",25.280001,25.360001,24.809999,25.040001,45307000,23.863451
"2015-03-16",25.059999,25.48,24.959999,25.450001,34610400,24.254186
"2015-03-17",25.299999,25.389999,25.09,25.309999,34259000,24.120763
"2015-03-18",25.18,25.85,25.110001,25.639999,38302800,24.435257
"2015-03-19",25.440001,25.610001,25.26,25.33,38314800,24.139824
"2015-03-20",25.34,25.530001,25.299999,25.4,50632600,24.206534
"2015-03-23",25.48,25.74,25.450001,25.469999,31984500,24.273245
"2015-03-24",25.379999,25.48,25.27,25.27,25801300,24.082644
"2015-03-25",25.23,25.33,24.91,24.91,34897400,23.739558
"2015-03-26",24.799999,24.92,24.67,24.799999,32504400,23.634726
"2015-03-27",24.92,24.92,24.709999,24.860001,28320600,23.691908
"2015-03-30",24.98,25.200001,24.969999,25.120001,27281400,23.939692
"2015-03-31",25.09,25.09,24.809999,24.809999,34940900,23.644257
"2015-04-01",24.719999,24.92,24.57,24.84,38749500,23.672848
"2015-04-02",24.809999,25,24.700001,24.940001,29213100,23.768149
"2015-04-06",24.9,25.41,24.790001,25.18,33445100,23.996872
"2015-04-07",25.17,25.280001,25,25.02,21261600,23.84439
"2015-04-08",25.049999,25.120001,24.870001,25.01,22439200,23.83486
"2015-04-09",25.09,25.83,24.92,25.73,60149900,24.521029
"2015-04-10",27.129999,28.68,27,28.51,352701900,27.170406
"2015-04-13",28.059999,28.190001,27.5,27.629999,153984900,26.331753
"2015-04-14",27.48,27.84,27.379999,27.73,55777200,26.427055
"2015-04-15",27.690001,27.85,27.43,27.459999,56420100,26.169741
"2015-04-16",27.309999,27.5,27.18,27.280001,62363100,25.9982
"2015-04-17",27.4,27.700001,26.92,27.25,87794500,25.969609
"2015-04-20",27.32,27.440001,27.01,27.02,61687000,25.750417
"2015-04-21",27.030001,27.059999,26.549999,26.620001,76872300,25.369212
"2015-04-22",26.700001,27.02,26.6,26.91,47056100,25.645585
"2015-04-23",26.780001,27.07,26.709999,26.85,38165800,25.588404
"2015-04-24",26.879999,26.940001,26.700001,26.799999,27714000,25.540753
"2015-04-27",26.959999,27,26.809999,26.879999,36217700,25.616994
"2015-04-28",26.950001,27.16,26.639999,27.120001,38426600,25.845718
"2015-04-29",26.950001,27.25,26.9,27.09,37154000,25.817127
"2015-04-30",27.059999,27.35,26.969999,27.08,42985000,25.807597
"2015-05-01",27.09,27.32,26.99,27.309999,28303300,26.026789
"2015-05-04",27.360001,27.610001,27.25,27.27,26201700,25.98867
"2015-05-05",27.25,27.360001,26.85,26.92,30347300,25.655115
"2015-05-06",27,27.18,26.610001,26.809999,27761000,25.550283
"2015-05-07",26.780001,27.120001,26.66,27.040001,31038200,25.769477
"2015-05-08",27.25,27.49,27.219999,27.360001,37221500,26.074441
"2015-05-11",27.25,27.299999,26.860001,26.92,32453400,25.655115
"2015-05-12",26.82,27.09,26.75,27.030001,29789800,25.759947
"2015-05-13",27.02,27.24,26.92,27.209999,37170400,25.931488
"2015-05-14",27.32,27.43,27.15,27.41,26976100,26.122091
"2015-05-15",27.379999,27.440001,27.25,27.27,35768700,25.98867
"2015-05-18",27.209999,27.389999,27.209999,27.309999,22489500,26.026789
"2015-05-19",27.27,27.389999,27.209999,27.35,29150800,26.064911
"2015-05-20",27.34,27.700001,27.200001,27.639999,40173600,26.341284
"2015-05-21",27.68,27.790001,27.549999,27.719999,40311100,26.417525
"2015-05-22",27.690001,27.780001,27.620001,27.68,23289300,26.379405
"2015-05-26",27.52,27.58,27.379999,27.52,47465200,26.226923
"2015-05-27",27.57,27.620001,27.459999,27.52,25326800,26.226923
"2015-05-28",27.5,27.629999,27.299999,27.629999,26418300,26.331753
"2015-05-29",27.5,27.5,27.27,27.27,41661000,25.98867
"2015-06-01",27.26,27.34,27.07,27.280001,33322400,25.9982
"2015-06-02",27.219999,27.42,27.15,27.33,26325300,26.04585
"2015-06-03",27.43,27.559999,27.360001,27.530001,26283800,26.236454
"2015-06-04",27.42,27.620001,27.209999,27.26,33360500,25.97914
"2015-06-05",27.26,27.379999,27.16,27.290001,30647700,26.007731
"2015-06-08",27.32,27.360001,27.209999,27.24,29812800,25.960079
"2015-06-09",27.280001,27.469999,27.17,27.33,31113900,26.04585
"2015-06-10",27.360001,27.68,27.32,27.629999,33175700,26.331753
"2015-06-11",27.57,27.639999,27.360001,27.51,31388400,26.217393
"2015-06-12",27.440001,27.48,27.280001,27.389999,22170600,26.10303
"2015-06-15",27.389999,27.389999,27.110001,27.209999,28498700,25.931488
"2015-06-16",27.17,27.24,27,27.219999,27569500,25.941018
"2015-06-17",27.190001,27.4,27.110001,27.27,36548300,25.98867
"2015-06-18",27.08,27.41,27.030001,27.370001,37680700,26.305839
"2015-06-19",27.27,27.379999,27.18,27.24,60267600,26.180893
"2015-06-22",27.299999,27.5,27.290001,27.42,27504700,26.353894
"2015-06-23",27.42,27.6,27.389999,27.549999,32510900,26.478839
"2015-06-24",27.549999,27.59,27.25,27.26,32456700,26.200115
"2015-06-25",27.280001,27.35,27.02,27.040001,23342100,25.98867
"2015-06-26",27.040001,27.129999,26.91,27.09,25777400,26.036725
"2015-06-29",26.9,26.969999,26.530001,26.639999,33372300,25.604221
"2015-06-30",26.82,26.959999,26.530001,26.57,35557800,25.536943
"2015-07-01",26.67,26.870001,26.469999,26.66,30427400,25.623443
"2015-07-02",26.700001,26.83,26.6,26.780001,26002300,25.738779
"2015-07-06",26.530001,26.639999,26.200001,26.309999,27858100,25.287051
"2015-07-07",26.379999,26.549999,25.93,26.469999,32647100,25.44083
"2015-07-08",26.09,26.24,25.879999,25.889999,32030700,24.883381
"2015-07-09",26.17,26.4,26.01,26.02,29727200,25.008328
"2015-07-10",26.389999,26.440001,26.040001,26.27,25359800,25.248607
"2015-07-13",26.49,26.530001,26.24,26.469999,24324600,25.44083
"2015-07-14",26.35,26.73,26.35,26.66,22294600,25.623443
"2015-07-15",26.610001,26.790001,26.6,26.77,27925100,25.729167
"2015-07-16",26.98,27.040001,26.84,27.040001,30635400,25.98867
"2015-07-17",27.26,27.33,27.030001,27.24,41191000,26.180893
"2015-07-20",27.120001,27.209999,27.01,27.139999,24686600,26.08478
"2015-07-21",27.01,27.15,26.799999,26.85,29282300,25.806057
"2015-07-22",26.879999,26.959999,26.57,26.629999,24133400,25.594609
"2015-07-23",26.58,26.6,26.200001,26.26,23201200,25.238996
"2015-07-24",26.309999,26.32,25.67,25.75,31124200,24.748825
"2015-07-27",25.540001,25.98,25.52,25.950001,36277000,24.94105
"2015-07-28",26.1,26.24,25.950001,26.1,27758300,25.085217
"2015-07-29",26.09,26.280001,26.049999,26.26,23987900,25.238996
"2015-07-30",26.23,26.24,26.01,26.120001,22118900,25.10444
"2015-07-31",26.23,26.290001,26.049999,26.1,23197500,25.085217
"2015-08-03",26.120001,26.129999,25.6,25.870001,32580300,24.86416
"2015-08-04",25.889999,26.059999,25.83,25.9,21985200,24.892992
"2015-08-05",26.09,26.33,26.030001,26.1,25471400,25.085217
"2015-08-06",26.15,26.18,25.959999,26.030001,17298200,25.017939
"2015-08-07",25.950001,26.059999,25.610001,25.790001,25916200,24.787271
"2015-08-10",25.9,26.299999,25.9,26.24,23479200,25.219773
"2015-08-11",26.030001,26.030001,25.639999,25.709999,28235300,24.710379
"2015-08-12",25.540001,25.879999,25.35,25.860001,31474800,24.854549
"2015-08-13",25.77,25.91,25.620001,25.790001,16418700,24.787271
"2015-08-14",25.65,26.1,25.620001,26.08,20786300,25.065994
"2015-08-17",25.950001,26.24,25.799999,26.209999,19223700,25.190939
"2015-08-18",26.17,26.209999,25.940001,26.07,20348800,25.056383
"2015-08-19",25.9,26.030001,25.620001,25.73,29060300,24.729602
"2015-08-20",25.51,25.639999,25.18,25.190001,34645800,24.210599
"2015-08-21",24.9,25.129999,24.559999,24.59,65101900,23.633927
"2015-08-24",22.84,24.040001,19.370001,23.870001,91236500,22.941921
"2015-08-25",24.73,24.74,23.27,23.27,60778000,22.365249
"2015-08-26",23.85,24.07,23.27,24.01,78965900,23.076477
"2015-08-27",24.43,25.01,24.379999,25.01,64894200,24.037597
"2015-08-28",24.92,25.17,24.780001,25.16,32942500,24.181764
"2015-08-31",24.98,24.98,24.58,24.82,37006800,23.854984
"2015-09-01",24.24,24.360001,23.68,23.879999,65344000,22.951531
"2015-09-02",24.139999,24.58,23.83,24.57,50480800,23.614704
"2015-09-03",24.76,24.950001,24.389999,24.51,33564800,23.557037
"2015-09-04",24.18,24.18,23.85,24,35628400,23.066866
"2015-09-08",24.51,24.98,24.27,24.959999,46212800,23.98954
"2015-09-09",25.200001,25.219999,24.48,24.549999,34611200,23.595481
"2015-09-10",24.559999,24.860001,24.5,24.68,35043100,23.720427
"2015-09-11",24.74,24.959999,24.5,24.950001,31903000,23.97993
"2015-09-14",24.969999,24.98,24.6,24.77,26237600,23.806928
"2015-09-15",24.9,25.450001,24.700001,25.299999,46334700,24.31632
"2015-09-16",25.530001,26.030001,25.42,25.93,61540100,24.921827
"2015-09-17",25.5,25.93,25.27,25.35,48844100,24.582425
"2015-09-18",25.15,25.209999,24.709999,24.799999,77869300,24.049078
"2015-09-21",24.889999,25.200001,24.84,25.09,29618900,24.330298
"2015-09-22",24.76,25.16,24.6,25.110001,44205000,24.349692
"2015-09-23",25.01,25.33,24.98,25.139999,41190000,24.378783
"2015-09-24",24.870001,25.450001,24.65,24.91,53239500,24.155747
"2015-09-25",25,25.040001,24.860001,24.92,38950100,24.165445
"2015-09-28",24.690001,24.74,24.309999,24.309999,42641300,23.573915
"2015-09-29",24.33,24.6,24.26,24.57,41587800,23.826042
"2015-09-30",24.73,25.24,24.690001,25.219999,43758300,24.45636
"2015-10-01",25.15,25.309999,24.790001,25.190001,39723600,24.42727
"2015-10-02",24.870001,25.49,24.83,25.469999,42676200,24.698791
"2015-10-05",26.370001,27.200001,26.219999,26.82,105423300,26.007914
"2015-10-06",26.99,27.41,26.959999,27.290001,71909400,26.463684
"2015-10-07",27.5,27.77,27.32,27.77,65671000,26.92915
"2015-10-08",27.629999,28.200001,27.43,28.030001,51114700,27.181277
"2015-10-09",27.98,28.17,27.889999,28.07,47327600,27.220065
"2015-10-12",27.98,28.17,27.91,28.09,25239600,27.23946
"2015-10-13",27.969999,28.280001,27.870001,27.870001,43203200,27.026122
"2015-10-14",27.74,27.84,27.48,27.6,39107900,26.764297
"2015-10-15",27.799999,28.17,27.639999,28.030001,76978600,27.181277
"2015-10-16",28.610001,29.190001,28.219999,28.98,142021200,28.102511
"2015-10-19",28.799999,29.559999,28.75,28.99,131036400,28.112209
"2015-10-20",28.82,29,28.700001,28.780001,73599900,27.908568
"2015-10-21",28.790001,29.24,28.780001,28.85,65404100,27.976448
"2015-10-22",28.950001,29.74,28.91,29.58,81476400,28.684344
"2015-10-23",29.700001,29.83,29.42,29.51,76867200,28.616464
"2015-10-26",29.52,29.66,29.41,29.549999,48757400,28.655252
"2015-10-27",29.41,29.639999,29.23,29.459999,67606200,28.567977
"2015-10-28",29.33,29.58,29.15,29.389999,71077500,28.500097
"2015-10-29",29.17,29.379999,29.059999,29.34,42373900,28.451611
"2015-10-30",29.219999,29.33,28.91,28.92,71021400,28.044329
"2015-11-02",28.940001,29.4,28.879999,29.4,59504700,28.509794
"2015-11-03",29.209999,29.790001,29.18,29.59,95829900,28.694042
"2015-11-04",29.549999,29.790001,29.459999,29.540001,105133900,28.645556
"2015-11-05",29.469999,29.74,29.309999,29.639999,122593500,28.742527
"2015-11-06",29.440001,29.950001,29.25,29.92,126109800,29.014049
"2015-11-09",29.76,29.950001,29.379999,29.75,145462200,28.849197
"2015-11-10",29.629999,30.27,29.610001,30.120001,239465000,29.207994
"2015-11-11",30.200001,30.82,30.200001,30.67,197598800,29.74134
"2015-11-12",30.41,30.9,30.110001,30.16,292791600,29.246782
"2015-11-13",29.860001,30.49,29.809999,30.280001,247153700,29.36315
"2015-11-16",29.879999,30.6,29.77,30.360001,284804200,29.440727
"2015-11-17",30.57,30.75,30,30.32,431332600,29.401937
"2015-11-18",30.219999,30.57,30.1,30.52,177775400,29.595882
"2015-11-19",30.379999,30.51,30.25,30.27,98930100,29.353452
"2015-11-20",30.26,30.99,30.209999,30.66,210757500,29.731643
"2015-11-23",30.59,30.82,30.26,30.59,135391500,29.663762
"2015-11-24",30.33,30.870001,30.280001,30.66,145876700,29.731643
"2015-11-25",30.639999,30.65,30.299999,30.360001,54159700,29.440727
"2015-11-27",30.27,30.379999,30.190001,30.360001,33143900,29.440727
"2015-11-30",30.33,30.450001,29.940001,29.940001,79716600,29.033444
"2015-12-01",29.99,30.25,29.870001,30.17,54244900,29.25648
"2015-12-02",30.09,30.23,29.879999,29.969999,44123600,29.062535
"2015-12-03",30.09,30.25,29.969999,30.030001,62969900,29.120719
"2015-12-04",30.07,30.52,29.959999,30.49,58203200,29.56679
"2015-12-07",30.42,30.440001,30.120001,30.370001,66681300,29.450425
"2015-12-08",30.07,30.379999,29.91,30.190001,53265500,29.275874
"2015-12-09",30.02,30.59,29.959999,30.469999,50560400,29.547395
"2015-12-10",30.440001,30.93,30.370001,30.65,46332900,29.721945
"2015-12-11",30.32,30.610001,30.15,30.26,62907700,29.343755
"2015-12-14",30.26,30.459999,29.77,30.26,65059300,29.343755
"2015-12-15",30.4,30.610001,30.219999,30.32,59345600,29.401937
"2015-12-16",30.459999,31.23,30.42,30.98,73831500,30.041953
"2015-12-17",30.940001,31.049999,30.530001,30.549999,58024100,29.846557
"2015-12-18",30.389999,30.58,30.280001,30.280001,83144800,29.582776
"2015-12-21",30.42,30.6,30.15,30.4,40719200,29.700011
"2015-12-22",30.49,30.629999,30.16,30.49,42256400,29.787939
"2015-12-23",30.52,31,30.52,30.950001,35775400,30.237348
"2015-12-24",30.9,30.93,30.690001,30.83,13518900,30.120111
"2015-12-28",30.74,31,30.610001,30.9,26557700,30.188498
"2015-12-29",31.01,31.48,31,31.280001,33400400,30.55975
"2015-12-30",31.280001,31.440001,31.01,31.049999,29127700,30.335044
"2015-12-31",30.860001,31.49,30.790001,31.15,52228400,30.432742
