"","REV.Open","REV.High","REV.Low","REV.Close","REV.Volume","REV.Adjusted"
"2010-01-04",16.969999,18.129999,16.969999,17.91,307700,17.91
"2010-01-05",17.85,18.1,17.049999,17.07,327100,17.07
"2010-01-06",17.01,17.219999,16.879999,17.049999,143100,17.049999
"2010-01-07",16.9,17.59,16.84,17.059999,140700,17.059999
"2010-01-08",17.059999,17.4,16.93,17.02,149700,17.02
"2010-01-11",17.15,17.15,16.84,16.93,285100,16.93
"2010-01-12",16.719999,16.82,16.48,16.68,235600,16.68
"2010-01-13",16.65,17.01,16.530001,16.969999,153100,16.969999
"2010-01-14",17,17.15,16.889999,17.120001,91400,17.120001
"2010-01-15",17.219999,17.48,16.780001,17.440001,354300,17.440001
"2010-01-19",17.440001,18.459999,17.440001,18.129999,366600,18.129999
"2010-01-20",17.940001,17.959999,17,17.190001,178300,17.190001
"2010-01-21",17.32,17.74,15.85,15.92,300500,15.92
"2010-01-22",16.01,16.01,15.1,15.2,222000,15.2
"2010-01-25",15.39,15.54,14.69,14.84,264100,14.84
"2010-01-26",14.71,15.36,14.71,14.93,107700,14.93
"2010-01-27",14.89,15.66,14.85,15.54,155500,15.54
"2010-01-28",15.64,15.97,15.13,15.52,151600,15.52
"2010-01-29",15.69,16.030001,15.27,15.41,234900,15.41
"2010-02-01",15.57,15.73,15.16,15.63,104100,15.63
"2010-02-02",15.67,16.200001,15.12,16.200001,278800,16.200001
"2010-02-03",16.09,16.43,15.42,15.89,223200,15.89
"2010-02-04",15.73,15.73,14.98,15.04,194400,15.04
"2010-02-05",15.01,15.44,14.5,15.36,319800,15.36
"2010-02-08",15.28,15.47,14.84,14.85,90200,14.85
"2010-02-09",15.03,15.28,14.46,15.06,185900,15.06
"2010-02-10",14.92,15.1,14.4,14.85,160900,14.85
"2010-02-11",14.65,15.59,14.65,15.55,127800,15.55
"2010-02-12",15.31,15.92,15.25,15.69,114800,15.69
"2010-02-16",15.7,15.87,15.26,15.85,136600,15.85
"2010-02-17",15.9,16.48,15.88,16.42,108800,16.42
"2010-02-18",16.32,16.75,16.27,16.639999,73600,16.639999
"2010-02-19",16.639999,16.700001,16.059999,16.309999,147500,16.309999
"2010-02-22",16.370001,16.370001,15.75,15.93,97200,15.93
"2010-02-23",15.92,15.92,15.27,15.7,150500,15.7
"2010-02-24",15.75,16.9,15.75,16.469999,213500,16.469999
"2010-02-25",15.28,15.99,14.16,15.36,935500,15.36
"2010-02-26",15.25,15.61,14.9,14.99,250700,14.99
"2010-03-01",15.08,16.360001,15.08,16.200001,306700,16.200001
"2010-03-02",16.299999,16.889999,16.02,16.5,320400,16.5
"2010-03-03",16.389999,16.5,15.96,16.110001,167100,16.110001
"2010-03-04",16.1,16.34,16.07,16.290001,100900,16.290001
"2010-03-05",16.34,16.549999,16.129999,16.450001,121600,16.450001
"2010-03-08",16.32,16.59,15.95,16.15,157500,16.15
"2010-03-09",16.219999,16.639999,15.99,16.16,149300,16.16
"2010-03-10",16.08,16.26,15.8,15.96,117900,15.96
"2010-03-11",15.8,15.96,15.62,15.87,104800,15.87
"2010-03-12",15.81,15.86,15.42,15.86,91100,15.86
"2010-03-15",15.73,15.76,15.42,15.49,161500,15.49
"2010-03-16",15.42,15.51,15,15.25,165600,15.25
"2010-03-17",15.2,15.23,15.01,15.17,105800,15.17
"2010-03-18",15,15.05,14.84,14.94,150100,14.94
"2010-03-19",14.4,14.94,14.36,14.4,211200,14.4
"2010-03-22",14.29,14.29,13.56,14.18,327200,14.18
"2010-03-23",13.96,15.05,13.87,15,573100,15
"2010-03-24",14.92,15.17,14.72,14.79,173400,14.79
"2010-03-25",14.97,15.16,14.53,14.54,115900,14.54
"2010-03-26",14.59,14.82,14.48,14.48,88600,14.48
"2010-03-29",14.4,15,14.4,14.87,117800,14.87
"2010-03-30",14.81,15.14,14.73,14.93,184400,14.93
"2010-03-31",14.79,15.1,14.74,14.85,134700,14.85
"2010-04-01",14.99,15.07,14.5,14.84,88600,14.84
"2010-04-05",14.92,15.1,14.74,15.06,120800,15.06
"2010-04-06",14.99,15.7,14.93,15.29,194700,15.29
"2010-04-07",15.24,15.3,14.89,15.13,108600,15.13
"2010-04-08",14.99,15.14,14.68,15.04,103500,15.04
"2010-04-09",15.07,15.19,14.94,15.05,47300,15.05
"2010-04-12",15,15.27,15,15.11,1e+05,15.11
"2010-04-13",15.1,15.17,14.8,15.14,104900,15.14
"2010-04-14",15.19,15.6,15.17,15.46,158200,15.46
"2010-04-15",15.48,15.85,15.48,15.75,63700,15.75
"2010-04-16",15.78,15.86,15.5,15.72,173600,15.72
"2010-04-19",15.65,15.95,15.64,15.75,137700,15.75
"2010-04-20",15.88,15.99,15.84,15.92,97400,15.92
"2010-04-21",15.92,15.94,15.72,15.85,124500,15.85
"2010-04-22",15.53,16.43,15.5,16.030001,289900,16.030001
"2010-04-23",15.96,16.809999,15.85,16.709999,198000,16.709999
"2010-04-26",16.75,18.33,16.530001,17.629999,254800,17.629999
"2010-04-27",17.52,17.629999,16.73,16.780001,157200,16.780001
"2010-04-28",16.879999,17.17,16.690001,16.83,132900,16.83
"2010-04-29",16.82,18.040001,16,17.959999,331500,17.959999
"2010-04-30",17.85,18.129999,17.42,17.52,153000,17.52
"2010-05-03",17.639999,18.790001,17.610001,18.040001,219400,18.040001
"2010-05-04",17.719999,17.719999,16.790001,17.02,209300,17.02
"2010-05-05",16.84,17.17,16.360001,16.91,196700,16.91
"2010-05-06",16.790001,17.08,14.05,15.69,343500,15.69
"2010-05-07",15.69,15.99,14.8,14.95,272600,14.95
"2010-05-10",15.98,16.41,15.25,15.89,228200,15.89
"2010-05-11",15.69,16.02,15.43,15.9,182900,15.9
"2010-05-12",16.190001,16.74,15.99,16.360001,147300,16.360001
"2010-05-13",16.34,16.76,16.280001,16.42,87700,16.42
"2010-05-14",16.190001,16.32,15.19,15.42,168300,15.42
"2010-05-17",15.47,15.79,14.79,15.46,188400,15.46
"2010-05-18",15.69,15.81,14.52,14.78,250700,14.78
"2010-05-19",14.74,14.85,14.23,14.65,194800,14.65
"2010-05-20",14.14,14.38,13.78,13.84,270700,13.84
"2010-05-21",13.49,14.27,13.33,14.23,418400,14.23
"2010-05-24",14.21,14.29,13.46,13.52,211100,13.52
"2010-05-25",13.01,13.38,12.71,13.33,120900,13.33
"2010-05-26",13.53,13.8,13.1,13.2,157300,13.2
"2010-05-27",13.56,14.34,13.35,14.26,146900,14.26
"2010-05-28",14.14,14.31,13.54,13.85,160600,13.85
"2010-06-01",13.7,13.81,12.72,12.73,146300,12.73
"2010-06-02",12.87,13.08,12.41,13.05,212900,13.05
"2010-06-03",12.92,13.41,12.7,13,193000,13
"2010-06-04",12.6,12.71,11.9,11.95,173600,11.95
"2010-06-07",12.06,12.16,11.44,11.48,149000,11.48
"2010-06-08",11.53,11.74,11.19,11.67,170100,11.67
"2010-06-09",11.83,12.5,11.71,12.02,171900,12.02
"2010-06-10",12.32,12.7,12.18,12.69,133000,12.69
"2010-06-11",12.53,12.84,12.49,12.76,134300,12.76
"2010-06-14",12.81,13.05,12.57,12.81,246100,12.81
"2010-06-15",12.86,12.96,12.55,12.83,263500,12.83
"2010-06-16",12.68,12.9,12.33,12.78,213200,12.78
"2010-06-17",12.9,12.92,12.53,12.92,117300,12.92
"2010-06-18",12.96,13,12.33,12.85,194900,12.85
"2010-06-21",13.04,13.21,12.48,12.61,121400,12.61
"2010-06-22",12.58,12.9,12.33,12.44,207800,12.44
"2010-06-23",12.41,12.52,12.2,12.24,150100,12.24
"2010-06-24",12.2,12.39,11.8,11.84,196600,11.84
"2010-06-25",11.87,12.18,11.32,11.62,1132600,11.62
"2010-06-28",11.63,11.86,11.44,11.69,166200,11.69
"2010-06-29",11.47,11.56,10.83,11.01,182400,11.01
"2010-06-30",11.01,11.46,10.92,11.16,181300,11.16
"2010-07-01",11.13,11.2,10.51,10.96,186300,10.96
"2010-07-02",11.07,11.07,10.56,10.79,130500,10.79
"2010-07-06",11.01,11.43,10.95,11.1,171800,11.1
"2010-07-07",11.18,11.52,11.06,11.52,122000,11.52
"2010-07-08",11.68,11.95,11.5,11.92,111300,11.92
"2010-07-09",11.94,12.2,11.84,12.18,36600,12.18
"2010-07-12",12.17,12.29,11.63,11.8,108200,11.8
"2010-07-13",11.99,12.77,11.86,12.68,145300,12.68
"2010-07-14",12.6,12.95,12.45,12.81,103500,12.81
"2010-07-15",12.84,12.89,12.48,12.84,115800,12.84
"2010-07-16",12.68,12.79,12.38,12.46,146500,12.46
"2010-07-19",12.5,12.55,12.13,12.46,89400,12.46
"2010-07-20",12.2,12.75,12.08,12.74,79200,12.74
"2010-07-21",12.84,13.15,12.51,12.58,92900,12.58
"2010-07-22",12.79,13.32,12.69,13.16,136400,13.16
"2010-07-23",13.02,13.64,12.9,13.59,152000,13.59
"2010-07-26",13.71,13.85,13.38,13.69,92000,13.69
"2010-07-27",13.83,14.05,13.42,13.6,165200,13.6
"2010-07-28",13.54,13.72,13.2,13.39,82100,13.39
"2010-07-29",13.4,13.77,12.29,12.91,125800,12.91
"2010-07-30",12.67,12.71,12.28,12.54,114300,12.54
"2010-08-02",12.8,12.9,12.4,12.64,93700,12.64
"2010-08-03",12.63,12.72,12.32,12.41,66100,12.41
"2010-08-04",12.5,12.85,12.44,12.63,82700,12.63
"2010-08-05",12.5,12.83,12.37,12.5,82500,12.5
"2010-08-06",12.28,12.64,12.12,12.27,54900,12.27
"2010-08-09",12.42,12.52,12.21,12.45,43100,12.45
"2010-08-10",12.26,12.32,11.93,12.02,80000,12.02
"2010-08-11",11.77,11.77,11,11.09,139100,11.09
"2010-08-12",10.9,11.34,10.73,11.2,129400,11.2
"2010-08-13",11.11,11.25,10.77,11.2,100200,11.2
"2010-08-16",11.21,11.95,11.08,11.41,134500,11.41
"2010-08-17",11.57,12.25,11.47,11.88,132400,11.88
"2010-08-18",11.89,11.99,11.55,11.7,201200,11.7
"2010-08-19",11.6,11.6,11.19,11.38,135200,11.38
"2010-08-20",11.29,11.4,10.9,10.97,125400,10.97
"2010-08-23",11.02,11.39,11.01,11.18,96800,11.18
"2010-08-24",10.97,11.15,10.74,10.92,104600,10.92
"2010-08-25",10.73,11.21,10.45,11.16,93100,11.16
"2010-08-26",11.2,11.26,10.66,10.87,88300,10.87
"2010-08-27",11.03,11.31,10.57,11.26,67400,11.26
"2010-08-30",11.17,11.31,10.64,10.67,55600,10.67
"2010-08-31",10.66,11.22,10.55,10.85,100300,10.85
"2010-09-01",11.14,11.31,10.98,11.31,60300,11.31
"2010-09-02",11.32,11.52,11.15,11.48,64700,11.48
"2010-09-03",11.69,11.8,11.35,11.54,59000,11.54
"2010-09-07",11.48,11.48,11,11.03,55500,11.03
"2010-09-08",11.08,11.18,10.78,10.86,53600,10.86
"2010-09-09",11.07,11.21,10.92,11.09,55900,11.09
"2010-09-10",11.12,11.53,11.03,11.4,52800,11.4
"2010-09-13",11.61,12.32,11.61,12.2,117300,12.2
"2010-09-14",12.11,12.24,11.76,11.92,96100,11.92
"2010-09-15",11.85,12.18,11.73,12.08,54200,12.08
"2010-09-16",12.11,12.37,12.11,12.22,52400,12.22
"2010-09-17",12.33,12.38,11.9,12.07,78800,12.07
"2010-09-20",12.11,12.85,12,12.75,164000,12.75
"2010-09-21",12.75,12.75,12.34,12.7,86500,12.7
"2010-09-22",12.7,12.7,12.26,12.58,59800,12.58
"2010-09-23",12.42,12.57,11.93,12.15,85500,12.15
"2010-09-24",12.35,12.65,12.1,12.53,78800,12.53
"2010-09-27",12.61,12.83,12.51,12.56,242000,12.56
"2010-09-28",12.65,12.86,12.57,12.7,179600,12.7
"2010-09-29",12.69,12.99,12.56,12.93,116000,12.93
"2010-09-30",13.1,13.1,12.41,12.62,94700,12.62
"2010-10-01",12.77,12.77,12.32,12.71,60400,12.71
"2010-10-04",12.62,12.86,12.15,12.63,96300,12.63
"2010-10-05",12.79,13.16,12.53,13.12,96800,13.12
"2010-10-06",13.12,13.35,13.05,13.11,62400,13.11
"2010-10-07",13.27,13.27,12.71,12.86,87400,12.86
"2010-10-08",12.83,13.35,12.68,13.14,74500,13.14
"2010-10-11",13.16,13.21,12.81,13.13,67300,13.13
"2010-10-12",13.11,13.18,12.88,13.15,94300,13.15
"2010-10-13",13.25,13.69,13.1,13.24,153800,13.24
"2010-10-14",13.25,13.4,13.14,13.31,29100,13.31
"2010-10-15",13.5,13.63,13.27,13.56,98100,13.56
"2010-10-18",13.62,14.22,13.58,14.1,118000,14.1
"2010-10-19",13.86,14.41,13.6,13.81,114600,13.81
"2010-10-20",13.93,14.57,13.85,14.36,58000,14.36
"2010-10-21",14.48,14.7,13.83,14.38,88000,14.38
"2010-10-22",14.42,14.56,14.34,14.5,85300,14.5
"2010-10-25",14.62,14.69,14.25,14.47,150900,14.47
"2010-10-26",14.33,14.44,13.88,14.26,147800,14.26
"2010-10-27",14.15,14.53,14.02,14.16,65200,14.16
"2010-10-28",14,14.16,11.02,11.21,483600,11.21
"2010-10-29",11.25,11.56,10.8,11.42,324000,11.42
"2010-11-01",11.55,11.61,10.96,11.11,247000,11.11
"2010-11-02",11.3,11.31,10.8,10.91,171600,10.91
"2010-11-03",10.97,11.1,10.7,10.85,160600,10.85
"2010-11-04",10.98,11.1,10.89,11.05,115200,11.05
"2010-11-05",10.99,11.1,10.72,10.78,232800,10.78
"2010-11-08",10.75,10.79,10.55,10.73,99300,10.73
"2010-11-09",10.73,10.73,10.42,10.48,111500,10.48
"2010-11-10",10.55,10.55,10.21,10.49,110800,10.49
"2010-11-11",10.34,10.9,10.22,10.85,255200,10.85
"2010-11-12",10.77,10.85,10.42,10.56,102000,10.56
"2010-11-15",10.57,10.62,10.22,10.24,126700,10.24
"2010-11-16",10.2,10.2,9.61,9.85,225500,9.85
"2010-11-17",9.9,9.99,9.78,9.83,153700,9.83
"2010-11-18",9.96,10.03,9.75,9.94,180600,9.94
"2010-11-19",9.91,9.96,9.81,9.87,121800,9.87
"2010-11-22",9.89,10,9.79,9.97,118100,9.97
"2010-11-23",9.85,10.02,9.65,9.71,120600,9.71
"2010-11-24",9.8,9.98,9.76,9.9,43300,9.9
"2010-11-26",9.8,10.15,9.8,10.08,71100,10.08
"2010-11-29",9.97,10.2,9.9,10.02,70800,10.02
"2010-11-30",9.87,9.95,9.69,9.92,91900,9.92
"2010-12-01",10.14,10.18,9.98,10.07,92500,10.07
"2010-12-02",10.14,10.44,10.06,10.41,85700,10.41
"2010-12-03",10.33,10.66,10.21,10.47,66500,10.47
"2010-12-06",10.47,10.57,10.33,10.33,56600,10.33
"2010-12-07",10.54,10.55,10.23,10.27,81200,10.27
"2010-12-08",10.29,10.36,10.24,10.29,76000,10.29
"2010-12-09",10.36,10.43,10.25,10.27,56900,10.27
"2010-12-10",10.26,10.32,10.1,10.2,107200,10.2
"2010-12-13",10.24,10.32,10.05,10.05,72200,10.05
"2010-12-14",10.11,10.11,9.89,9.94,121600,9.94
"2010-12-15",9.95,9.99,9.81,9.85,83400,9.85
"2010-12-16",9.9,9.94,9.81,9.91,109100,9.91
"2010-12-17",9.84,9.88,9.64,9.66,168100,9.66
"2010-12-20",9.66,9.71,9.32,9.43,162400,9.43
"2010-12-21",9.53,9.55,9.22,9.36,188500,9.36
"2010-12-22",9.4,9.79,9.27,9.76,244200,9.76
"2010-12-23",9.8,10.1,9.8,10.04,122700,10.04
"2010-12-27",9.98,10,9.75,9.91,77700,9.91
"2010-12-28",9.95,10.02,9.82,9.96,39800,9.96
"2010-12-29",9.96,10.02,9.85,9.85,41600,9.85
"2010-12-30",9.87,9.96,9.74,9.8,98300,9.8
"2010-12-31",9.8,9.92,9.76,9.84,115500,9.84
"2011-01-03",9.97,10.3,9.92,10.21,151100,10.21
"2011-01-04",10.34,10.53,9.98,10.06,231900,10.06
"2011-01-05",10.01,10.15,9.87,10.04,168700,10.04
"2011-01-06",10.02,10.04,9.7,9.96,107200,9.96
"2011-01-07",9.94,10.05,9.72,9.86,96400,9.86
"2011-01-10",9.83,9.95,9.78,9.85,90900,9.85
"2011-01-11",9.87,9.96,9.5,9.76,278100,9.76
"2011-01-12",9.88,9.95,9.82,9.85,266600,9.85
"2011-01-13",9.87,9.95,9.79,9.83,80400,9.83
"2011-01-14",9.83,9.83,9.75,9.77,127500,9.77
"2011-01-18",9.75,9.93,9.62,9.93,92600,9.93
"2011-01-19",9.95,9.95,9.68,9.74,110700,9.74
"2011-01-20",9.68,9.77,9.61,9.7,56800,9.7
"2011-01-21",9.76,9.83,9.56,9.71,69100,9.71
"2011-01-24",9.68,9.74,9.5,9.7,41900,9.7
"2011-01-25",9.61,9.86,9.59,9.67,67200,9.67
"2011-01-26",9.72,9.91,9.65,9.77,49800,9.77
"2011-01-27",9.78,10.2,9.67,10.18,141500,10.18
"2011-01-28",10.19,10.3,9.71,9.85,118900,9.85
"2011-01-31",9.9,9.98,9.71,9.74,54200,9.74
"2011-02-01",9.81,9.91,9.7,9.82,38600,9.82
"2011-02-02",9.8,10.05,9.76,9.96,66100,9.96
"2011-02-03",10.04,10.5,9.77,9.9,211700,9.9
"2011-02-04",9.91,9.91,9.63,9.86,60300,9.86
"2011-02-07",9.85,10,9.81,9.9,29300,9.9
"2011-02-08",9.84,9.87,9.55,9.86,88100,9.86
"2011-02-09",9.79,10.02,9.73,10.01,52000,10.01
"2011-02-10",9.92,10.19,9.76,10.04,57400,10.04
"2011-02-11",9.97,10.36,9.9,10.24,91400,10.24
"2011-02-14",10.32,10.64,10.24,10.54,162700,10.54
"2011-02-15",10.48,10.7,10.46,10.6,112100,10.6
"2011-02-16",10.62,10.91,10.6,10.86,233800,10.86
"2011-02-17",12.64,14.2,12.46,13.19,1759900,13.19
"2011-02-18",13.28,14.88,13.25,14.65,834600,14.65
"2011-02-22",14.41,15.28,14.25,14.68,471000,14.68
"2011-02-23",14.75,14.76,13.6,13.85,412700,13.85
"2011-02-24",13.83,14.75,13.31,14.66,421700,14.66
"2011-02-25",14.69,14.92,14.4,14.74,178400,14.74
"2011-02-28",14.79,14.99,14.6,14.94,202100,14.94
"2011-03-01",15.02,15.09,14.45,14.51,189600,14.51
"2011-03-02",14.51,15.31,14.51,14.98,263100,14.98
"2011-03-03",15.16,15.3,14.86,14.95,172900,14.95
"2011-03-04",14.95,15.04,14.64,14.9,204000,14.9
"2011-03-07",14.98,14.98,14.48,14.75,106000,14.75
"2011-03-08",14.75,15.05,14.53,14.82,100400,14.82
"2011-03-09",14.73,14.9,14.55,14.89,98800,14.89
"2011-03-10",14.71,14.71,14.12,14.27,165500,14.27
"2011-03-11",14.4,14.45,13.99,14.31,157300,14.31
"2011-03-14",14.16,14.25,13.9,14.17,80000,14.17
"2011-03-15",13.72,14.14,13.53,13.81,142300,13.81
"2011-03-16",13.72,13.84,13.3,13.37,106200,13.37
"2011-03-17",13.6,14.09,13.42,14.06,89400,14.06
"2011-03-18",14.17,14.69,14.11,14.68,160300,14.68
"2011-03-21",14.82,15.03,14.78,14.92,121400,14.92
"2011-03-22",14.92,14.99,14.8,14.95,74400,14.95
"2011-03-23",14.89,14.99,14.74,14.92,138700,14.92
"2011-03-24",14.97,14.97,14.78,14.84,109600,14.84
"2011-03-25",14.92,14.94,14.73,14.86,74100,14.86
"2011-03-28",14.96,14.96,14.8,14.86,86800,14.86
"2011-03-29",14.92,14.92,14.81,14.87,77400,14.87
"2011-03-30",14.96,15.96,14.8,15.87,288700,15.87
"2011-03-31",15.99,16.450001,15.6,15.87,203600,15.87
"2011-04-01",16.02,16.129999,15.93,16.040001,60400,16.040001
"2011-04-04",16.059999,16.16,15.74,16.040001,91400,16.040001
"2011-04-05",15.94,16.280001,15.94,16.17,105400,16.17
"2011-04-06",16.23,16.290001,16.120001,16.209999,66900,16.209999
"2011-04-07",16.040001,16.25,15.55,15.58,140200,15.58
"2011-04-08",15.68,15.68,15.15,15.28,72300,15.28
"2011-04-11",15.49,15.91,15.45,15.67,96900,15.67
"2011-04-12",15.5,15.85,15.43,15.74,59200,15.74
"2011-04-13",15.91,16,15.64,15.88,62800,15.88
"2011-04-14",15.69,15.9,15.51,15.87,53800,15.87
"2011-04-15",15.8,16.23,15.65,16.190001,118800,16.190001
"2011-04-18",15.85,15.97,15.68,15.95,95600,15.95
"2011-04-19",16.01,16.16,15.84,16.110001,81500,16.110001
"2011-04-20",16.32,16.450001,16.110001,16.32,94100,16.32
"2011-04-21",16.43,16.610001,16.360001,16.57,92300,16.57
"2011-04-25",16.99,16.99,16.1,16.25,306200,16.25
"2011-04-26",16.280001,16.469999,16.17,16.200001,65400,16.200001
"2011-04-27",16.23,16.450001,15.89,16.35,101000,16.35
"2011-04-28",17.07,17.6,16.200001,17.450001,380100,17.450001
"2011-04-29",17.700001,17.75,17.200001,17.219999,146000,17.219999
"2011-05-02",17.360001,17.379999,16.799999,17.030001,115000,17.030001
"2011-05-03",17,17,16.57,16.85,72000,16.85
"2011-05-04",16.51,16.610001,16.110001,16.370001,125000,16.370001
"2011-05-05",16.1,16.540001,15.96,16.200001,94000,16.200001
"2011-05-06",16.49,16.66,16.110001,16.15,95600,16.15
"2011-05-09",16.129999,16.51,15.96,16.34,66000,16.34
"2011-05-10",16.440001,16.66,16.440001,16.58,70100,16.58
"2011-05-11",16.52,16.67,16.17,16.299999,79800,16.299999
"2011-05-12",16.219999,16.66,15.8,16.5,118000,16.5
"2011-05-13",16.49,16.49,16.190001,16.299999,42500,16.299999
"2011-05-16",16.139999,16.809999,16.049999,16.559999,105500,16.559999
"2011-05-17",16.389999,16.6,16.24,16.440001,104100,16.440001
"2011-05-18",16.450001,17.27,16.35,17.209999,1e+05,17.209999
"2011-05-19",17.26,17.4,16.879999,17.07,82300,17.07
"2011-05-20",16.99,17.18,16.799999,17.02,79300,17.02
"2011-05-23",16.73,17.17,16.6,16.940001,101200,16.940001
"2011-05-24",17.18,17.5,16.959999,16.959999,83000,16.959999
"2011-05-25",16.83,17.049999,16.35,17.01,1e+05,17.01
"2011-05-26",16.9,17.48,16.860001,17.280001,54600,17.280001
"2011-05-27",17.35,17.549999,17.16,17.219999,37900,17.219999
"2011-05-31",17.5,17.66,17.200001,17.620001,85400,17.620001
"2011-06-01",17.58,17.620001,16.76,16.860001,78800,16.860001
"2011-06-02",16.879999,17.129999,16.75,16.790001,33000,16.790001
"2011-06-03",16.5,16.780001,16.34,16.59,87800,16.59
"2011-06-06",16.549999,16.59,15.65,15.67,121500,15.67
"2011-06-07",15.88,16,15.53,15.64,123200,15.64
"2011-06-08",15.54,15.54,14.89,15,134000,15
"2011-06-09",15.02,15.29,15.02,15.16,63600,15.16
"2011-06-10",15.02,15.05,14.46,14.68,87900,14.68
"2011-06-13",14.71,14.97,14.54,14.86,71800,14.86
"2011-06-14",15.01,16.110001,14.97,15.6,130600,15.6
"2011-06-15",15.46,15.5,14.95,14.99,83600,14.99
"2011-06-16",14.99,15.58,14.99,15.18,55100,15.18
"2011-06-17",15.36,15.4,14.72,14.78,136500,14.78
"2011-06-20",14.75,15.58,14.75,15.41,104400,15.41
"2011-06-21",15.6,15.98,15.54,15.9,79300,15.9
"2011-06-22",15.77,16,15.66,15.81,56700,15.81
"2011-06-23",15.54,15.78,15.04,15.76,75500,15.76
"2011-06-24",15.78,15.86,15.37,15.67,193700,15.67
"2011-06-27",15.69,16.18,15.59,15.91,89700,15.91
"2011-06-28",16.01,16.65,15.98,16.49,51000,16.49
"2011-06-29",16.57,16.91,16.43,16.85,68900,16.85
"2011-06-30",16.889999,17.25,16.73,16.799999,70200,16.799999
"2011-07-01",16.76,17.27,16.6,17.27,84400,17.27
"2011-07-05",17.200001,17.49,17,17.33,50600,17.33
"2011-07-06",17.309999,17.66,16.870001,17.5,81600,17.5
"2011-07-07",17.73,18.08,17.700001,18.040001,151600,18.040001
"2011-07-08",17.780001,18.82,17.610001,18.74,221900,18.74
"2011-07-11",18.610001,19.299999,18.27,18.59,168100,18.59
"2011-07-12",18.33,18.9,18.25,18.469999,119100,18.469999
"2011-07-13",18.540001,19.139999,18.34,18.790001,114100,18.790001
"2011-07-14",18.93,19.299999,18.84,19.190001,245100,19.190001
"2011-07-15",19.33,19.33,18.389999,19.129999,112800,19.129999
"2011-07-18",18.91,19.120001,18.450001,18.73,108300,18.73
"2011-07-19",18.91,19.32,18.549999,19.25,80900,19.25
"2011-07-20",19.280001,19.280001,18.75,18.98,85300,18.98
"2011-07-21",19,19.32,19,19.24,47100,19.24
"2011-07-22",19.200001,19.27,18.82,19.08,29200,19.08
"2011-07-25",18.52,18.66,18.08,18.299999,117800,18.299999
"2011-07-26",18.24,18.24,17.58,17.700001,84200,17.700001
"2011-07-27",17.540001,17.860001,16.959999,17.780001,140500,17.780001
"2011-07-28",17.1,17.99,16.809999,17.26,302000,17.26
"2011-07-29",16.98,17.280001,16.6,16.84,233300,16.84
"2011-08-01",17.059999,17.059999,16.379999,16.5,127100,16.5
"2011-08-02",16.4,16.799999,15.97,15.98,122400,15.98
"2011-08-03",16.040001,16.07,15.32,16.07,139900,16.07
"2011-08-04",15.77,15.95,14.72,14.75,145900,14.75
"2011-08-05",15,15.17,14.1,14.98,128700,14.98
"2011-08-08",14.29,14.59,12.98,12.98,188600,12.98
"2011-08-09",13.4,14.02,12.38,13.94,145900,13.94
"2011-08-10",13.52,13.74,12.8,12.83,139000,12.83
"2011-08-11",12.92,14,12.54,13.82,184600,13.82
"2011-08-12",14,14.63,13.67,14.35,75200,14.35
"2011-08-15",14.64,14.81,14.35,14.59,75100,14.59
"2011-08-16",14.28,14.65,13.78,13.94,129400,13.94
"2011-08-17",14.08,14.72,13.97,14.19,71500,14.19
"2011-08-18",13.59,13.86,12.88,13.06,90100,13.06
"2011-08-19",12.66,13.32,12.5,12.8,88600,12.8
"2011-08-22",13.02,13.19,12.4,12.51,107700,12.51
"2011-08-23",12.63,13.24,12.51,13.17,155400,13.17
"2011-08-24",13.11,13.35,12.93,13.31,52500,13.31
"2011-08-25",13.5,13.68,12.93,13.01,62700,13.01
"2011-08-26",12.79,13.39,12.5,13.14,70400,13.14
"2011-08-29",13.36,13.46,12.95,13.45,113600,13.45
"2011-08-30",13.35,13.6,13.02,13.5,125000,13.5
"2011-08-31",13.6,13.82,13.06,13.33,72600,13.33
"2011-09-01",13.32,13.61,12.91,13.01,64900,13.01
"2011-09-02",12.59,12.83,12.12,12.5,107200,12.5
"2011-09-06",12.11,12.35,11.85,12.16,129600,12.16
"2011-09-07",12.34,12.98,12.28,12.87,112700,12.87
"2011-09-08",12.69,12.75,12.34,12.47,50300,12.47
"2011-09-09",12.24,12.27,11.82,11.93,92500,11.93
"2011-09-12",11.75,12.04,11.36,11.72,97300,11.72
"2011-09-13",11.77,12.03,11.57,11.73,95700,11.73
"2011-09-14",11.87,12.45,11.7,12.29,60300,12.29
"2011-09-15",12.48,12.87,12.15,12.57,72500,12.57
"2011-09-16",12.99,13.75,12.98,13.58,218100,13.58
"2011-09-19",13.26,13.72,13.02,13.51,78400,13.51
"2011-09-20",13.63,13.9,13.37,13.47,71500,13.47
"2011-09-21",13.48,13.64,12.65,12.66,104400,12.66
"2011-09-22",12.1,12.48,11.75,12.04,90800,12.04
"2011-09-23",12,12.41,11.87,12.08,89000,12.08
"2011-09-26",12.31,12.45,12,12.44,80400,12.44
"2011-09-27",12.75,13.3,12.55,12.85,97100,12.85
"2011-09-28",12.84,12.84,12.03,12.12,107400,12.12
"2011-09-29",12.54,12.6,12,12.47,56900,12.47
"2011-09-30",12.13,12.62,12.13,12.32,58400,12.32
"2011-10-03",12.17,12.57,11.31,11.32,86100,11.32
"2011-10-04",11.19,12.25,11.18,12.16,94300,12.16
"2011-10-05",12.18,12.62,12.08,12.56,66600,12.56
"2011-10-06",12.62,12.89,12.6,12.83,104000,12.83
"2011-10-07",12.84,12.9,12.15,12.41,73400,12.41
"2011-10-10",12.74,12.88,12.49,12.88,108300,12.88
"2011-10-11",12.68,12.92,12.5,12.85,76200,12.85
"2011-10-12",12.95,13.39,12.75,13.32,109600,13.32
"2011-10-13",13.17,13.35,12.79,13.34,31200,13.34
"2011-10-14",13.53,14.17,13.42,14.12,58500,14.12
"2011-10-17",13.97,14.13,13.67,13.81,60700,13.81
"2011-10-18",13.83,14.38,13.73,14.34,51800,14.34
"2011-10-19",14.32,14.54,13.83,14.11,49900,14.11
"2011-10-20",14.08,14.16,13.65,14.09,31500,14.09
"2011-10-21",14.43,14.63,13.97,14.46,106800,14.46
"2011-10-24",14.47,15.03,14.47,14.96,68200,14.96
"2011-10-25",14.9,15.1,14.67,14.95,61900,14.95
"2011-10-26",15.25,15.26,14.79,15.21,64900,15.21
"2011-10-27",15.78,16.440001,15.02,16.120001,153800,16.120001
"2011-10-28",15.94,16.459999,15.55,16.18,53000,16.18
"2011-10-31",15.86,15.86,14.7,14.73,113300,14.73
"2011-11-01",13.86,14.33,13.51,13.71,149800,13.71
"2011-11-02",14.06,14.17,13.78,14.13,86200,14.13
"2011-11-03",14.46,14.77,14.04,14.69,68100,14.69
"2011-11-04",14.43,14.76,14.43,14.68,33300,14.68
"2011-11-07",14.59,14.75,14.14,14.68,52000,14.68
"2011-11-08",14.79,15.03,14.69,14.95,107500,14.95
"2011-11-09",14.38,14.79,14.25,14.46,62100,14.46
"2011-11-10",14.76,14.84,14.38,14.57,40600,14.57
"2011-11-11",14.81,15.13,14.56,14.97,42700,14.97
"2011-11-14",14.83,14.99,14.42,14.74,47300,14.74
"2011-11-15",14.65,15.11,14.5,14.99,66600,14.99
"2011-11-16",14.76,14.98,14.36,14.59,55200,14.59
"2011-11-17",14.52,14.67,14.25,14.41,81800,14.41
"2011-11-18",14.5,14.62,14.38,14.46,62600,14.46
"2011-11-21",14.09,14.09,13.63,13.91,45400,13.91
"2011-11-22",13.87,14.12,13.54,13.94,29600,13.94
"2011-11-23",13.73,13.86,13.5,13.62,50000,13.62
"2011-11-25",13.56,13.87,13.56,13.74,26200,13.74
"2011-11-28",14.39,15.1,14.39,14.78,67800,14.78
"2011-11-29",14.88,15,14.63,14.87,83400,14.87
"2011-11-30",15.52,15.74,15,15.43,117400,15.43
"2011-12-01",15.38,15.7,15.3,15.45,97100,15.45
"2011-12-02",15.75,15.82,15.26,15.29,124700,15.29
"2011-12-05",15.64,15.64,15.15,15.36,46500,15.36
"2011-12-06",15.32,15.4,15.03,15.09,45700,15.09
"2011-12-07",15,15.32,14.73,15.17,32500,15.17
"2011-12-08",14.98,15.15,14.69,14.79,41700,14.79
"2011-12-09",14.83,15.35,14.75,15.32,44800,15.32
"2011-12-12",14.98,15.19,14.71,15.1,37000,15.1
"2011-12-13",15.23,15.33,14.42,14.49,46500,14.49
"2011-12-14",14.42,14.51,13.81,13.87,86600,13.87
"2011-12-15",14.15,14.36,14,14.12,42000,14.12
"2011-12-16",14.19,14.75,14,14.54,157900,14.54
"2011-12-19",14.7,14.7,14.03,14.29,41300,14.29
"2011-12-20",14.61,14.99,14.59,14.86,69700,14.86
"2011-12-21",14.74,14.95,14.25,14.84,32100,14.84
"2011-12-22",14.94,14.94,14.43,14.57,43800,14.57
"2011-12-23",14.59,14.99,14.59,14.89,22600,14.89
"2011-12-27",14.77,14.92,14.55,14.79,31700,14.79
"2011-12-28",14.76,14.76,14.5,14.51,17500,14.51
"2011-12-29",14.62,14.91,14.57,14.88,37800,14.88
"2011-12-30",14.93,14.95,14.77,14.87,27700,14.87
"2012-01-03",15.26,15.28,14.77,14.98,50300,14.98
"2012-01-04",14.86,14.96,14.75,14.79,24200,14.79
"2012-01-05",14.7,14.79,14.52,14.56,32600,14.56
"2012-01-06",14.59,14.67,14.32,14.52,31100,14.52
"2012-01-09",14.64,14.64,14.15,14.27,44600,14.27
"2012-01-10",14.5,14.95,14,14.18,1e+05,14.18
"2012-01-11",14.09,14.39,13.99,14.21,34100,14.21
"2012-01-12",14.13,14.4,14.04,14.36,46100,14.36
"2012-01-13",14.32,14.61,14.02,14.61,79100,14.61
"2012-01-17",14.77,14.89,14.61,14.87,52000,14.87
"2012-01-18",14.87,15.2,14.74,15.19,54000,15.19
"2012-01-19",15.23,15.38,15.08,15.24,32100,15.24
"2012-01-20",15.25,15.48,15.19,15.24,35700,15.24
"2012-01-23",15.23,15.32,15,15.21,32700,15.21
"2012-01-24",15.15,15.29,15.04,15.11,44300,15.11
"2012-01-25",15.03,15.06,14.74,15.01,45700,15.01
"2012-01-26",15.06,15.21,14.9,15.09,36600,15.09
"2012-01-27",15.06,15.76,14.97,15.61,45000,15.61
"2012-01-30",15.42,15.9,15.31,15.7,25400,15.7
"2012-01-31",15.86,15.99,15.63,15.76,34800,15.76
"2012-02-01",15.87,16.309999,15.38,15.8,73100,15.8
"2012-02-02",15.78,15.9,15.59,15.88,13700,15.88
"2012-02-03",16.07,16.709999,16.07,16.43,73300,16.43
"2012-02-06",16.33,16.33,15.66,15.94,92100,15.94
"2012-02-07",15.86,16.049999,15.59,15.83,37200,15.83
"2012-02-08",15.85,16.110001,15.56,15.77,30300,15.77
"2012-02-09",15.76,15.82,15.53,15.71,23300,15.71
"2012-02-10",15.63,15.75,15.5,15.52,22300,15.52
"2012-02-13",15.75,16.1,15.7,15.94,38100,15.94
"2012-02-14",15.81,15.88,15.44,15.82,42500,15.82
"2012-02-15",15.9,16.030001,15.63,15.78,38100,15.78
"2012-02-16",15.8,16.190001,15.79,15.92,47800,15.92
"2012-02-17",16.059999,16.48,16,16.309999,62400,16.309999
"2012-02-21",16.299999,16.33,15.61,15.78,83500,15.78
"2012-02-22",15.63,15.95,15.35,15.74,41100,15.74
"2012-02-23",15.75,15.85,15.69,15.75,29900,15.75
"2012-02-24",15.82,15.82,15.53,15.59,34700,15.59
"2012-02-27",15.34,15.34,14.66,15.12,44900,15.12
"2012-02-28",15.22,15.35,14.87,15.11,72800,15.11
"2012-02-29",15.13,15.29,15.04,15.16,38400,15.16
"2012-03-01",15.22,15.59,15.22,15.33,55000,15.33
"2012-03-02",15.35,15.48,14.75,15.01,67200,15.01
"2012-03-05",14.99,15.11,14.77,15.04,27600,15.04
"2012-03-06",14.82,15,14.59,14.77,46500,14.77
"2012-03-07",14.83,15.15,14.83,15.12,25300,15.12
"2012-03-08",15.27,15.8,15.09,15.7,56900,15.7
"2012-03-09",15.7,16.139999,15.69,16.07,41900,16.07
"2012-03-12",16.02,16.07,15.84,15.99,37300,15.99
"2012-03-13",16.129999,16.549999,15.98,16.52,43900,16.52
"2012-03-14",16.450001,16.450001,16.02,16.15,51300,16.15
"2012-03-15",16.09,16.469999,16.049999,16.43,31800,16.43
"2012-03-16",16.43,16.65,16.309999,16.610001,50800,16.610001
"2012-03-19",16.549999,17,16.549999,16.799999,51100,16.799999
"2012-03-20",16.65,16.99,16.209999,16.82,25800,16.82
"2012-03-21",16.82,16.83,16.34,16.73,52700,16.73
"2012-03-22",16.52,17,16.5,16.959999,43600,16.959999
"2012-03-23",16.93,17.379999,16.870001,17.379999,69900,17.379999
"2012-03-26",17.52,17.889999,17.5,17.559999,66200,17.559999
"2012-03-27",17.49,17.799999,17.41,17.469999,30800,17.469999
"2012-03-28",17.5,17.700001,17.34,17.59,39900,17.59
"2012-03-29",17.41,17.93,17.370001,17.83,31000,17.83
"2012-03-30",17.9,17.9,17.25,17.25,74700,17.25
"2012-04-02",17.440001,17.709999,16.959999,17.209999,74300,17.209999
"2012-04-03",17.120001,17.49,16.85,17.120001,36000,17.120001
"2012-04-04",16.950001,17.09,16.73,17,44500,17
"2012-04-05",16.889999,17.32,16.879999,17.25,20200,17.25
"2012-04-09",16.93,17.17,16.889999,17.1,19200,17.1
"2012-04-10",17.120001,17.120001,16.25,16.370001,64400,16.370001
"2012-04-11",16.58,16.98,16.26,16.98,47400,16.98
"2012-04-12",16.99,17.75,16.99,17.639999,35400,17.639999
"2012-04-13",17.549999,17.75,17.450001,17.620001,24700,17.620001
"2012-04-16",17.700001,17.99,17.48,17.790001,24200,17.790001
"2012-04-17",17.76,17.98,17.74,17.77,21700,17.77
"2012-04-18",17.68,17.75,17.030001,17.5,39100,17.5
"2012-04-19",17.469999,17.610001,17.219999,17.35,23300,17.35
"2012-04-20",17.52,17.75,17.42,17.690001,39000,17.690001
"2012-04-23",17.309999,17.49,17.059999,17.33,24400,17.33
"2012-04-24",17.299999,17.700001,17.27,17.469999,17500,17.469999
"2012-04-25",17.68,17.84,17.33,17.469999,37500,17.469999
"2012-04-26",17.700001,17.700001,17.030001,17.219999,47500,17.219999
"2012-04-27",17.360001,17.5,16.549999,17.09,68500,17.09
"2012-04-30",17.02,17.209999,16.48,17.08,111000,17.08
"2012-05-01",16.959999,17.16,16.43,16.459999,104600,16.459999
"2012-05-02",16.290001,16.52,16.200001,16.26,51000,16.26
"2012-05-03",16.190001,16.190001,15.83,16.01,46000,16.01
"2012-05-04",15.74,15.96,15.15,15.3,92600,15.3
"2012-05-07",15.28,15.38,15.04,15.25,24000,15.25
"2012-05-08",15.17,15.42,15.01,15.3,31900,15.3
"2012-05-09",15.1,15.37,15.05,15.08,21000,15.08
"2012-05-10",15.22,15.36,14.75,15,34100,15
"2012-05-11",14.86,15.02,14.7,14.81,39000,14.81
"2012-05-14",14.66,14.7,14.48,14.6,39200,14.6
"2012-05-15",14.55,14.75,14.43,14.6,46000,14.6
"2012-05-16",14.74,14.93,14.66,14.82,22100,14.82
"2012-05-17",14.82,14.89,14.46,14.53,36600,14.53
"2012-05-18",14.51,14.88,14.5,14.8,57100,14.8
"2012-05-21",14.81,14.92,14.52,14.9,40100,14.9
"2012-05-22",14.84,14.92,14.33,14.65,53000,14.65
"2012-05-23",14.51,14.74,14.38,14.65,20000,14.65
"2012-05-24",14.7,14.89,14.49,14.89,28000,14.89
"2012-05-25",14.89,14.91,14.7,14.89,29000,14.89
"2012-05-29",14.96,15.1,14.84,15.01,30200,15.01
"2012-05-30",14.88,14.97,14.76,14.88,21200,14.88
"2012-05-31",14.88,14.91,14.59,14.89,67700,14.89
"2012-06-01",14.57,14.91,13.74,14.76,69700,14.76
"2012-06-04",14.81,14.97,14.4,14.66,54000,14.66
"2012-06-05",14.59,14.97,14.25,14.87,516700,14.87
"2012-06-06",14.96,15.48,14.76,15.35,42900,15.35
"2012-06-07",15.54,15.54,15.1,15.15,44100,15.15
"2012-06-08",15.04,15.32,15.01,15.2,30100,15.2
"2012-06-11",15.33,15.33,14.87,14.9,31200,14.9
"2012-06-12",14.9,15.08,14.48,14.67,74200,14.67
"2012-06-13",14.6,14.69,14.16,14.24,89200,14.24
"2012-06-14",14.29,14.64,14.25,14.61,42800,14.61
"2012-06-15",14.63,14.77,14.43,14.5,78100,14.5
"2012-06-18",14.44,14.65,14.22,14.28,66900,14.28
"2012-06-19",14.3,14.56,14.2,14.3,57800,14.3
"2012-06-20",14.26,14.35,13.94,14.17,30900,14.17
"2012-06-21",14.12,14.17,13.43,13.6,81700,13.6
"2012-06-22",13.68,13.93,13.68,13.79,97800,13.79
"2012-06-25",13.59,13.85,13.57,13.72,30700,13.72
"2012-06-26",13.73,13.86,13.67,13.73,25400,13.73
"2012-06-27",13.74,13.9,13.42,13.55,122200,13.55
"2012-06-28",13.46,13.66,13.37,13.62,75700,13.62
"2012-06-29",13.89,14.32,13.84,14.23,71800,14.23
"2012-07-02",14.2,14.51,14.01,14.45,38500,14.45
"2012-07-03",14.49,14.81,14.39,14.56,43700,14.56
"2012-07-05",14.55,14.9,14.55,14.7,33200,14.7
"2012-07-06",14.54,14.85,14.54,14.73,58400,14.73
"2012-07-09",14.74,14.89,14.6,14.7,54500,14.7
"2012-07-10",14.8,14.89,14.55,14.65,24900,14.65
"2012-07-11",14.65,14.86,14.49,14.73,54600,14.73
"2012-07-12",14.6,14.86,14.6,14.82,28100,14.82
"2012-07-13",14.85,15,14.74,14.99,48100,14.99
"2012-07-16",14.95,15,14.78,14.93,40900,14.93
"2012-07-17",15,15.07,14.73,14.92,28000,14.92
"2012-07-18",14.91,14.95,14.71,14.74,32600,14.74
"2012-07-19",14.78,14.97,14.71,14.83,10600,14.83
"2012-07-20",14.74,14.94,14.7,14.8,24000,14.8
"2012-07-23",14.61,14.66,14.2,14.3,38300,14.3
"2012-07-24",14.32,14.38,13.84,13.97,33900,13.97
"2012-07-25",14.01,14.17,13.5,13.76,33800,13.76
"2012-07-26",13.99,14.01,13.42,13.6,30600,13.6
"2012-07-27",13.7,13.92,13.3,13.81,69400,13.81
"2012-07-30",13.84,14.05,13.49,13.57,21900,13.57
"2012-07-31",14.3,14.68,14.17,14.55,41900,14.55
"2012-08-01",14.64,14.64,13.85,13.86,36900,13.86
"2012-08-02",13.79,14.03,13.26,13.55,48800,13.55
"2012-08-03",13.77,14,13.72,13.86,35700,13.86
"2012-08-06",13.9,14.59,13.86,14.47,56500,14.47
"2012-08-07",14.56,14.64,14.32,14.4,25800,14.4
"2012-08-08",14.34,14.45,14.08,14.25,20200,14.25
"2012-08-09",14.28,14.38,13.86,13.92,28000,13.92
"2012-08-10",13.91,13.99,13.61,13.7,28300,13.7
"2012-08-13",13.66,13.71,13.43,13.65,20600,13.65
"2012-08-14",13.67,13.67,13.41,13.5,16200,13.5
"2012-08-15",13.46,13.82,13.42,13.8,18400,13.8
"2012-08-16",13.81,13.88,13.55,13.77,34300,13.77
"2012-08-17",13.77,13.86,13.71,13.8,51500,13.8
"2012-08-20",13.77,13.88,13.3,13.62,50100,13.62
"2012-08-21",13.64,13.72,13.24,13.35,49700,13.35
"2012-08-22",13.32,13.37,13.01,13.16,29200,13.16
"2012-08-23",13.17,13.17,12.87,13.01,29400,13.01
"2012-08-24",13.02,13.05,12.67,12.96,31200,12.96
"2012-08-27",12.99,13.11,12.86,13.03,61600,13.03
"2012-08-28",13.02,13.08,12.86,13.02,35900,13.02
"2012-08-29",13.04,13.28,12.96,13.21,40400,13.21
"2012-08-30",13.04,13.16,12.95,13.01,24300,13.01
"2012-08-31",13.12,13.27,12.92,13.27,40900,13.27
"2012-09-04",13.25,13.33,12.9,13.19,58000,13.19
"2012-09-05",13.26,13.26,12.87,12.97,72500,12.97
"2012-09-06",13.05,13.1,12.6,12.99,82900,12.99
"2012-09-07",13.05,13.1,12.75,12.81,79100,12.81
"2012-09-10",12.83,12.96,12.82,12.87,107400,12.87
"2012-09-11",12.88,12.95,12.69,12.9,110400,12.9
"2012-09-12",12.94,13.86,12.89,13.86,117100,13.86
"2012-09-13",13.84,14.98,13.83,14.74,145900,14.74
"2012-09-14",14.76,15.04,14.62,14.72,68300,14.72
"2012-09-17",14.7,15,14.59,14.94,41300,14.94
"2012-09-18",14.91,15.1,14.88,15.07,34600,15.07
"2012-09-19",15.15,15.45,15.12,15.23,32100,15.23
"2012-09-20",15.16,15.44,15.08,15.14,25000,15.14
"2012-09-21",15.31,15.68,15.31,15.44,75100,15.44
"2012-09-24",15.43,15.62,14.96,15.39,29000,15.39
"2012-09-25",15.43,15.59,15.26,15.34,39800,15.34
"2012-09-26",15.37,15.37,15.01,15.23,43200,15.23
"2012-09-27",15.3,15.54,15.18,15.45,31300,15.45
"2012-09-28",15.36,15.65,15.35,15.44,26400,15.44
"2012-10-01",15.49,15.64,15.17,15.33,41200,15.33
"2012-10-02",15.39,15.53,15.21,15.27,42100,15.27
"2012-10-03",15.27,15.62,15.11,15.42,31800,15.42
"2012-10-04",15.46,15.58,15.19,15.51,17900,15.51
"2012-10-05",15.59,15.59,15.07,15.28,44700,15.28
"2012-10-08",15.24,15.53,15.15,15.37,9400,15.37
"2012-10-09",15.33,15.4,14.99,15.28,16100,15.28
"2012-10-10",15.29,15.29,14.8,14.96,43100,14.96
"2012-10-11",15.11,15.12,14.75,14.77,25800,14.77
"2012-10-12",14.78,14.95,14.48,14.79,9800,14.79
"2012-10-15",14.79,14.89,14.75,14.87,20000,14.87
"2012-10-16",14.96,15.47,14.96,15.43,24900,15.43
"2012-10-17",15.43,16,15.43,15.72,37900,15.72
"2012-10-18",15.67,15.83,15.18,15.25,35300,15.25
"2012-10-19",15.16,15.27,14.47,14.57,50200,14.57
"2012-10-22",14.5,14.6,14.11,14.52,17400,14.52
"2012-10-23",14.41,14.59,14.31,14.59,18500,14.59
"2012-10-24",14.64,14.95,14.53,14.94,54700,14.94
"2012-10-25",15.26,15.34,14.75,15.1,33800,15.1
"2012-10-26",15.14,15.25,14.81,15.13,18200,15.13
"2012-10-31",14.97,15.44,14.97,15.4,27500,15.4
"2012-11-01",15.18,15.92,15.18,15.88,39700,15.88
"2012-11-02",15.89,15.89,15.43,15.51,29600,15.51
"2012-11-05",15.49,15.49,15.12,15.19,17300,15.19
"2012-11-06",15.19,15.46,14.73,15.42,8900,15.42
"2012-11-07",15.22,15.3,14.78,14.9,29100,14.9
"2012-11-08",14.84,14.9,14.6,14.65,17400,14.65
"2012-11-09",14.61,14.82,14.56,14.71,12900,14.71
"2012-11-12",14.84,15.34,14.76,15.11,102300,15.11
"2012-11-13",15.07,15.28,14.8,15.01,38400,15.01
"2012-11-14",15.03,15.14,14.61,14.89,37600,14.89
"2012-11-15",14.84,15.01,14.68,14.78,38600,14.78
"2012-11-16",14.76,14.81,14.59,14.6,46500,14.6
"2012-11-19",14.77,15,14.77,14.94,43100,14.94
"2012-11-20",14.93,14.98,14.89,14.9,32900,14.9
"2012-11-21",14.92,15,14.78,14.95,29900,14.95
"2012-11-23",15.02,15.18,14.76,15.11,34800,15.11
"2012-11-26",15.11,15.15,14.84,14.99,38400,14.99
"2012-11-27",14.97,15.16,14.87,14.91,35500,14.91
"2012-11-28",14.84,15.04,14.76,14.99,21100,14.99
"2012-11-29",15.04,15.1,14.74,15,65100,15
"2012-11-30",15.03,15.12,14.84,14.92,31500,14.92
"2012-12-03",14.98,15.02,14.78,14.9,20000,14.9
"2012-12-04",14.93,15.04,14.82,14.9,19600,14.9
"2012-12-05",14.92,14.95,14.76,14.88,20300,14.88
"2012-12-06",14.83,14.94,14.58,14.92,15000,14.92
"2012-12-07",14.97,14.98,14.75,14.88,14700,14.88
"2012-12-10",14.89,15.03,14.82,15.01,23500,15.01
"2012-12-11",15.08,15.08,14.95,15.01,30200,15.01
"2012-12-12",15.09,15.09,14.71,14.83,30600,14.83
"2012-12-13",14.82,14.82,14.4,14.61,25400,14.61
"2012-12-14",14.6,14.79,14.26,14.55,75200,14.55
"2012-12-17",14.59,14.76,14.4,14.65,69200,14.65
"2012-12-18",14.68,14.82,14.26,14.8,67400,14.8
"2012-12-19",14.81,14.93,14.71,14.82,51000,14.82
"2012-12-20",14.84,14.94,14.33,14.77,33600,14.77
"2012-12-21",14.59,14.71,14.34,14.34,167900,14.34
"2012-12-24",14.35,14.45,14.28,14.35,16400,14.35
"2012-12-26",14.31,14.45,14.2,14.26,30000,14.26
"2012-12-27",14.25,14.38,14.11,14.2,18000,14.2
"2012-12-28",14.09,14.36,13.91,13.93,32100,13.93
"2012-12-31",13.94,14.62,13.94,14.5,41500,14.5
"2013-01-02",14.94,15,14.84,14.96,49800,14.96
"2013-01-03",14.95,15.04,14.82,14.96,31400,14.96
"2013-01-04",15.02,15.58,14.96,15.51,19600,15.51
"2013-01-07",15.41,15.45,14.99,15.25,42500,15.25
"2013-01-08",15.22,15.22,14.91,15.05,16800,15.05
"2013-01-09",15.05,15.19,14.96,15.13,13200,15.13
"2013-01-10",15.19,15.22,14.92,15.16,60700,15.16
"2013-01-11",15.17,15.25,14.96,15.07,48400,15.07
"2013-01-14",15.04,15.25,14.94,15.2,25600,15.2
"2013-01-15",15.14,15.35,15.01,15.32,15300,15.32
"2013-01-16",15.28,15.28,14.95,15.16,18700,15.16
"2013-01-17",15.27,15.4,15.06,15.36,22100,15.36
"2013-01-18",15.37,15.5,15,15.18,34200,15.18
"2013-01-22",15.13,15.43,15.01,15.4,17400,15.4
"2013-01-23",15.44,15.81,15.25,15.79,34300,15.79
"2013-01-24",15.67,16.17,15.45,16.040001,35000,16.040001
"2013-01-25",16.040001,16.200001,15.75,16.190001,1008900,16.190001
"2013-01-28",16.18,16.200001,16.049999,16.110001,69800,16.110001
"2013-01-29",16.1,16.200001,16,16.16,47000,16.16
"2013-01-30",16.129999,16.200001,15.76,15.81,80600,15.81
"2013-01-31",15.6,16.040001,15.6,15.75,54700,15.75
"2013-02-01",15.87,15.87,15.41,15.74,36100,15.74
"2013-02-04",15.65,15.76,15.12,15.5,82700,15.5
"2013-02-05",16.09,18.5,16.09,18.309999,494300,18.309999
"2013-02-06",18.32,19.469999,18.32,19.040001,248700,19.040001
"2013-02-07",19.040001,19.040001,18.370001,18.9,106100,18.9
"2013-02-08",19.040001,20.389999,18.84,19.99,182400,19.99
"2013-02-11",20.049999,20.139999,19.559999,20.08,72900,20.08
"2013-02-12",20.01,20.700001,19.99,20.469999,67100,20.469999
"2013-02-13",20.719999,20.950001,20.51,20.799999,56400,20.799999
"2013-02-14",20.74,20.83,20.5,20.790001,48300,20.790001
"2013-02-15",20.93,21.17,20.82,21.01,68300,21.01
"2013-02-19",21.049999,22.389999,20.82,22.120001,130600,22.120001
"2013-02-20",22.32,22.4,21.17,21.23,102600,21.23
"2013-02-21",21.18,21.84,20.309999,21.620001,133800,21.620001
"2013-02-22",21.9,22.17,21.52,21.59,64100,21.59
"2013-02-25",21.700001,21.719999,20.950001,21.08,82000,21.08
"2013-02-26",21.18,22,21.139999,21.889999,28900,21.889999
"2013-02-27",21.889999,22.559999,21.799999,22.33,48700,22.33
"2013-02-28",22.34,23.030001,22.34,22.549999,99800,22.549999
"2013-03-01",22.450001,23.200001,22.33,23.120001,54500,23.120001
"2013-03-04",23.08,23.440001,22.870001,23.34,62100,23.34
"2013-03-05",23.4,23.59,23.059999,23.280001,40700,23.280001
"2013-03-06",23.389999,23.389999,23,23.059999,36100,23.059999
"2013-03-07",22.91,22.950001,22.65,22.91,31900,22.91
"2013-03-08",23,23,21.84,22.309999,99500,22.309999
"2013-03-11",22.34,22.75,22.139999,22.549999,48300,22.549999
"2013-03-12",22.52,22.85,22.5,22.809999,21300,22.809999
"2013-03-13",22.82,22.93,22.52,22.82,30200,22.82
"2013-03-14",22.84,22.950001,22.629999,22.84,45300,22.84
"2013-03-15",22.700001,22.950001,22.209999,22.23,78400,22.23
"2013-03-18",21.83,22.809999,21.620001,22.629999,53400,22.629999
"2013-03-19",22.629999,22.700001,21.99,22.389999,62400,22.389999
"2013-03-20",22.530001,22.959999,22.42,22.83,35400,22.83
"2013-03-21",22.68,22.76,22.5,22.639999,27200,22.639999
"2013-03-22",22.639999,22.75,22.299999,22.35,44600,22.35
"2013-03-25",22.35,22.57,22.110001,22.389999,50900,22.389999
"2013-03-26",22.5,22.67,22.25,22.52,32900,22.52
"2013-03-27",22.33,22.41,22.139999,22.290001,27300,22.290001
"2013-03-28",22.360001,22.5,22.219999,22.360001,30000,22.360001
"2013-04-01",22.360001,22.549999,21.889999,22.01,41300,22.01
"2013-04-02",22.129999,22.25,21.799999,21.98,38200,21.98
"2013-04-03",21.950001,21.950001,21.08,21.17,42800,21.17
"2013-04-04",21.24,21.450001,21.09,21.41,26000,21.41
"2013-04-05",20.92,21.360001,20.75,21.200001,24900,21.200001
"2013-04-08",21.190001,21.41,20.9,21.07,29500,21.07
"2013-04-09",21.17,21.459999,21.17,21.209999,25300,21.209999
"2013-04-10",21.26,22,20.98,21.709999,57800,21.709999
"2013-04-11",21.73,22.629999,21.719999,22.299999,45800,22.299999
"2013-04-12",22.209999,22.209999,21.82,22.1,16300,22.1
"2013-04-15",21.969999,21.969999,20.6,20.68,42600,20.68
"2013-04-16",20.83,21.299999,20.68,21.15,36300,21.15
"2013-04-17",20.93,21.190001,19.99,20.120001,42400,20.120001
"2013-04-18",20.15,20.219999,19.719999,20.129999,27000,20.129999
"2013-04-19",20.23,20.49,19.92,20.15,48200,20.15
"2013-04-22",20.27,20.27,19.75,20.09,36800,20.09
"2013-04-23",20.18,20.67,19.959999,20.559999,29100,20.559999
"2013-04-24",20.65,20.85,20.15,20.540001,41200,20.540001
"2013-04-25",20.610001,20.610001,18,19.16,169400,19.16
"2013-04-26",18.91,19.15,18.639999,18.9,60800,18.9
"2013-04-29",18.959999,19.01,18.450001,18.549999,27100,18.549999
"2013-04-30",18.77,19.91,18.700001,19.35,182600,19.35
"2013-05-01",19.110001,19.129999,18,18.24,126300,18.24
"2013-05-02",18.09,18.620001,18.09,18.309999,54700,18.309999
"2013-05-03",18.58,19.5,18.370001,19.35,65100,19.35
"2013-05-06",19.360001,19.389999,18.870001,18.98,37000,18.98
"2013-05-07",19.07,19.299999,18.6,19.15,22000,19.15
"2013-05-08",19.280001,19.280001,18.75,19.16,26400,19.16
"2013-05-09",19.18,19.18,18.76,18.950001,30800,18.950001
"2013-05-10",19.059999,19.059999,18.75,18.879999,20700,18.879999
"2013-05-13",18.84,19.01,18.76,18.860001,13500,18.860001
"2013-05-14",18.85,19.15,18.709999,19.110001,41900,19.110001
"2013-05-15",19.110001,19.34,19.01,19.25,23600,19.25
"2013-05-16",19.219999,19.219999,18.969999,19.049999,27800,19.049999
"2013-05-17",19.1,19.18,18.950001,19.1,56900,19.1
"2013-05-20",19.059999,19.68,19.059999,19.58,18800,19.58
"2013-05-21",19.629999,19.629999,19.23,19.41,28700,19.41
"2013-05-22",19.379999,19.879999,19.26,19.6,42800,19.6
"2013-05-23",19.33,19.73,19.33,19.52,23400,19.52
"2013-05-24",19.32,19.67,19.200001,19.629999,27800,19.629999
"2013-05-28",19.969999,20.17,19.68,19.92,53400,19.92
"2013-05-29",19.870001,19.870001,19.440001,19.629999,25700,19.629999
"2013-05-30",19.66,20,19.610001,19.93,36900,19.93
"2013-05-31",19.85,20.15,19.85,19.9,55500,19.9
"2013-06-03",19.959999,20.190001,19.370001,19.860001,95900,19.860001
"2013-06-04",19.85,19.93,19.620001,19.780001,31000,19.780001
"2013-06-05",19.780001,19.889999,19.629999,19.75,29700,19.75
"2013-06-06",19.719999,19.9,19.690001,19.82,45800,19.82
"2013-06-07",19.99,19.99,19.66,19.73,18600,19.73
"2013-06-10",19.91,20.129999,19.74,19.940001,14000,19.940001
"2013-06-11",19.620001,20,19.620001,19.85,41900,19.85
"2013-06-12",19.99,20.049999,19.77,19.91,21100,19.91
"2013-06-13",20,20.74,19.620001,20.639999,81600,20.639999
"2013-06-14",20.639999,20.82,19.98,20.059999,33800,20.059999
"2013-06-17",20.01,20.35,19.82,20.1,14300,20.1
"2013-06-18",20.1,20.26,19.85,20.129999,29700,20.129999
"2013-06-19",20,20.17,19.809999,19.969999,35400,19.969999
"2013-06-20",19.620001,20,19.5,19.860001,63100,19.860001
"2013-06-21",19.93,20.15,19.5,19.559999,82400,19.559999
"2013-06-24",19.950001,21.93,19.950001,21.76,228600,21.76
"2013-06-25",22.25,22.75,21.780001,22.51,144300,22.51
"2013-06-26",22.75,22.75,22.02,22.25,65700,22.25
"2013-06-27",22.450001,22.75,22.360001,22.620001,58700,22.620001
"2013-06-28",22.549999,22.6,22.030001,22.059999,154900,22.059999
"2013-07-01",22.24,22.99,22.24,22.5,100300,22.5
"2013-07-02",22.540001,23,22.4,22.639999,36100,22.639999
"2013-07-03",22.469999,23.469999,22.43,23.24,43400,23.24
"2013-07-05",24,24.93,23.67,24.790001,87700,24.790001
"2013-07-08",24.790001,24.99,24.139999,24.299999,100100,24.299999
"2013-07-09",24.42,24.549999,23.9,24.01,74200,24.01
"2013-07-10",23.940001,24.32,23.9,24.049999,116800,24.049999
"2013-07-11",24.51,24.58,24.049999,24.139999,82200,24.139999
"2013-07-12",24.129999,24.24,23.5,23.870001,46800,23.870001
"2013-07-15",23.969999,25.24,23.969999,24.85,59200,24.85
"2013-07-16",24.870001,24.950001,24.51,24.57,39400,24.57
"2013-07-17",24.68,25,24.549999,24.709999,29300,24.709999
"2013-07-18",24.790001,25,24.33,24.370001,36100,24.370001
"2013-07-19",24.35,24.889999,24.030001,24.870001,86100,24.870001
"2013-07-22",24.799999,25.360001,24.75,24.879999,73800,24.879999
"2013-07-23",25,25.450001,24.74,25.4,67300,25.4
"2013-07-24",25.41,25.5,24.83,25.200001,42000,25.200001
"2013-07-25",25.1,25.74,25.059999,25.49,43600,25.49
"2013-07-26",24.68,25.040001,24.35,24.629999,58600,24.629999
"2013-07-29",24.57,25,24.57,24.799999,73400,24.799999
"2013-07-30",24.889999,25.01,24.620001,24.85,80700,24.85
"2013-07-31",24.76,25.450001,24.370001,25.09,76600,25.09
"2013-08-01",25.27,25.370001,24.57,24.959999,48900,24.959999
"2013-08-02",24.91,25,24.27,24.5,46000,24.5
"2013-08-05",25,26.58,24.84,26.16,232700,26.16
"2013-08-06",26.379999,27.02,25.360001,25.620001,106400,25.620001
"2013-08-07",25.41,25.57,24.66,24.83,125000,24.83
"2013-08-08",24.870001,24.870001,24.139999,24.49,126400,24.49
"2013-08-09",24.440001,25.15,24.23,24.59,94200,24.59
"2013-08-12",24.49,25.07,24.27,25.01,51800,25.01
"2013-08-13",25.040001,25.379999,24.620001,24.68,31800,24.68
"2013-08-14",24.73,24.959999,24.530001,24.860001,63400,24.860001
"2013-08-15",24.74,24.870001,24.200001,24.299999,56800,24.299999
"2013-08-16",24.17,24.379999,24.030001,24.23,45900,24.23
"2013-08-19",24.190001,24.360001,23.290001,23.33,64200,23.33
"2013-08-20",23.440001,23.82,23.309999,23.75,35700,23.75
"2013-08-21",23.73,23.9,23.01,23.389999,57700,23.389999
"2013-08-22",23.540001,23.940001,23.389999,23.889999,34500,23.889999
"2013-08-23",23.969999,24.049999,23.26,23.48,33600,23.48
"2013-08-26",23.59,23.780001,23.32,23.41,24400,23.41
"2013-08-27",23.219999,23.58,22.68,22.799999,48600,22.799999
"2013-08-28",22.85,23.24,22.549999,22.610001,23500,22.610001
"2013-08-29",22.620001,23.190001,22.58,22.940001,30000,22.940001
"2013-08-30",22.950001,23.129999,22.139999,22.379999,38000,22.379999
"2013-09-03",22.59,23.5,22.59,23.309999,48500,23.309999
"2013-09-04",23.309999,23.93,23.309999,23.74,38300,23.74
"2013-09-05",23.91,24.059999,23.790001,24.040001,44600,24.040001
"2013-09-06",24.110001,24.65,23.76,24.389999,77700,24.389999
"2013-09-09",24.43,24.85,23.92,24.209999,35400,24.209999
"2013-09-10",24.26,24.530001,24.110001,24.450001,30100,24.450001
"2013-09-11",24.77,25.860001,24.57,25.59,103700,25.59
"2013-09-12",25.57,26.49,25.5,25.59,58600,25.59
"2013-09-13",25.74,25.99,25.48,25.799999,49500,25.799999
"2013-09-16",26.219999,26.27,25.6,25.75,39000,25.75
"2013-09-17",25.889999,25.92,25.73,25.799999,46200,25.799999
"2013-09-18",25.860001,25.98,25.32,25.75,67100,25.75
"2013-09-19",25.75,25.76,25.059999,25.629999,36400,25.629999
"2013-09-20",25.77,26.5,25.6,26.110001,73800,26.110001
"2013-09-23",26.059999,26.43,25.790001,26.209999,34600,26.209999
"2013-09-24",26.32,26.75,25.99,26.51,58000,26.51
"2013-09-25",26.459999,27.5,26.23,27.389999,62700,27.389999
"2013-09-26",27.42,28.42,27.290001,28,156900,28
"2013-09-27",27.9,28.02,27.74,27.98,59400,27.98
"2013-09-30",27.6,28.08,27.200001,27.77,116100,27.77
"2013-10-01",27.77,28.110001,27.77,28,87900,28
"2013-10-02",27.709999,28.07,27.52,27.870001,95400,27.870001
"2013-10-03",27.860001,27.889999,27.049999,27.709999,41600,27.709999
"2013-10-04",27.68,28.049999,27.68,27.889999,19500,27.889999
"2013-10-07",27.75,27.940001,27.290001,27.309999,26700,27.309999
"2013-10-08",27.309999,27.629999,25.860001,26.049999,71000,26.049999
"2013-10-09",26.27,26.48,25.809999,26.1,71100,26.1
"2013-10-10",26.5,26.58,26.15,26.32,61300,26.32
"2013-10-11",26.17,27.26,26.139999,27.25,73000,27.25
"2013-10-14",26.93,27.719999,26.690001,27.639999,66700,27.639999
"2013-10-15",27.66,28.360001,27.5,28.08,64200,28.08
"2013-10-16",28.33,28.84,28.33,28.5,40700,28.5
"2013-10-17",28.4,29.23,28.4,29.040001,40500,29.040001
"2013-10-18",29.309999,29.309999,28.719999,29.120001,34500,29.120001
"2013-10-21",28.85,28.85,27.809999,28.35,90700,28.35
"2013-10-22",28.35,28.549999,27.870001,28.25,34800,28.25
"2013-10-23",28.17,28.17,27.469999,27.620001,44300,27.620001
"2013-10-24",27.299999,27.360001,26,26.07,83100,26.07
"2013-10-25",26.040001,26.059999,24.299999,24.950001,193400,24.950001
"2013-10-28",25,25.18,24.67,24.799999,113800,24.799999
"2013-10-29",24.93,24.950001,24.450001,24.540001,36700,24.540001
"2013-10-30",24.5,24.620001,24.35,24.35,56700,24.35
"2013-10-31",24.379999,24.4,23.75,23.75,88800,23.75
"2013-11-01",23.75,23.870001,23.120001,23.35,147200,23.35
"2013-11-04",23.35,24,23.35,23.870001,107400,23.870001
"2013-11-05",23.889999,23.889999,23.26,23.450001,113400,23.450001
"2013-11-06",23.57,23.57,23.129999,23.32,58900,23.32
"2013-11-07",23.42,24.16,23.139999,23.51,104800,23.51
"2013-11-08",23.48,24.32,23.48,24.01,79800,24.01
"2013-11-11",24.01,24.309999,23.82,24.110001,56800,24.110001
"2013-11-12",23.74,24.02,23.219999,23.76,55300,23.76
"2013-11-13",23.66,24.559999,23.27,24.25,80800,24.25
"2013-11-14",24.24,24.370001,24,24.26,23900,24.26
"2013-11-15",24.25,24.700001,23.690001,24.559999,69500,24.559999
"2013-11-18",24.65,25.43,24.25,24.5,136900,24.5
"2013-11-19",24.459999,24.82,24.1,24.280001,43400,24.280001
"2013-11-20",24.389999,24.780001,24.219999,24.450001,43300,24.450001
"2013-11-21",24.51,24.860001,24.379999,24.59,28700,24.59
"2013-11-22",24.629999,25.620001,24.629999,25.450001,94200,25.450001
"2013-11-25",25.549999,26.27,25.190001,25.290001,85200,25.290001
"2013-11-26",25.32,26.57,25.299999,26.32,55200,26.32
"2013-11-27",26.33,26.84,26.33,26.6,35100,26.6
"2013-11-29",26.73,26.940001,26.209999,26.4,25400,26.4
"2013-12-02",26.4,26.709999,25.780001,26.059999,37400,26.059999
"2013-12-03",25.950001,26.42,25.629999,25.91,107700,25.91
"2013-12-04",25.74,25.790001,24.709999,25,77100,25
"2013-12-05",24.889999,25.01,24.360001,24.860001,37100,24.860001
"2013-12-06",25.139999,25.23,24.530001,25,32400,25
"2013-12-09",25,25.6,24.66,24.889999,87500,24.889999
"2013-12-10",24.950001,24.959999,24.190001,24.610001,57000,24.610001
"2013-12-11",24.6,24.610001,24,24.1,50900,24.1
"2013-12-12",24.120001,24.440001,23.610001,24.379999,74200,24.379999
"2013-12-13",24.4,25.129999,23.940001,24.9,61400,24.9
"2013-12-16",25.049999,25.389999,24.76,25.15,56300,25.15
"2013-12-17",25.049999,25.049999,24.42,24.48,49000,24.48
"2013-12-18",24.58,24.610001,24,24.26,79600,24.26
"2013-12-19",24.09,24.43,23.809999,24.33,62500,24.33
"2013-12-20",24.23,25,24.23,24.85,130400,24.85
"2013-12-23",25,25.200001,24.52,24.84,60300,24.84
"2013-12-24",24.860001,25.5,24.860001,25.02,23800,25.02
"2013-12-26",25.110001,25.139999,24.709999,24.82,35500,24.82
"2013-12-27",24.92,24.92,24.26,24.43,39700,24.43
"2013-12-30",24.35,24.68,24.18,24.559999,40800,24.559999
"2013-12-31",24.67,25.139999,24.459999,24.959999,29600,24.959999
"2014-01-02",24.9,25.299999,24.85,25.23,36300,25.23
"2014-01-03",25.23,25.969999,25,25.84,40100,25.84
"2014-01-06",25.85,26,24.799999,25.030001,61600,25.030001
"2014-01-07",25.139999,25.719999,25.01,25.52,60200,25.52
"2014-01-08",25.530001,26.120001,24.6,24.709999,152500,24.709999
"2014-01-09",24.879999,25.030001,24.6,24.91,68200,24.91
"2014-01-10",24.969999,25,24.6,24.610001,29600,24.610001
"2014-01-13",24.6,24.74,24.17,24.27,68400,24.27
"2014-01-14",24.299999,24.66,24.27,24.440001,42900,24.440001
"2014-01-15",24.469999,24.549999,24.07,24.370001,57800,24.370001
"2014-01-16",24.25,24.66,24.08,24.540001,53100,24.540001
"2014-01-17",24.32,24.34,23.379999,23.76,112000,23.76
"2014-01-21",23.75,23.75,23,23.43,58900,23.43
"2014-01-22",23.49,23.5,23.059999,23.48,86000,23.48
"2014-01-23",23.43,23.5,22.75,23.33,72000,23.33
"2014-01-24",23.120001,23.379999,22.42,22.889999,88400,22.889999
"2014-01-27",22.85,23.120001,22.120001,22.67,57900,22.67
"2014-01-28",22.67,23.129999,22.6,22.870001,48100,22.870001
"2014-01-29",22.719999,22.77,22.379999,22.540001,56200,22.540001
"2014-01-30",22.700001,23.26,22.620001,23.110001,49100,23.110001
"2014-01-31",22.67,23.83,22.67,23.48,82900,23.48
"2014-02-03",23.48,23.799999,22.4,22.629999,92000,22.629999
"2014-02-04",22.76,23.67,22.73,22.799999,57200,22.799999
"2014-02-05",22.799999,23,22.25,22.75,51100,22.75
"2014-02-06",22.82,23.01,22.68,22.74,47100,22.74
"2014-02-07",22.790001,23.02,22.620001,22.809999,36900,22.809999
"2014-02-10",22.82,22.82,22.4,22.610001,112100,22.610001
"2014-02-11",22.59,23.5,22.59,23.48,46200,23.48
"2014-02-12",23.370001,23.790001,22.860001,23.139999,40600,23.139999
"2014-02-13",23,24.280001,23,24.23,32200,24.23
"2014-02-14",24.209999,24.530001,23.790001,24.309999,49700,24.309999
"2014-02-18",24.309999,24.540001,23.9,24.110001,66800,24.110001
"2014-02-19",24.049999,24.41,23.43,23.469999,39400,23.469999
"2014-02-20",23.48,24.1,23.440001,24.030001,35100,24.030001
"2014-02-21",24.09,24.18,23.440001,23.76,41400,23.76
"2014-02-24",23.799999,24.5,23.799999,24.32,25600,24.32
"2014-02-25",24.200001,24.379999,23.59,24.07,34700,24.07
"2014-02-26",24.129999,24.26,23.75,23.959999,24800,23.959999
"2014-02-27",23.9,24.24,23.700001,24.129999,30600,24.129999
"2014-02-28",24.059999,24.110001,23.559999,23.610001,53800,23.610001
"2014-03-03",23.469999,23.799999,23.02,23.74,56700,23.74
"2014-03-04",24,25,24,24.92,129200,24.92
"2014-03-05",24.870001,24.870001,23.309999,24.540001,119900,24.540001
"2014-03-06",24.559999,24.99,24.16,24.77,77900,24.77
"2014-03-07",24.93,26.68,24.93,26.559999,90400,26.559999
"2014-03-10",26.5,27.52,26.290001,27.52,105100,27.52
"2014-03-11",27.540001,28.23,27.02,27.530001,106600,27.530001
"2014-03-12",27.4,27.74,27.23,27.58,55500,27.58
"2014-03-13",27.629999,28.09,26.940001,27.139999,88300,27.139999
"2014-03-14",27.059999,27.309999,26.440001,26.82,48200,26.82
"2014-03-17",26.91,27.200001,26.629999,27,30400,27
"2014-03-18",27.1,27.200001,26.629999,26.73,81200,26.73
"2014-03-19",26.639999,27.1,26.4,26.57,37400,26.57
"2014-03-20",26.440001,26.9,25.48,26.33,63900,26.33
"2014-03-21",26.48,26.940001,26.26,26.360001,52700,26.360001
"2014-03-24",26.42,26.440001,26.129999,26.15,38300,26.15
"2014-03-25",26.299999,26.52,25.9,26.290001,30200,26.290001
"2014-03-26",26.4,26.4,25.360001,25.49,46900,25.49
"2014-03-27",25.42,25.950001,25,25.290001,73900,25.290001
"2014-03-28",25.32,25.709999,24.93,25.360001,1e+05,25.360001
"2014-03-31",25.459999,25.93,25.309999,25.549999,53400,25.549999
"2014-04-01",25.559999,26.049999,25.5,25.799999,52700,25.799999
"2014-04-02",25.799999,25.889999,25.5,25.629999,20900,25.629999
"2014-04-03",25.73,25.790001,25.530001,25.610001,24500,25.610001
"2014-04-04",25.799999,25.91,25.16,25.700001,83200,25.700001
"2014-04-07",25.559999,25.629999,25.25,25.4,67400,25.4
"2014-04-08",25.41,25.73,25.129999,25.629999,51600,25.629999
"2014-04-09",25.6,26.049999,25.34,25.92,32100,25.92
"2014-04-10",25.940001,26.209999,25.309999,25.809999,54600,25.809999
"2014-04-11",25.6,26.190001,25.26,25.450001,45900,25.450001
"2014-04-14",25.719999,25.879999,25.5,25.65,35900,25.65
"2014-04-15",25.709999,25.84,25.26,25.74,45200,25.74
"2014-04-16",26,26.389999,25.67,26.139999,65100,26.139999
"2014-04-17",26.15,26.719999,26.1,26.57,31300,26.57
"2014-04-21",28,28.559999,27.5,28.15,209700,28.15
"2014-04-22",28.34,29.5,28.15,29.16,140600,29.16
"2014-04-23",29.33,29.620001,28.85,29.26,54300,29.26
"2014-04-24",29.43,29.85,29.200001,29.83,63000,29.83
"2014-04-25",29.799999,29.98,29.27,29.809999,87000,29.809999
"2014-04-28",29.969999,30.200001,29.6,29.790001,53300,29.790001
"2014-04-29",29.799999,30,29.6,29.690001,62400,29.690001
"2014-04-30",30.01,30.610001,29.6,30.139999,153500,30.139999
"2014-05-01",30.139999,30.209999,29.860001,30.01,202700,30.01
"2014-05-02",30.049999,30.190001,29.83,30.02,140300,30.02
"2014-05-05",29.82,30.209999,29.65,30.09,72500,30.09
"2014-05-06",29.91,29.959999,29.23,29.299999,102000,29.299999
"2014-05-07",29.469999,29.5,28.6,29.1,57100,29.1
"2014-05-08",29,29.48,28.629999,28.83,53000,28.83
"2014-05-09",28.690001,29.389999,28.629999,29.360001,39300,29.360001
"2014-05-12",29.52,30.610001,29.379999,30.299999,55100,30.299999
"2014-05-13",30.08,30.17,29.57,29.639999,106600,29.639999
"2014-05-14",29.66,29.889999,29.059999,29.32,57800,29.32
"2014-05-15",29.32,29.32,28.809999,29.190001,39400,29.190001
"2014-05-16",29.280001,29.860001,28.91,29.370001,33400,29.370001
"2014-05-19",29.41,30.5,29.08,30.440001,85000,30.440001
"2014-05-20",30.450001,30.6,29.950001,30.33,58600,30.33
"2014-05-21",30.57,30.84,29.93,30.120001,29600,30.120001
"2014-05-22",30.16,30.24,29.870001,30.02,26500,30.02
"2014-05-23",30.059999,30.52,29.809999,30.51,33700,30.51
"2014-05-27",30.51,31.09,30.309999,30.9,36000,30.9
"2014-05-28",30.790001,30.83,30.02,30.040001,69100,30.040001
"2014-05-29",30.280001,30.66,29.92,30.639999,72700,30.639999
"2014-05-30",30.709999,31.85,30.66,31.52,105800,31.52
"2014-06-02",31.59,31.59,30.49,30.559999,58500,30.559999
"2014-06-03",30.5,30.75,30.120001,30.43,48000,30.43
"2014-06-04",30.18,30.93,30.18,30.77,42300,30.77
"2014-06-05",30.92,31.200001,30.200001,31.040001,47900,31.040001
"2014-06-06",31.16,31.450001,30.67,31.01,92300,31.01
"2014-06-09",30.32,30.889999,30.32,30.860001,55400,30.860001
"2014-06-10",30.860001,31.15,30.83,31.120001,32700,31.120001
"2014-06-11",30.879999,31.07,30.66,30.75,38600,30.75
"2014-06-12",30.610001,30.610001,30.16,30.370001,28000,30.370001
"2014-06-13",30.33,30.559999,30.09,30.52,38000,30.52
"2014-06-16",30.34,30.49,30,30.389999,26500,30.389999
"2014-06-17",30.24,30.57,30.049999,30.459999,26700,30.459999
"2014-06-18",30.4,31.58,29.950001,31.059999,66100,31.059999
"2014-06-19",31.190001,31.41,30.85,31.309999,16900,31.309999
"2014-06-20",31.450001,31.540001,30.59,31.18,80800,31.18
"2014-06-23",31.09,31.219999,30.200001,30.280001,33400,30.280001
"2014-06-24",30.110001,30.469999,29.700001,29.77,36600,29.77
"2014-06-25",29.5,30.26,28.809999,29.83,71000,29.83
"2014-06-26",29.84,29.940001,29.190001,29.889999,65500,29.889999
"2014-06-27",29.620001,30.290001,29.620001,30.1,77200,30.1
"2014-06-30",30,30.709999,29.9,30.5,54800,30.5
"2014-07-01",30.690001,30.91,30.24,30.66,53700,30.66
"2014-07-02",30.49,30.76,30.370001,30.620001,37000,30.620001
"2014-07-03",30.790001,30.92,30.58,30.92,18600,30.92
"2014-07-07",30.82,31.73,30.620001,31.15,69500,31.15
"2014-07-08",31.07,31.34,30.74,31.120001,28400,31.120001
"2014-07-09",31.23,32.290001,31.129999,31.809999,67300,31.809999
"2014-07-10",31.25,31.549999,30.870001,31.030001,56400,31.030001
"2014-07-11",31.139999,31.16,30.809999,30.99,36100,30.99
"2014-07-14",31.09,31.1,30.68,30.700001,22400,30.700001
"2014-07-15",30.629999,30.959999,30.370001,30.5,45800,30.5
"2014-07-16",30.639999,30.690001,30.1,30.18,55100,30.18
"2014-07-17",30.08,30.25,29.799999,30,131900,30
"2014-07-18",29.9,30.82,29.82,30.459999,49600,30.459999
"2014-07-21",30.32,30.32,29.799999,29.860001,81700,29.860001
"2014-07-22",29.93,30.290001,29.93,30.16,43700,30.16
"2014-07-23",30.25,30.4,29.99,30.33,31500,30.33
"2014-07-24",30.49,31.030001,30.290001,30.370001,46100,30.370001
"2014-07-25",30.129999,30.34,29.799999,29.9,34500,29.9
"2014-07-28",30.040001,30.040001,29.41,29.75,38400,29.75
"2014-07-29",29.91,29.91,29.610001,29.77,33800,29.77
"2014-07-30",29.75,31.02,29.75,30.709999,78500,30.709999
"2014-07-31",30.549999,30.91,30.33,30.5,45400,30.5
"2014-08-01",30.450001,30.700001,30.17,30.49,31600,30.49
"2014-08-04",30.530001,30.59,30.27,30.389999,27300,30.389999
"2014-08-05",30.16,30.26,29.74,29.969999,50500,29.969999
"2014-08-06",29.67,30.5,29.52,30.440001,33900,30.440001
"2014-08-07",30.43,30.450001,29.82,30.059999,59700,30.059999
"2014-08-08",30,30.5,29.98,30.41,19200,30.41
"2014-08-11",30.5,31.190001,30.280001,30.98,27500,30.98
"2014-08-12",30.99,31.18,30.41,30.540001,22600,30.540001
"2014-08-13",30.43,30.969999,30.379999,30.82,20100,30.82
"2014-08-14",30.860001,32.18,30.860001,32.16,50900,32.16
"2014-08-15",32.369999,33.080002,31.74,32.98,94400,32.98
"2014-08-18",33.419998,33.52,33.099998,33.25,34800,33.25
"2014-08-19",33.43,33.43,32.900002,32.98,76700,32.98
"2014-08-20",32.880001,33.66,32.639999,33.290001,35400,33.290001
"2014-08-21",33.360001,33.369999,32.740002,33.299999,17100,33.299999
"2014-08-22",33.220001,33.950001,33.200001,33.240002,46400,33.240002
"2014-08-25",33.540001,34.27,33.540001,33.990002,52600,33.990002
"2014-08-26",34.029999,34.32,33.869999,33.950001,42300,33.950001
"2014-08-27",33.93,34.32,33.419998,33.759998,48200,33.759998
"2014-08-28",33.880001,34.189999,33.740002,33.93,45100,33.93
"2014-08-29",33.939999,34.59,33.709999,33.970001,61700,33.970001
"2014-09-02",34.060001,35.130001,33.84,34.990002,42400,34.990002
"2014-09-03",35.09,35.139999,34.279999,34.389999,31500,34.389999
"2014-09-04",34.560001,35.049999,34.349998,34.389999,22000,34.389999
"2014-09-05",34.32,34.540001,34,34.369999,41000,34.369999
"2014-09-08",34.400002,34.810001,33.720001,33.82,19800,33.82
"2014-09-09",33.610001,33.740002,33.02,33.299999,56400,33.299999
"2014-09-10",33.34,33.919998,33.060001,33.509998,33000,33.509998
"2014-09-11",33.5,34.080002,33.380001,33.470001,29100,33.470001
"2014-09-12",33.610001,33.639999,32.619999,33.099998,38500,33.099998
"2014-09-15",33.029999,33.099998,32.41,32.459999,29900,32.459999
"2014-09-16",32.290001,32.849998,32.09,32.599998,18000,32.599998
"2014-09-17",32.619999,32.759998,32.369999,32.709999,26100,32.709999
"2014-09-18",32.740002,32.740002,32.349998,32.529999,23700,32.529999
"2014-09-19",32.59,32.84,31.809999,32.43,68100,32.43
"2014-09-22",32.16,33.32,31.67,33.040001,37600,33.040001
"2014-09-23",32.860001,32.860001,32,32.02,32500,32.02
"2014-09-24",32.52,32.52,31.74,32.34,25400,32.34
"2014-09-25",32.16,32.16,31.43,31.700001,31800,31.700001
"2014-09-26",31.879999,32.099998,31.709999,32.080002,16600,32.080002
"2014-09-29",31.809999,31.969999,31.200001,31.950001,32000,31.950001
"2014-09-30",32,32,31.52,31.690001,42100,31.690001
"2014-10-01",31.780001,31.780001,30.950001,31.040001,31200,31.040001
"2014-10-02",31.08,31.65,30.57,31.34,36400,31.34
"2014-10-03",31.75,32.07,31.559999,31.9,23000,31.9
"2014-10-06",32.080002,32.080002,31.620001,31.700001,18600,31.700001
"2014-10-07",31.6,32.209999,31.280001,31.51,40400,31.51
"2014-10-08",31.389999,32.529999,31.02,32.490002,31700,32.490002
"2014-10-09",32.380001,32.380001,31.01,31.1,43400,31.1
"2014-10-10",30.91,32.939999,30.91,31.93,62900,31.93
"2014-10-13",32.119999,32.84,32.080002,32.27,38900,32.27
"2014-10-14",32.669998,33.25,32.439999,32.790001,53600,32.790001
"2014-10-15",32.509998,32.860001,30.860001,32.099998,68500,32.099998
"2014-10-16",31.629999,32.720001,31.209999,32.48,45600,32.48
"2014-10-17",32.950001,32.950001,31.950001,32.130001,50600,32.130001
"2014-10-20",31.889999,32.43,31.74,32.380001,43300,32.380001
"2014-10-21",32.400002,33.400002,32.400002,33.169998,34700,33.169998
"2014-10-22",33.25,34,32.32,32.59,46300,32.59
"2014-10-23",32.970001,33.43,32.610001,32.919998,62900,32.919998
"2014-10-24",33.09,33.48,32.709999,33,45500,33
"2014-10-27",32.860001,33.119999,32.439999,32.639999,24300,32.639999
"2014-10-28",32.939999,33.560001,32.900002,33.540001,51600,33.540001
"2014-10-29",33.52,35.259998,33.52,34.09,116400,34.09
"2014-10-30",33.630001,34.130001,33.5,34,72500,34
"2014-10-31",34.5,34.5,33.970001,34.299999,73100,34.299999
"2014-11-03",34.369999,34.41,33.959999,34.060001,38500,34.060001
"2014-11-04",33.900002,34.459999,33.66,33.98,62000,33.98
"2014-11-05",34.279999,34.279999,33.75,34.139999,65100,34.139999
"2014-11-06",33.939999,34.52,33.869999,34.119999,44500,34.119999
"2014-11-07",33.970001,33.970001,33.27,33.560001,63500,33.560001
"2014-11-10",33.48,33.830002,32.900002,33.77,41200,33.77
"2014-11-11",33.639999,33.990002,33.43,33.799999,44000,33.799999
"2014-11-12",33.639999,33.98,33.490002,33.580002,45000,33.580002
"2014-11-13",33.740002,34.400002,33.43,33.560001,45500,33.560001
"2014-11-14",33.459999,33.77,33.049999,33.18,28100,33.18
"2014-11-17",33.23,33.389999,32.560001,32.75,27700,32.75
"2014-11-18",32.650002,33.610001,32.5,32.959999,41900,32.959999
"2014-11-19",33.540001,33.540001,32.57,32.759998,35600,32.759998
"2014-11-20",32.5,33.009998,32.439999,32.75,21800,32.75
"2014-11-21",33.25,33.25,32.529999,32.619999,21400,32.619999
"2014-11-24",32.830002,33.27,32.400002,33.200001,28900,33.200001
"2014-11-25",33.02,33.299999,32.950001,33.220001,31000,33.220001
"2014-11-26",33.25,33.25,32.360001,32.560001,34000,32.560001
"2014-11-28",32.720001,33.299999,32.709999,32.959999,34600,32.959999
"2014-12-01",32.919998,32.959999,32.400002,32.689999,32300,32.689999
"2014-12-02",32.889999,33.200001,32.880001,33.130001,25100,33.130001
"2014-12-03",33.139999,33.689999,32.889999,33.529999,44400,33.529999
"2014-12-04",33.580002,34.110001,33.470001,33.939999,46900,33.939999
"2014-12-05",33.939999,34.57,33.900002,34.459999,41600,34.459999
"2014-12-08",34.52,34.759998,33.900002,34.049999,73800,34.049999
"2014-12-09",33.779999,34.509998,33.220001,34.290001,30800,34.290001
"2014-12-10",34.34,34.939999,33.900002,34.07,46200,34.07
"2014-12-11",34.360001,34.580002,33.5,33.68,30600,33.68
"2014-12-12",33.009998,33.299999,32.630001,32.66,41600,32.66
"2014-12-15",32.68,32.990002,31.809999,32.009998,24600,32.009998
"2014-12-16",32.09,32.970001,32.09,32.380001,28400,32.380001
"2014-12-17",32.34,33.349998,32.169998,33.220001,46900,33.220001
"2014-12-18",33.68,34.740002,33.41,34.57,58400,34.57
"2014-12-19",34.52,35.529999,34.52,34.880001,99700,34.880001
"2014-12-22",35.02,35.389999,34.549999,35.040001,36300,35.040001
"2014-12-23",35.099998,35.790001,35.099998,35.549999,21000,35.549999
"2014-12-24",35.689999,35.700001,34.830002,34.98,46800,34.98
"2014-12-26",34.950001,35.139999,33.880001,34.369999,37600,34.369999
"2014-12-29",34.490002,34.990002,34.380001,34.919998,24100,34.919998
"2014-12-30",34.650002,34.779999,34.369999,34.459999,18200,34.459999
"2014-12-31",34.490002,34.639999,33.939999,34.16,32100,34.16
"2015-01-02",34.529999,34.98,33.509998,33.82,23200,33.82
"2015-01-05",33.610001,33.889999,33.34,33.490002,22000,33.490002
"2015-01-06",33.779999,33.849998,33.240002,33.360001,88100,33.360001
"2015-01-07",33.650002,33.950001,32.669998,33.52,35100,33.52
"2015-01-08",33.650002,34.77,33.52,33.970001,68100,33.970001
"2015-01-09",33.830002,33.990002,33.299999,33.389999,21200,33.389999
"2015-01-12",33.59,33.860001,32.91,33.130001,16300,33.130001
"2015-01-13",33.290001,33.290001,32.150002,32.549999,96600,32.549999
"2015-01-14",32.27,33.18,32.27,33.060001,30700,33.060001
"2015-01-15",33.209999,33.209999,32,32.32,50600,32.32
"2015-01-16",32.139999,33.459999,32.139999,32.93,25500,32.93
"2015-01-20",33.139999,33.360001,32.099998,32.73,99100,32.73
"2015-01-21",32.799999,33.119999,32.5,32.639999,24600,32.639999
"2015-01-22",32.669998,34.279999,32.41,34.200001,65600,34.200001
"2015-01-23",34.110001,34.279999,32.75,33.099998,60300,33.099998
"2015-01-26",33,33.43,33,33.360001,33900,33.360001
"2015-01-27",33.23,33.759998,32.759998,32.889999,41400,32.889999
"2015-01-28",33.259998,33.689999,32.52,32.650002,38200,32.650002
"2015-01-29",32.889999,34.330002,32.889999,33.889999,64100,33.889999
"2015-01-30",33.48,33.66,32.619999,32.740002,36700,32.740002
"2015-02-02",32.619999,33.16,32.43,33.07,30000,33.07
"2015-02-03",32.98,33.119999,32.5,33,62600,33
"2015-02-04",33,34.34,33,33.959999,52400,33.959999
"2015-02-05",34.25,34.959999,33.919998,34.349998,48700,34.349998
"2015-02-06",34.52,34.970001,33,33.57,123300,33.57
"2015-02-09",33.360001,34.200001,32.970001,33.09,34300,33.09
"2015-02-10",33.02,33.32,32.959999,33.040001,28400,33.040001
"2015-02-11",33.029999,33.09,32.509998,32.740002,46800,32.740002
"2015-02-12",32.52,33.040001,32.52,32.919998,56400,32.919998
"2015-02-13",32.98,33.380001,32.860001,33.049999,27800,33.049999
"2015-02-17",33.209999,34.619999,32.650002,34.139999,60000,34.139999
"2015-02-18",34.27,34.580002,34.119999,34.369999,16200,34.369999
"2015-02-19",34.52,34.52,33.619999,33.700001,48800,33.700001
"2015-02-20",33.779999,34.32,33.59,34.09,15100,34.09
"2015-02-23",34.27,34.27,33.700001,33.82,26100,33.82
"2015-02-24",33.93,34.18,33.709999,33.98,17200,33.98
"2015-02-25",33.900002,33.900002,33.400002,33.52,17300,33.52
"2015-02-26",33.43,33.959999,33.220001,33.5,27900,33.5
"2015-02-27",33.360001,33.990002,33.360001,33.759998,47700,33.759998
"2015-03-02",33.93,34.150002,33.759998,34.029999,38200,34.029999
"2015-03-03",34.029999,34.220001,33.740002,33.849998,22300,33.849998
"2015-03-04",33.880001,34.009998,33.540001,33.950001,27100,33.950001
"2015-03-05",34.02,34.02,33.52,33.959999,20300,33.959999
"2015-03-06",33.68,33.950001,33.599998,33.720001,24300,33.720001
"2015-03-09",33.720001,33.759998,33.27,33.560001,49000,33.560001
"2015-03-10",33.080002,33.349998,32.73,33,34800,33
"2015-03-11",32.130001,33.029999,32.130001,33.029999,55900,33.029999
"2015-03-12",33.330002,35.740002,32.52,35.549999,103000,35.549999
"2015-03-13",35.700001,35.740002,35.290001,35.639999,49100,35.639999
"2015-03-16",35.950001,36.889999,35.66,36.450001,135000,36.450001
"2015-03-17",36.540001,37.75,36.5,37.560001,145300,37.560001
"2015-03-18",37.77,38.25,37.610001,37.970001,129300,37.970001
"2015-03-19",38.130001,38.139999,37.279999,37.889999,87800,37.889999
"2015-03-20",38.09,39.25,37.98,38.889999,216500,38.889999
"2015-03-23",38.98,39.939999,38.950001,39.68,100300,39.68
"2015-03-24",39.720001,40.150002,39.259998,39.630001,107400,39.630001
"2015-03-25",39.82,39.959999,39.419998,39.470001,45600,39.470001
"2015-03-26",39.279999,39.950001,39.259998,39.740002,88300,39.740002
"2015-03-27",39.900002,40.369999,39.560001,39.669998,53400,39.669998
"2015-03-30",39.759998,40.110001,39.68,39.84,52500,39.84
"2015-03-31",39.790001,41.25,39.790001,41.200001,142000,41.200001
"2015-04-01",41.34,41.439999,40.34,40.810001,50900,40.810001
"2015-04-02",41.060001,41.669998,40.599998,40.759998,51800,40.759998
"2015-04-06",40.650002,41.369999,40.610001,40.810001,75600,40.810001
"2015-04-07",40.959999,41.5,40.790001,40.830002,54800,40.830002
"2015-04-08",40.509998,41.52,40.509998,41.18,45700,41.18
"2015-04-09",41.369999,41.650002,40.419998,40.5,38300,40.5
"2015-04-10",40.75,41.080002,40.360001,40.560001,41300,40.560001
"2015-04-13",40.610001,40.75,39.849998,40.189999,36300,40.189999
"2015-04-14",40.389999,40.919998,40.029999,40.630001,37600,40.630001
"2015-04-15",40.639999,41.130001,40.419998,40.720001,82700,40.720001
"2015-04-16",40.470001,41.060001,39.91,40.139999,60000,40.139999
"2015-04-17",39.869999,40.040001,39.27,39.43,45400,39.43
"2015-04-20",39.529999,39.990002,39.209999,39.549999,58200,39.549999
"2015-04-21",39.759998,40.200001,39.560001,39.98,72700,39.98
"2015-04-22",39.889999,40.139999,39.650002,39.990002,39200,39.990002
"2015-04-23",39.959999,40.48,39.849998,40.349998,37100,40.349998
"2015-04-24",40.029999,40.490002,39.98,40.25,46400,40.25
"2015-04-27",40.18,41.119999,39.810001,40.029999,39500,40.029999
"2015-04-28",39.720001,40.68,39.490002,40.279999,39300,40.279999
"2015-04-29",40.150002,40.439999,39.779999,39.990002,44200,39.990002
"2015-04-30",39.810001,39.830002,39.029999,39.110001,83500,39.110001
"2015-05-01",39.139999,39.540001,38.849998,39.150002,61300,39.150002
"2015-05-04",39.32,39.849998,38.849998,39,41500,39
"2015-05-05",38.740002,38.849998,38.110001,38.610001,70200,38.610001
"2015-05-06",38.650002,39.240002,38.389999,38.880001,42500,38.880001
"2015-05-07",37.5,37.5,34.310001,36.009998,161400,36.009998
"2015-05-08",35.52,36.439999,35.349998,36.029999,70000,36.029999
"2015-05-11",35.830002,36.18,35.540001,35.82,49600,35.82
"2015-05-12",35.810001,35.830002,35.200001,35.52,48200,35.52
"2015-05-13",35.630001,35.84,35.369999,35.529999,28000,35.529999
"2015-05-14",35.75,36.439999,35.450001,36,116100,36
"2015-05-15",35.93,36.27,35.599998,36.110001,83000,36.110001
"2015-05-18",36.16,36.830002,35.790001,36.709999,39500,36.709999
"2015-05-19",36.830002,36.830002,36.09,36.360001,40200,36.360001
"2015-05-20",36.369999,36.900002,36.130001,36.84,40700,36.84
"2015-05-21",36.689999,37.360001,36.689999,37.18,45000,37.18
"2015-05-22",37.18,37.380001,36.66,37.09,31100,37.09
"2015-05-26",36.869999,37.450001,36.639999,36.869999,59000,36.869999
"2015-05-27",37.029999,37.369999,36.57,37.259998,50200,37.259998
"2015-05-28",37.02,37.360001,36.830002,37.32,52400,37.32
"2015-05-29",37.169998,37.77,36.869999,36.91,127700,36.91
"2015-06-01",37.009998,37.040001,36.59,36.799999,44100,36.799999
"2015-06-02",36.540001,37.139999,36.43,36.669998,32200,36.669998
"2015-06-03",36.52,36.950001,36.189999,36.84,40900,36.84
"2015-06-04",36.43,36.75,36.23,36.48,28900,36.48
"2015-06-05",36.259998,36.57,36.139999,36.490002,23400,36.490002
"2015-06-08",36.290001,36.369999,36,36.27,41600,36.27
"2015-06-09",36.18,36.279999,36.009998,36.110001,27300,36.110001
"2015-06-10",36.189999,36.580002,35.880001,36.23,63000,36.23
"2015-06-11",36.380001,37.189999,36.16,37.16,61900,37.16
"2015-06-12",37.040001,37.169998,36.57,36.75,19000,36.75
"2015-06-15",36.43,36.43,35.889999,36.16,45000,36.16
"2015-06-16",36.220001,36.669998,36.220001,36.360001,44500,36.360001
"2015-06-17",36.310001,37.040001,36.139999,36.970001,33000,36.970001
"2015-06-18",37.029999,37.720001,36.889999,37.130001,50700,37.130001
"2015-06-19",37.25,37.66,36.939999,37.27,71300,37.27
"2015-06-22",37.349998,38,37.119999,37.529999,26500,37.529999
"2015-06-23",37.990002,37.990002,37.07,37.740002,23400,37.740002
"2015-06-24",37.580002,37.580002,36.799999,37.169998,35000,37.169998
"2015-06-25",37.130001,37.5,36.759998,37.450001,30600,37.450001
"2015-06-26",37.310001,37.75,36.93,37.110001,48100,37.110001
"2015-06-29",36.990002,37.290001,36.27,36.68,50900,36.68
"2015-06-30",37.060001,37.259998,36.349998,36.709999,59200,36.709999
"2015-07-01",36.84,37.380001,36.450001,37.119999,38400,37.119999
"2015-07-02",37.259998,37.259998,36.669998,36.830002,30800,36.830002
"2015-07-06",36.720001,36.849998,36.580002,36.700001,30400,36.700001
"2015-07-07",36.599998,37.25,36.200001,37,32800,37
"2015-07-08",36.66,36.91,35.810001,36.150002,43700,36.150002
"2015-07-09",36.48,36.5,35.580002,35.82,36700,35.82
"2015-07-10",36.029999,36.599998,35.939999,36.32,24600,36.32
"2015-07-13",36.66,36.66,36.029999,36.439999,26700,36.439999
"2015-07-14",36.790001,36.880001,36.189999,36.419998,33800,36.419998
"2015-07-15",36.299999,36.720001,35.759998,36,38000,36
"2015-07-16",36.25,36.5,35.869999,35.959999,40600,35.959999
"2015-07-17",35.919998,35.919998,35.529999,35.599998,34300,35.599998
"2015-07-20",35.560001,35.799999,35.119999,35.529999,54800,35.529999
"2015-07-21",35.470001,36.619999,34.93,35.18,109400,35.18
"2015-07-22",34.970001,35.5,34.970001,35.41,24200,35.41
"2015-07-23",35.400002,35.59,35,35.169998,22400,35.169998
"2015-07-24",35.060001,35.330002,34.23,35,36200,35
"2015-07-27",34.740002,34.84,34.25,34.470001,189300,34.470001
"2015-07-28",34.509998,34.790001,34.299999,34.470001,49600,34.470001
"2015-07-29",35.189999,36.869999,34.5,35.919998,77300,35.919998
"2015-07-30",35.860001,36.59,34.91,36.490002,92300,36.490002
"2015-07-31",36.5,36.5,35.740002,35.970001,23600,35.970001
"2015-08-03",36.02,36.209999,35.380001,35.900002,71100,35.900002
"2015-08-04",35.939999,36.700001,35.939999,36.48,238400,36.48
"2015-08-05",36.82,37.5,36.82,37.27,26300,37.27
"2015-08-06",37.400002,37.669998,37.029999,37.34,23400,37.34
"2015-08-07",37.119999,37.240002,36.330002,36.490002,29500,36.490002
"2015-08-10",36.790001,36.950001,36.259998,36.560001,26900,36.560001
"2015-08-11",36.450001,36.599998,35.880001,35.950001,33700,35.950001
"2015-08-12",35.560001,35.560001,34.599998,35.389999,86100,35.389999
"2015-08-13",35.419998,35.73,34.959999,35.299999,30700,35.299999
"2015-08-14",35.150002,36.009998,34.93,35.790001,22800,35.790001
"2015-08-17",35.57,36.080002,34.889999,35.23,30900,35.23
"2015-08-18",35.07,35.509998,34.91,35.400002,44200,35.400002
"2015-08-19",34.990002,35,34.09,34.470001,30600,34.470001
"2015-08-20",34.02,34.360001,33.669998,34.009998,50600,34.009998
"2015-08-21",33.16,34.02,33.16,33.860001,68000,33.860001
"2015-08-24",32.389999,33.860001,32.27,32.540001,59600,32.540001
"2015-08-25",33.419998,33.490002,31.5,31.84,68900,31.84
"2015-08-26",32.290001,32.919998,31.43,32.860001,64200,32.860001
"2015-08-27",32.860001,33.099998,32.27,32.779999,40000,32.779999
"2015-08-28",32.630001,33.299999,32.59,33.220001,27700,33.220001
"2015-08-31",33.009998,33.439999,32.580002,33.34,65300,33.34
"2015-09-01",32.860001,32.860001,31.77,32.290001,105300,32.290001
"2015-09-02",32.560001,32.759998,31.98,32.669998,26300,32.669998
"2015-09-03",32.900002,33.080002,32.5,32.740002,34300,32.740002
"2015-09-04",32.27,32.639999,32.259998,32.490002,15800,32.490002
"2015-09-08",32.950001,32.970001,32.25,32.779999,33400,32.779999
"2015-09-09",33.099998,33.099998,32.209999,32.299999,30400,32.299999
"2015-09-10",32.23,32.369999,31.49,32.189999,23500,32.189999
"2015-09-11",32,32.110001,31.4,32.060001,22900,32.060001
"2015-09-14",32.040001,32.040001,31.059999,31.23,21600,31.23
"2015-09-15",31.33,31.700001,31.18,31.639999,19400,31.639999
"2015-09-16",31.719999,31.809999,31.030001,31.290001,41100,31.290001
"2015-09-17",31.360001,32.400002,31.360001,32.18,25900,32.18
"2015-09-18",31.790001,32.439999,31.360001,32.060001,124200,32.060001
"2015-09-21",32.150002,32.560001,32.09,32.419998,49500,32.419998
"2015-09-22",32.099998,32.130001,31.51,31.73,23400,31.73
"2015-09-23",31.790001,31.959999,30.99,31.16,28200,31.16
"2015-09-24",30.91,31.48,30.389999,31.360001,30600,31.360001
"2015-09-25",31.469999,31.469999,30.450001,30.58,48200,30.58
"2015-09-28",30.57,30.57,29.1,29.32,49000,29.32
"2015-09-29",29.25,29.799999,28.530001,28.969999,88500,28.969999
"2015-09-30",29,29.59,28.809999,29.450001,51900,29.450001
"2015-10-01",29.299999,30,29.299999,29.68,31000,29.68
"2015-10-02",29.25,30.120001,29.25,30.120001,21400,30.120001
"2015-10-05",30.17,30.99,30.17,30.91,25500,30.91
"2015-10-06",30.940001,30.940001,30.35,30.639999,22700,30.639999
"2015-10-07",30.690001,30.93,30.33,30.440001,47900,30.440001
"2015-10-08",30.52,31.33,30.459999,31.16,23800,31.16
"2015-10-09",31.129999,31.49,31.129999,31.440001,21700,31.440001
"2015-10-12",31.34,31.6,31.02,31.440001,12800,31.440001
"2015-10-13",31.16,31.809999,30.73,30.92,30700,30.92
"2015-10-14",31,31.379999,30.16,30.5,28200,30.5
"2015-10-15",30.68,30.9,30.200001,30.85,43800,30.85
"2015-10-16",31.030001,31.08,30.459999,30.639999,33300,30.639999
"2015-10-19",30.6,31.049999,30.41,30.860001,28200,30.860001
"2015-10-20",30.940001,30.940001,30.200001,30.450001,74800,30.450001
"2015-10-21",30.59,31.309999,30.280001,30.610001,49300,30.610001
"2015-10-22",30.719999,31.209999,30.620001,31.209999,38300,31.209999
"2015-10-23",31.35,31.98,31.040001,31.84,22300,31.84
"2015-10-26",31.879999,31.879999,31.27,31.280001,16700,31.280001
"2015-10-27",31.049999,31.620001,30.85,31,23200,31
"2015-10-28",31.01,31.92,30.809999,31.639999,53100,31.639999
"2015-10-29",31.51,32.150002,31.309999,31.379999,49700,31.379999
"2015-10-30",31.459999,31.559999,30.879999,31.370001,27200,31.370001
"2015-11-02",31.559999,32.400002,31.15,32.360001,33900,32.360001
"2015-11-03",32.169998,32.389999,31.68,32.200001,24200,32.200001
"2015-11-04",32.200001,32.23,29.48,30.280001,102500,30.280001
"2015-11-05",30.16,30.75,29.540001,30.290001,26300,30.290001
"2015-11-06",30.09,30.620001,29.620001,30.379999,65500,30.379999
"2015-11-09",30.27,30.620001,29.58,29.66,34900,29.66
"2015-11-10",29.57,30.540001,29.57,30.15,80600,30.15
"2015-11-11",30.190001,31.02,30.190001,30.4,42400,30.4
"2015-11-12",30.309999,30.99,29.969999,30,110800,30
"2015-11-13",29.700001,30,28.27,28.370001,89400,28.370001
"2015-11-16",28.280001,28.809999,27.299999,27.5,51800,27.5
"2015-11-17",27.639999,27.67,26.129999,26.25,99500,26.25
"2015-11-18",26.360001,26.940001,26.09,26.719999,92000,26.719999
"2015-11-19",26.719999,26.92,26.389999,26.5,50700,26.5
"2015-11-20",26.68,26.77,26.26,26.48,28700,26.48
"2015-11-23",26.540001,26.940001,26.290001,26.809999,17700,26.809999
"2015-11-24",26.799999,28.02,26.719999,27.67,83400,27.67
"2015-11-25",27.709999,27.950001,27.43,27.75,25000,27.75
"2015-11-27",27.74,27.950001,27.49,27.709999,11200,27.709999
"2015-11-30",27.67,27.67,27.040001,27.379999,63100,27.379999
"2015-12-01",27.459999,27.77,27.25,27.610001,60800,27.610001
"2015-12-02",27.51,28.620001,27.299999,27.889999,163400,27.889999
"2015-12-03",27.92,28.35,27.440001,27.99,61500,27.99
"2015-12-04",28.200001,29.110001,28.01,28.700001,62600,28.700001
"2015-12-07",28.85,28.85,27.629999,28.15,58400,28.15
"2015-12-08",27.84,28.51,27.65,28.059999,43900,28.059999
"2015-12-09",28,28.629999,27.309999,27.57,72700,27.57
"2015-12-10",27.629999,27.690001,27.16,27.57,23900,27.57
"2015-12-11",27.110001,27.299999,26.57,26.780001,30900,26.780001
"2015-12-14",26.76,27.26,26.41,26.690001,70400,26.690001
"2015-12-15",27.110001,27.360001,26.75,27.200001,45600,27.200001
"2015-12-16",27.27,28.15,27.27,28.02,48900,28.02
"2015-12-17",28.17,28.26,27.549999,27.969999,39400,27.969999
"2015-12-18",27.809999,28.059999,27.379999,28.02,101400,28.02
"2015-12-21",28.32,28.879999,27.799999,28.299999,38800,28.299999
"2015-12-22",28.299999,28.299999,27.59,27.889999,48500,27.889999
"2015-12-23",27.92,29.139999,27.889999,29,30000,29
"2015-12-24",29.07,29.07,28.639999,28.709999,12400,28.709999
"2015-12-28",28.530001,28.709999,28.09,28.389999,21000,28.389999
"2015-12-29",28.120001,28.49,28.07,28.290001,19500,28.290001
"2015-12-30",28.32,28.370001,27.700001,28.030001,42300,28.030001
"2015-12-31",27.83,28.4,27.68,27.84,79300,27.84
