"","SCHW.Open","SCHW.High","SCHW.Low","SCHW.Close","SCHW.Volume","SCHW.Adjusted"
"2010-01-04",19.209999,19.85,18.91,19.780001,14023600,18.165186
"2010-01-05",19.389999,19.73,19.27,19.719999,13248300,18.110083
"2010-01-06",19.639999,19.68,19.23,19.360001,10143700,17.779474
"2010-01-07",19.1,19.389999,18.67,19.290001,19494500,17.715189
"2010-01-08",19.18,19.24,18.969999,19.16,9655100,17.595801
"2010-01-11",19.280001,19.280001,18.98,19.110001,9586600,17.549884
"2010-01-12",19,19.43,18.959999,19.09,11449100,17.531516
"2010-01-13",19.17,19.190001,18.950001,19.1,12530900,17.5407
"2010-01-14",19,19.34,18.959999,19.18,6612800,17.614169
"2010-01-15",19.02,19.16,18.77,19,13235600,17.448864
"2010-01-19",19,19.41,18.91,19.290001,10795900,17.715189
"2010-01-20",18.780001,19.110001,18.65,19.02,28242900,17.467231
"2010-01-21",19.040001,19.309999,18.790001,19.15,49512700,17.586618
"2010-01-22",19.139999,19.26,18.76,18.82,26803300,17.283558
"2010-01-25",19.01,19.1,18.84,18.959999,12216000,17.412128
"2010-01-26",18.879999,19.09,18.620001,18.629999,13896700,17.109069
"2010-01-27",18.73,18.82,18.469999,18.74,16489200,17.21009
"2010-01-28",18.809999,18.809999,18.33,18.42,14864700,16.916214
"2010-01-29",18.66,18.690001,18.18,18.290001,10510700,16.796828
"2010-02-01",18.450001,18.51,18.309999,18.440001,8519200,16.934582
"2010-02-02",18.200001,18.549999,18.129999,18.23,15495600,16.741725
"2010-02-03",18.299999,18.4,18.040001,18.17,12133500,16.686624
"2010-02-04",18.030001,18.120001,17.5,17.59,28299200,16.153974
"2010-02-05",17.559999,18.08,17.559999,18.07,19732000,16.594787
"2010-02-08",18.049999,18.09,17.709999,17.719999,14734000,16.273361
"2010-02-09",17.879999,17.98,17.440001,17.5,16020900,16.071322
"2010-02-10",17.49,18.02,17.389999,17.870001,26045100,16.467576
"2010-02-11",17.85,17.92,17.59,17.68,9711700,16.292486
"2010-02-12",17.75,17.77,17.48,17.610001,15981100,16.22798
"2010-02-16",17.620001,17.83,17.549999,17.809999,8150700,16.412283
"2010-02-17",17.870001,17.9,17.5,17.74,10138300,16.347777
"2010-02-18",17.610001,17.870001,17.6,17.809999,10787000,16.412283
"2010-02-19",18.15,18.84,18.120001,18.73,26144900,17.260082
"2010-02-22",18.700001,18.870001,18.58,18.709999,14953500,17.241652
"2010-02-23",18.629999,18.719999,18.360001,18.41,11761700,16.965196
"2010-02-24",18.370001,18.540001,18.360001,18.43,9636400,16.983627
"2010-02-25",18.219999,18.280001,18.02,18.26,11696400,16.826968
"2010-02-26",18.35,18.379999,18.1,18.309999,11311000,16.873044
"2010-03-01",18.24,18.389999,18.219999,18.25,7913800,16.817753
"2010-03-02",18.26,18.35,18.07,18.26,5904800,16.826968
"2010-03-03",18.280001,18.42,18.09,18.120001,10580800,16.697956
"2010-03-04",18.18,18.690001,18.15,18.43,7293200,16.983627
"2010-03-05",18.48,18.959999,18.43,18.959999,8003800,17.472032
"2010-03-08",18.93,19.110001,18.83,19.040001,7081200,17.545755
"2010-03-09",19.030001,19.110001,18.780001,18.969999,6132400,17.481247
"2010-03-10",18.99,19.17,18.9,19.059999,8201800,17.564184
"2010-03-11",19,19.129999,18.75,19.1,7653800,17.601046
"2010-03-12",18.889999,18.950001,18.33,18.43,19925100,16.983627
"2010-03-15",18.33,18.5,18.15,18.24,16563200,16.808538
"2010-03-16",18.309999,18.540001,18.209999,18.469999,15542900,17.020487
"2010-03-17",18.27,18.6,18.27,18.49,13029800,17.038918
"2010-03-18",18.389999,18.82,18.389999,18.790001,8925500,17.315375
"2010-03-19",18.83,18.959999,18.58,18.58,14262400,17.121855
"2010-03-22",18.51,18.66,18.4,18.540001,7779700,17.084995
"2010-03-23",18.58,18.690001,18.43,18.52,9209400,17.066564
"2010-03-24",18.49,18.559999,18.200001,18.450001,8590700,17.002058
"2010-03-25",18.48,18.879999,18.379999,18.719999,11928700,17.250867
"2010-03-26",18.77,18.91,18.59,18.76,13440500,17.287729
"2010-03-29",18.76,18.940001,18.68,18.73,11824500,17.260082
"2010-03-30",18.700001,18.809999,18.549999,18.75,8654100,17.278513
"2010-03-31",18.690001,18.780001,18.52,18.690001,10355600,17.223223
"2010-04-01",18.76,18.969999,18.389999,18.620001,9426600,17.158716
"2010-04-05",18.629999,18.889999,18.51,18.879999,12933000,17.39831
"2010-04-06",18.9,19.34,18.75,19.24,18277000,17.730058
"2010-04-07",19.27,19.530001,19.26,19.27,15478400,17.757705
"2010-04-08",19.16,19.290001,19.059999,19.120001,10227100,17.619477
"2010-04-09",19.129999,19.280001,19.059999,19.23,6708300,17.720843
"2010-04-12",19.24,19.629999,19.200001,19.549999,7776000,18.015729
"2010-04-13",19.51,19.68,19.34,19.610001,7023300,18.071022
"2010-04-14",19.700001,19.74,19.17,19.35,16532200,17.831426
"2010-04-15",19,19.389999,18.99,19.299999,13796800,17.785349
"2010-04-16",19.209999,19.27,18.67,18.959999,20416000,17.472032
"2010-04-19",18.77,19.120001,18.709999,19.059999,10537800,17.564184
"2010-04-20",19.280001,19.43,19.17,19.290001,12956800,17.776135
"2010-04-21",19.33,19.549999,19.299999,19.49,11161600,17.960438
"2010-04-22",19.35,19.620001,19.129999,19.6,8499000,18.061806
"2010-04-23",19.59,19.91,19.379999,19.879999,10312400,18.319831
"2010-04-26",19.82,19.950001,19.51,19.540001,8609500,18.006516
"2010-04-27",19.4,19.43,18.84,18.879999,13787900,17.39831
"2010-04-28",19.09,19.25,18.870001,18.98,10635800,17.490463
"2010-04-29",19.07,19.52,18.950001,19.27,7682600,17.757705
"2010-04-30",19.299999,19.450001,19.049999,19.290001,10042600,17.776135
"2010-05-03",19.379999,19.719999,19.309999,19.559999,7452200,18.024945
"2010-05-04",19.280001,19.389999,18.799999,18.91,12432400,17.425956
"2010-05-05",18.82,19.040001,18.620001,18.809999,8812600,17.388978
"2010-05-06",18.75,18.959999,17.059999,18.219999,20355800,16.84355
"2010-05-07",18.15,18.15,17.190001,17.219999,31526300,15.919096
"2010-05-10",18,19.1,17.860001,18.129999,21064500,16.760349
"2010-05-11",17.85,18.09,17.629999,17.639999,15511900,16.307366
"2010-05-12",17.690001,17.93,17.610001,17.68,11066400,16.344345
"2010-05-13",17.66,17.809999,17.49,17.5,8293200,16.177943
"2010-05-14",17.4,17.440001,16.66,16.870001,21908000,15.595538
"2010-05-17",16.950001,17.450001,16.809999,17.379999,17701000,16.067008
"2010-05-18",17.49,17.59,16.639999,16.959999,19848900,15.678738
"2010-05-19",16.99,17.190001,16.709999,17.1,21871400,15.808162
"2010-05-20",16.790001,16.950001,16.190001,16.219999,23335900,14.994642
"2010-05-21",16.040001,16.700001,15.89,16.67,16278500,15.410647
"2010-05-24",16.65,16.65,16.200001,16.219999,9649000,14.994642
"2010-05-25",15.93,16.4,15.7,16.389999,15142700,15.151799
"2010-05-26",16.440001,16.559999,16.129999,16.200001,13712800,14.976154
"2010-05-27",16.48,16.790001,16.370001,16.76,9623300,15.493848
"2010-05-28",16.75,16.75,16.26,16.34,10889900,15.105577
"2010-06-01",16.219999,16.389999,15.96,15.96,15405900,14.754285
"2010-06-02",16.08,16.459999,15.91,16.450001,11400800,15.207268
"2010-06-03",16.559999,16.99,16.389999,16.700001,22615000,15.438381
"2010-06-04",16.389999,16.6,16.26,16.309999,16627700,15.077843
"2010-06-07",16.41,16.49,15.84,15.87,12580600,14.671084
"2010-06-08",15.94,16.139999,15.59,16.01,11413400,14.800507
"2010-06-09",16.059999,16.18,15.65,15.74,10336400,14.550904
"2010-06-10",15.9,16.139999,15.81,16.120001,13317000,14.902198
"2010-06-11",15.95,16.33,15.89,16.32,7838500,15.087088
"2010-06-14",16.4,16.440001,15.81,15.85,11291000,14.652595
"2010-06-15",15.91,16.030001,15.78,15.95,11605500,14.74504
"2010-06-16",15.85,15.95,15.72,15.78,10691100,14.587883
"2010-06-17",15.84,15.91,14.96,15.4,30660500,14.23659
"2010-06-18",15.4,15.58,15.36,15.45,11504300,14.282813
"2010-06-21",15.67,15.67,15.24,15.29,9890800,14.1349
"2010-06-22",15.28,15.36,14.87,14.89,14298100,13.765119
"2010-06-23",14.93,15.01,14.75,14.89,10622600,13.765119
"2010-06-24",14.8,14.96,14.6,14.62,12311300,13.515516
"2010-06-25",14.79,14.97,14.6,14.94,13949300,13.811341
"2010-06-28",14.86,15.13,14.82,14.98,11236500,13.848319
"2010-06-29",14.81,14.9,14.13,14.18,16982100,13.108757
"2010-06-30",14.12,14.45,14.1,14.18,14111000,13.108757
"2010-07-01",14.17,14.34,13.75,13.94,14949400,12.886887
"2010-07-02",14.01,14.11,13.81,13.94,9858500,12.886887
"2010-07-06",14.05,14.32,13.95,14.13,14624300,13.062534
"2010-07-07",14.18,14.32,14.04,14.24,15296500,13.164224
"2010-07-08",14.28,14.46,13.99,14.11,16136000,13.044044
"2010-07-09",14.11,14.33,13.98,14.24,19988800,13.164224
"2010-07-12",14.2,14.45,14.13,14.42,11934000,13.330626
"2010-07-13",14.49,14.73,14.47,14.59,12610000,13.487783
"2010-07-14",14.43,14.62,14.33,14.5,11170500,13.404582
"2010-07-15",14.5,14.73,14.28,14.55,13107600,13.450805
"2010-07-16",14.99,15.72,14.92,15.14,39722100,13.996233
"2010-07-19",15.22,15.38,15.05,15.17,12891800,14.023966
"2010-07-20",15,15.1,14.71,15.08,11981700,13.940765
"2010-07-21",15.24,15.24,14.68,14.7,13091700,13.589472
"2010-07-22",14.87,15.16,14.79,15.12,10707300,13.977743
"2010-07-23",15.07,15.24,14.93,15.22,8287000,14.070189
"2010-07-26",15.27,15.4,15.08,15.33,6871800,14.171878
"2010-07-27",15.33,15.44,15.11,15.24,8583600,14.088677
"2010-07-28",15.23,15.32,14.93,15,10195800,13.866809
"2010-07-29",15.11,15.29,14.91,15.04,6954900,13.903787
"2010-07-30",14.95,15.08,14.74,14.79,7683500,13.672673
"2010-08-02",14.92,15.02,14.67,15,10790000,13.866809
"2010-08-03",14.97,14.97,14.74,14.9,8638500,13.774363
"2010-08-04",14.97,15.42,14.83,15.4,12272200,14.23659
"2010-08-05",15.37,15.45,15.24,15.43,9392000,14.264324
"2010-08-06",15.31,15.49,15.13,15.28,9398300,14.125656
"2010-08-09",15.31,15.46,15.18,15.43,6278900,14.264324
"2010-08-10",15.36,15.37,15.1,15.22,9808700,14.070189
"2010-08-11",15.05,15.05,14.64,14.66,9547500,13.606133
"2010-08-12",14.4,14.8,14.4,14.75,7324100,13.689663
"2010-08-13",14.73,14.87,14.5,14.52,7539400,13.476197
"2010-08-16",14.46,14.52,14.19,14.25,8995000,13.225607
"2010-08-17",14.3,14.51,14.15,14.42,9847800,13.383386
"2010-08-18",14.41,14.47,14.25,14.35,7952700,13.318418
"2010-08-19",14.31,14.34,14,14,8707300,12.993578
"2010-08-20",13.9,14.31,13.9,14.13,11977000,13.114233
"2010-08-23",14.16,14.21,14.07,14.11,8105700,13.095671
"2010-08-24",14.01,14.08,13.76,13.76,10469400,12.770832
"2010-08-25",13.66,13.7,13.32,13.49,12995500,12.520241
"2010-08-26",13.44,13.5,13.1,13.15,17970400,12.204682
"2010-08-27",13.28,13.31,13.08,13.22,16403700,12.269651
"2010-08-30",13.19,13.24,12.82,12.82,10874200,11.898405
"2010-08-31",12.78,12.83,12.64,12.76,23425200,11.842719
"2010-09-01",13.11,13.61,13.05,13.54,26621500,12.566647
"2010-09-02",13.44,13.88,13.44,13.77,12739400,12.780113
"2010-09-03",13.89,14.01,13.73,13.86,10227800,12.863642
"2010-09-07",13.73,13.8,13.57,13.59,11043000,12.613052
"2010-09-08",13.63,13.84,13.59,13.73,13480200,12.742988
"2010-09-09",13.91,13.92,13.47,13.52,14291400,12.548085
"2010-09-10",13.58,13.71,13.42,13.67,13373400,12.687301
"2010-09-13",13.88,14.12,13.8,14.02,9358800,13.012141
"2010-09-14",13.96,13.96,13.73,13.85,9356800,12.854362
"2010-09-15",13.74,13.98,13.36,13.92,6924900,12.919329
"2010-09-16",13.84,13.85,13.66,13.67,6553600,12.687301
"2010-09-17",13.75,13.79,13.65,13.73,7820000,12.742988
"2010-09-20",13.84,14.02,13.63,13.98,7911700,12.975016
"2010-09-21",14,14.1,13.87,13.92,11337700,12.919329
"2010-09-22",13.84,13.97,13.57,13.63,8651200,12.650177
"2010-09-23",13.51,13.72,13.45,13.47,8107900,12.501679
"2010-09-24",13.61,14.09,13.61,13.97,9879700,12.965735
"2010-09-27",13.93,14.12,13.76,13.93,10847500,12.928611
"2010-09-28",13.93,14.23,13.81,14.19,12763400,13.169919
"2010-09-29",14.08,14.21,13.86,13.95,22171400,12.947173
"2010-09-30",14.05,14.4,13.88,13.9,7381000,12.900767
"2010-10-01",14.02,14.17,13.89,14.13,7583900,13.114233
"2010-10-04",14.1,14.16,13.85,14.02,7296600,13.012141
"2010-10-05",14.18,14.53,14.08,14.36,15329900,13.327699
"2010-10-06",14.31,14.36,14.09,14.25,9806700,13.225607
"2010-10-07",14.39,14.39,14.11,14.15,7523300,13.132795
"2010-10-08",14.19,14.24,14,14.2,7332900,13.179201
"2010-10-11",14.17,14.2,13.73,13.98,13523700,12.975016
"2010-10-12",13.92,14.05,13.84,14.03,13891300,13.021422
"2010-10-13",14.13,14.14,13.91,14.07,13879000,13.058546
"2010-10-14",14.02,14.16,13.92,14.09,13021800,13.077109
"2010-10-15",14.3,14.53,14.03,14.51,21277400,13.466916
"2010-10-18",14.61,14.99,14.49,14.99,18547900,13.91241
"2010-10-19",14.78,15.12,14.67,14.8,15629100,13.736069
"2010-10-20",14.87,15.02,14.69,14.88,8952300,13.810318
"2010-10-21",14.91,15.24,14.71,14.88,10945400,13.810318
"2010-10-22",14.91,14.99,14.82,14.98,7055500,13.903128
"2010-10-25",15.08,15.08,14.95,15,9574300,13.921691
"2010-10-26",14.85,15.1,14.85,15.05,6789300,13.968097
"2010-10-27",15,15.6,14.91,15.52,15574900,14.40431
"2010-10-28",15.45,15.53,15.3,15.44,7820700,14.33006
"2010-10-29",15.43,15.48,15.32,15.41,8178000,14.302217
"2010-11-01",15.5,15.63,15.26,15.43,5303800,14.32078
"2010-11-02",15.54,15.54,15.33,15.39,7155000,14.283655
"2010-11-03",15.26,15.49,15.18,15.49,7358100,14.376466
"2010-11-04",15.59,15.84,15.47,15.84,12014200,14.701306
"2010-11-05",15.83,16.35,15.83,16.1,11897900,14.942616
"2010-11-08",16.030001,16.030001,15.73,15.79,5793100,14.6549
"2010-11-09",15.62,15.65,15.33,15.53,12192500,14.468569
"2010-11-10",15.37,15.47,15.19,15.38,20235800,14.328822
"2010-11-11",15.3,15.34,15.09,15.11,10272300,14.077275
"2010-11-12",15.03,15.26,14.98,15.16,8278700,14.123858
"2010-11-15",15.2,15.34,15.12,15.15,5586400,14.114541
"2010-11-16",15.06,15.24,15.02,15.05,9687000,14.021376
"2010-11-17",15.09,15.16,14.97,15.04,8594800,14.01206
"2010-11-18",15.2,15.41,15.12,15.18,11872200,14.142491
"2010-11-19",15.14,15.15,14.99,15.08,5328300,14.049326
"2010-11-22",14.99,15.02,14.88,14.97,7815200,13.946844
"2010-11-23",14.82,15.04,14.75,14.9,12224300,13.881628
"2010-11-24",14.94,15.21,14.87,15.2,7750800,14.161124
"2010-11-26",15.02,15.17,14.94,15.05,2449000,14.021376
"2010-11-29",14.96,15.13,14.85,15.03,14858200,14.002743
"2010-11-30",14.84,15.11,14.78,15.03,11577200,14.002743
"2010-12-01",15.31,15.7,15.22,15.69,11682900,14.617634
"2010-12-02",15.68,16.190001,15.66,16.16,13111400,15.055511
"2010-12-03",16.15,16.15,15.87,16.129999,8288500,15.027561
"2010-12-06",16.059999,16.280001,15.98,16.209999,7086800,15.102093
"2010-12-07",16.34,16.5,16.07,16.27,10689400,15.157993
"2010-12-08",16.26,16.809999,16.209999,16.809999,12972400,15.661085
"2010-12-09",16.950001,16.950001,16.620001,16.809999,10339800,15.661085
"2010-12-10",16.83,16.9,16.450001,16.719999,8923100,15.577236
"2010-12-13",16.74,16.85,16.639999,16.77,8377700,15.62382
"2010-12-14",16.75,16.9,16.639999,16.74,9801800,15.595869
"2010-12-15",16.73,16.879999,16.67,16.790001,8019400,15.642453
"2010-12-16",16.790001,17,16.719999,17,7509900,15.838099
"2010-12-17",17.030001,17.16,16.790001,16.809999,12142600,15.661085
"2010-12-20",16.9,16.959999,16.709999,16.83,9732900,15.679718
"2010-12-21",16.780001,17.02,16.780001,16.950001,7389500,15.791517
"2010-12-22",16.959999,17.08,16.940001,17.08,4586300,15.912632
"2010-12-23",17.01,17.08,16.940001,17.02,4067300,15.856733
"2010-12-27",16.969999,17.440001,16.9,17.42,7434600,16.229394
"2010-12-28",17.440001,17.469999,17.33,17.4,6281300,16.21076
"2010-12-29",17.389999,17.41,17.23,17.290001,3904100,16.10828
"2010-12-30",17.24,17.379999,17.129999,17.15,2864200,15.977847
"2010-12-31",17.02,17.209999,16.969999,17.110001,3835300,15.940582
"2011-01-03",17.23,17.610001,17.16,17.5,9055600,16.303926
"2011-01-04",17.43,17.5,17.1,17.219999,7171800,16.043062
"2011-01-05",17.139999,18.16,17.120001,18.08,17883300,16.844284
"2011-01-06",17.959999,18.1,17.82,17.969999,14668200,16.741802
"2011-01-07",18.030001,18.059999,17.75,17.889999,11166500,16.66727
"2011-01-10",18.200001,18.25,17.74,17.950001,17198300,16.72317
"2011-01-11",18.01,18.09,17.709999,17.91,12412500,16.685903
"2011-01-12",17.940001,18.16,17.9,18.16,10558400,16.918817
"2011-01-13",18.190001,18.6,18.129999,18.549999,17804500,17.282161
"2011-01-14",18.549999,18.860001,18.25,18.83,19480100,17.543024
"2011-01-18",18.48,18.9,18.32,18.870001,13491500,17.580291
"2011-01-19",18.870001,18.93,18.27,18.309999,11113800,17.058564
"2011-01-20",18.209999,18.33,18.030001,18.309999,8601400,17.058564
"2011-01-21",18.379999,18.469999,18.139999,18.190001,7811800,16.946767
"2011-01-24",18.219999,18.299999,18.01,18.290001,9352000,17.039932
"2011-01-25",18.280001,18.4,17.83,18.08,9782300,16.844284
"2011-01-26",18.16,18.219999,17.860001,18.040001,9052100,16.807019
"2011-01-27",18.08,18.16,17.83,18.139999,11958900,16.900183
"2011-01-28",18.17,18.450001,17.77,17.790001,10253900,16.574106
"2011-01-31",17.959999,18.09,17.85,18.049999,8449500,16.816334
"2011-02-01",18.15,18.51,18.120001,18.51,8013900,17.244895
"2011-02-02",18.309999,18.5,18.23,18.43,6911000,17.170363
"2011-02-03",18.389999,18.49,17.42,17.84,28760900,16.620688
"2011-02-04",17.889999,18.190001,17.65,18.120001,17786000,16.881551
"2011-02-07",18.129999,18.559999,18.110001,18.549999,8853400,17.282161
"2011-02-08",18.559999,19.049999,18.5,19.040001,15936100,17.738672
"2011-02-09",18.83,18.9,18.559999,18.75,14494900,17.523713
"2011-02-10",18.66,19.120001,18.66,19.09,9470300,17.841477
"2011-02-11",18.93,19.280001,18.860001,19.25,7472000,17.991012
"2011-02-14",19.200001,19.389999,19.110001,19.16,5012100,17.906898
"2011-02-15",19.01,19.52,19.01,19.379999,8784500,18.112509
"2011-02-16",19.48,19.690001,19.24,19.35,13070900,18.084472
"2011-02-17",18.809999,19.440001,18.700001,19.42,7964600,18.149894
"2011-02-18",19.450001,19.469999,19.27,19.450001,6369100,18.177932
"2011-02-22",19.17,19.33,18.83,18.85,11522700,17.617173
"2011-02-23",18.91,18.959999,18.690001,18.75,10705700,17.523713
"2011-02-24",18.68,18.83,18.43,18.76,16645500,17.533059
"2011-02-25",18.809999,19.01,18.77,18.91,9223300,17.673249
"2011-02-28",18.99,19.059999,18.860001,18.969999,8123700,17.729324
"2011-03-01",19.030001,19.09,18.629999,18.66,9294800,17.439599
"2011-03-02",18.67,18.780001,18.459999,18.549999,11768800,17.336793
"2011-03-03",18.68,18.969999,18.620001,18.959999,8119200,17.719978
"2011-03-04",18.91,18.969999,18.540001,18.66,6569800,17.439599
"2011-03-07",18.690001,18.75,18.379999,18.559999,8383100,17.346139
"2011-03-08",18.639999,19.129999,18.6,19.110001,6429400,17.860169
"2011-03-09",19.02,19.1,18.77,18.9,5080300,17.663902
"2011-03-10",18.67,18.77,18.41,18.48,9183700,17.271371
"2011-03-11",18.379999,18.719999,18.379999,18.690001,5469100,17.467638
"2011-03-14",18.559999,18.559999,18.280001,18.5,7370100,17.290064
"2011-03-15",17.799999,18.040001,17.530001,17.85,16396800,16.682575
"2011-03-16",17.82,17.870001,17.16,17.16,23673100,16.037702
"2011-03-17",17.469999,17.620001,17.35,17.5,16427000,16.355466
"2011-03-18",17.68,17.82,17.48,17.559999,9836100,16.411541
"2011-03-21",17.67,17.700001,17.360001,17.65,25042900,16.495655
"2011-03-22",17.58,17.809999,17.530001,17.790001,11754300,16.6265
"2011-03-23",17.77,17.92,17.66,17.889999,11740800,16.719958
"2011-03-24",17.93,18.08,17.84,18.07,7265400,16.888186
"2011-03-25",18.15,18.15,17.84,18.09,10693900,16.906878
"2011-03-28",18.02,18.34,17.950001,17.950001,7770300,16.776035
"2011-03-29",17.940001,18,17.74,17.870001,9599200,16.701268
"2011-03-30",17.98,18.34,17.9,18.32,10574200,17.121836
"2011-03-31",18.219999,18.25,17.959999,18.030001,7162800,16.850803
"2011-04-01",18.200001,18.68,18.17,18.51,8399400,17.29941
"2011-04-04",18.530001,18.610001,18.41,18.49,5728500,17.280717
"2011-04-05",18.450001,18.709999,18.33,18.67,8139800,17.448945
"2011-04-06",18.67,18.85,18.65,18.719999,6917600,17.495674
"2011-04-07",18.719999,18.82,18.43,18.469999,5913800,17.262025
"2011-04-08",18.610001,18.629999,18.33,18.35,5811400,17.149874
"2011-04-11",18.389999,18.59,18.26,18.35,6521500,17.149874
"2011-04-12",18.25,18.360001,18.16,18.25,7882200,17.056414
"2011-04-13",18.27,18.41,18.040001,18.18,7256100,16.990992
"2011-04-14",18.280001,18.389999,18.030001,18.219999,8607000,17.028375
"2011-04-15",18.48,18.870001,18.33,18.610001,16627500,17.39287
"2011-04-18",18.4,18.4,17.780001,18.040001,12399700,16.860149
"2011-04-19",18.08,18.219999,17.82,17.879999,12091500,16.710612
"2011-04-20",18.120001,18.610001,17.99,18.59,12124900,17.374177
"2011-04-21",18.84,18.9,18.639999,18.700001,7480900,17.476984
"2011-04-25",18.6,18.65,18.35,18.48,9805300,17.271371
"2011-04-26",18.559999,18.68,18.190001,18.610001,15294300,17.39287
"2011-04-27",18.68,18.690001,18.379999,18.620001,10888600,17.402216
"2011-04-28",18.540001,18.629999,18.459999,18.57,7875000,17.355485
"2011-04-29",18.530001,18.6,18.25,18.309999,8072800,17.112489
"2011-05-02",18.379999,18.450001,18.129999,18.200001,10370400,17.009685
"2011-05-03",18.190001,18.209999,17.860001,18.040001,15712700,16.860149
"2011-05-04",18.040001,18.08,17.790001,17.879999,11318700,16.766376
"2011-05-05",17.790001,18.02,17.610001,17.82,12266300,16.710114
"2011-05-06",18.08,18.299999,18.02,18.059999,9026200,16.935166
"2011-05-09",18.01,18.120001,17.9,17.92,12272900,16.803886
"2011-05-10",17.969999,18.34,17.969999,18.34,7323600,17.197727
"2011-05-11",18.26,18.459999,18.1,18.15,10327200,17.01956
"2011-05-12",18,18.120001,17.780001,17.98,17500000,16.860148
"2011-05-13",18,18.02,17.450001,17.639999,11305100,16.541325
"2011-05-16",17.52,17.629999,17.450001,17.450001,9281400,16.36316
"2011-05-17",17.370001,17.440001,17.18,17.360001,9660300,16.278765
"2011-05-18",17.360001,17.690001,17.309999,17.67,7902900,16.569457
"2011-05-19",17.790001,17.799999,17.49,17.620001,4703300,16.522572
"2011-05-20",17.51,17.58,17.309999,17.32,8851700,16.241255
"2011-05-23",17.129999,17.309999,17.129999,17.190001,7008300,16.119353
"2011-05-24",17.24,17.360001,17.129999,17.33,7179900,16.250633
"2011-05-25",17.23,17.59,17.200001,17.5,5939400,16.410045
"2011-05-26",17.459999,17.459999,17.15,17.42,7394900,16.335027
"2011-05-27",17.42,17.59,17.389999,17.540001,3823400,16.447554
"2011-05-31",17.719999,18.01,17.57,18.01,10759100,16.888281
"2011-06-01",17.860001,17.870001,17.1,17.110001,16647900,16.044336
"2011-06-02",17.120001,17.290001,17.049999,17.059999,8978200,15.997449
"2011-06-03",16.77,17,16.700001,16.76,14360800,15.716134
"2011-06-06",16.719999,16.879999,16.360001,16.360001,17019900,15.341048
"2011-06-07",16.389999,16.540001,16.110001,16.139999,17811800,15.134749
"2011-06-08",16.129999,16.18,15.75,15.87,15890400,14.881566
"2011-06-09",15.9,16.360001,15.9,16.26,11518300,15.247276
"2011-06-10",16.190001,16.24,15.93,16.040001,9535700,15.040979
"2011-06-13",16.059999,16.129999,15.82,16.01,10254400,15.012847
"2011-06-14",16.27,16.530001,16.129999,16.309999,13111900,15.294161
"2011-06-15",16.07,16.35,15.99,16.059999,12745300,15.059732
"2011-06-16",16.02,16.09,15.76,15.9,11718900,14.909697
"2011-06-17",16.049999,16.15,15.87,15.91,11512000,14.919075
"2011-06-20",15.85,16.23,15.79,16.1,7881900,15.097242
"2011-06-21",16.190001,16.51,16.07,16.42,8861300,15.397311
"2011-06-22",16.33,16.41,16.07,16.08,7498100,15.078487
"2011-06-23",15.88,16.049999,15.66,16.030001,11268300,15.031602
"2011-06-24",16.040001,16.08,15.72,15.78,8723200,14.797172
"2011-06-27",15.66,15.94,15.64,15.81,9703700,14.825304
"2011-06-28",15.88,16.08,15.85,15.98,8727200,14.984715
"2011-06-29",16.09,16.4,16.08,16.370001,8183700,15.350425
"2011-06-30",16.469999,16.58,16.24,16.450001,10361700,15.425443
"2011-07-01",16.42,16.75,16.32,16.719999,11866600,15.678625
"2011-07-05",16.65,16.65,16.309999,16.440001,8607500,15.416065
"2011-07-06",16.360001,16.379999,15.72,15.79,21221700,14.806549
"2011-07-07",15.95,16.120001,15.88,16.120001,20865100,15.115996
"2011-07-08",15.88,15.91,15.33,15.6,39566700,14.628383
"2011-07-11",15.35,15.58,15.3,15.4,16130200,14.440839
"2011-07-12",15.36,15.65,15.3,15.41,12828400,14.450216
"2011-07-13",15.55,15.76,15.42,15.44,9727100,14.478348
"2011-07-14",15.49,15.55,15.04,15.2,18909200,14.253296
"2011-07-15",15.29,15.31,14.88,15.01,25457600,14.07513
"2011-07-18",15.11,15.25,14.46,14.97,38486600,14.037621
"2011-07-19",15.02,15.25,14.95,15.22,15457800,14.272051
"2011-07-20",15.26,15.56,15.23,15.28,11621800,14.328313
"2011-07-21",15.47,15.82,15.4,15.64,14885600,14.665892
"2011-07-22",15.63,15.66,15.37,15.44,12689100,14.478348
"2011-07-25",15.31,15.38,15.22,15.31,12886400,14.356445
"2011-07-26",15.26,15.43,15.16,15.3,8933400,14.347068
"2011-07-27",15.13,15.15,14.85,14.92,16608400,13.990735
"2011-07-28",14.92,15.12,14.87,14.91,10033600,13.981358
"2011-07-29",14.79,15.25,14.72,14.93,12645800,14.000113
"2011-08-01",15.09,15.26,14.72,15.05,15458500,14.112639
"2011-08-02",14.89,15,14.54,14.55,13594700,13.64378
"2011-08-03",14.57,15.03,14.45,15.01,19250700,14.07513
"2011-08-04",14.79,14.87,14.16,14.18,24906300,13.296825
"2011-08-05",14.34,14.45,13.52,13.66,32893900,12.809212
"2011-08-08",13.09,13.44,12.32,12.41,48064600,11.637066
"2011-08-09",12.77,12.88,11.88,12.58,47920800,11.796478
"2011-08-10",12.24,12.46,11.69,12.05,58532300,11.353639
"2011-08-11",12.18,12.33,11.53,12.14,51131300,11.438438
"2011-08-12",12.17,12.46,11.61,12.29,38043700,11.579769
"2011-08-15",12.35,12.54,12.21,12.48,24616200,11.758789
"2011-08-16",12.31,12.54,12.24,12.46,17851300,11.739945
"2011-08-17",12.43,12.62,12.4,12.55,14303100,11.824744
"2011-08-18",12.18,12.18,11.7,11.8,26730600,11.118086
"2011-08-19",11.63,11.91,11.13,11.17,25127500,10.524493
"2011-08-22",11.41,11.53,11.25,11.28,17762700,10.628136
"2011-08-23",11.3,12.04,11.13,11.97,29717100,11.278262
"2011-08-24",11.96,12.28,11.86,12.16,15238000,11.457282
"2011-08-25",12.28,12.35,11.6,11.75,13481000,11.070975
"2011-08-26",11.67,12.22,11.57,12.01,14569700,11.31595
"2011-08-29",12.18,12.59,12.18,12.52,9555000,11.796478
"2011-08-30",12.36,12.51,12.18,12.36,13372900,11.645724
"2011-08-31",12.47,12.65,12.28,12.35,23588200,11.636302
"2011-09-01",12.42,12.45,12.03,12.04,19138400,11.344216
"2011-09-02",11.92,11.93,11.52,11.54,11871900,10.873111
"2011-09-06",11.32,11.41,11.11,11.33,15048600,10.675247
"2011-09-07",11.59,11.85,11.5,11.85,9200500,11.165197
"2011-09-08",11.67,11.83,11.56,11.62,11055000,10.948488
"2011-09-09",11.51,11.56,11.18,11.27,14210400,10.618715
"2011-09-12",11.11,11.47,11.07,11.46,12087600,10.797734
"2011-09-13",11.54,11.73,11.32,11.62,12279900,10.948488
"2011-09-14",11.67,12.07,11.41,11.89,13611800,11.202885
"2011-09-15",11.94,12.28,11.88,12.25,12407000,11.542081
"2011-09-16",12.38,12.46,12.14,12.34,18993600,11.62688
"2011-09-19",12.01,12.09,11.8,11.93,10442000,11.240574
"2011-09-20",11.94,12.08,11.79,11.87,9696200,11.184041
"2011-09-21",11.84,11.95,11.24,11.26,14580900,10.609292
"2011-09-22",10.91,11.21,10.83,11.03,18419200,10.392583
"2011-09-23",10.95,11.44,10.9,11.38,13995400,10.722358
"2011-09-26",11.09,11.63,11.09,11.61,16115200,10.939066
"2011-09-27",11.85,11.99,11.5,11.58,12516700,10.9108
"2011-09-28",11.61,11.7,11.3,11.33,14405600,10.675247
"2011-09-29",11.54,11.71,11.24,11.63,10874900,10.95791
"2011-09-30",11.42,11.5,11.17,11.27,15743600,10.618715
"2011-10-03",11.21,11.41,10.91,10.93,15693200,10.298363
"2011-10-04",10.77,11.49,10.56,11.37,22800000,10.712935
"2011-10-05",11.37,11.84,11.17,11.76,15430300,11.080398
"2011-10-06",11.68,12.05,11.48,12.04,10886100,11.344216
"2011-10-07",12.06,12.25,11.52,11.64,15726100,10.967333
"2011-10-10",11.94,12.27,11.87,12.27,10117000,11.560925
"2011-10-11",12.18,12.37,11.99,12.23,12476500,11.523236
"2011-10-12",12.44,12.73,12.29,12.58,17503700,11.85301
"2011-10-13",12.46,12.71,12.3,12.65,19392600,11.918965
"2011-10-14",12.9,12.99,12.39,12.75,15748800,12.013186
"2011-10-17",12.31,12.57,11.89,11.94,19970000,11.249995
"2011-10-18",11.96,12.28,11.66,12.19,25518000,11.485548
"2011-10-19",12.21,12.29,11.92,11.95,14719800,11.259417
"2011-10-20",11.99,12.06,11.7,12,10704800,11.306528
"2011-10-21",12.22,12.35,12.06,12.26,9204900,11.551503
"2011-10-24",12.31,12.78,12.31,12.77,12218000,12.032031
"2011-10-25",12.58,12.61,12.16,12.19,18178500,11.485548
"2011-10-26",12.41,12.48,11.7,12.18,20470000,11.476126
"2011-10-27",12.79,13.47,12.72,13.41,21772400,12.635045
"2011-10-28",13.28,13.38,12.8,12.86,17158900,12.116829
"2011-10-31",12.68,12.73,12.28,12.28,16473400,11.570347
"2011-11-01",11.75,12.04,11.7,11.75,23163600,11.070975
"2011-11-02",12.01,12.31,11.81,12.29,17584100,11.579769
"2011-11-03",12.36,12.97,11.94,12.9,21135300,12.154517
"2011-11-04",12.73,12.77,12.49,12.66,8392000,11.928387
"2011-11-07",12.69,12.79,12.44,12.72,7915600,11.98492
"2011-11-08",12.73,12.91,12.44,12.88,10091400,12.193189
"2011-11-09",12.29,12.37,11.91,11.95,19911300,11.31278
"2011-11-10",12.11,12.23,11.9,12.1,12300500,11.454782
"2011-11-11",12.28,12.43,12.22,12.36,7428200,11.700917
"2011-11-14",12.25,12.31,12.03,12.16,10743800,11.511582
"2011-11-15",12.06,12.16,11.84,12.04,10140600,11.397981
"2011-11-16",11.89,12.01,11.63,11.65,13587500,11.028777
"2011-11-17",11.65,11.71,11.34,11.39,15966300,10.782642
"2011-11-18",11.45,11.47,11.22,11.26,13240400,10.659573
"2011-11-21",11.05,11.09,10.84,10.96,18777400,10.37557
"2011-11-22",10.9,11.01,10.71,10.79,9916500,10.214635
"2011-11-23",10.71,11.03,10.67,10.75,14668900,10.176768
"2011-11-25",10.71,11.01,10.7,10.77,4222900,10.195702
"2011-11-28",11.01,11.36,10.97,11.3,14741900,10.697441
"2011-11-29",11.34,11.36,11.03,11.07,9683300,10.479705
"2011-11-30",11.57,11.98,11.41,11.96,15658500,11.322247
"2011-12-01",11.88,11.98,11.67,11.93,9597900,11.293847
"2011-12-02",12.06,12.15,11.61,11.67,17344900,11.047711
"2011-12-05",11.94,12.26,11.92,12.23,11663700,11.577849
"2011-12-06",12.2,12.29,12.09,12.22,8311500,11.568383
"2011-12-07",12.13,12.32,11.93,12.2,9726500,11.549449
"2011-12-08",11.98,12.17,11.63,11.68,13293600,11.057178
"2011-12-09",11.75,12.07,11.66,11.97,10242000,11.331714
"2011-12-12",11.79,11.79,11.57,11.72,10396900,11.095045
"2011-12-13",11.79,11.95,11.38,11.53,12646100,10.915176
"2011-12-14",11,11.2,10.83,10.97,25281500,10.385037
"2011-12-15",11.12,11.21,10.85,10.87,12479400,10.290369
"2011-12-16",10.93,11.01,10.72,10.85,12912300,10.271436
"2011-12-19",10.9,10.97,10.73,10.78,12914400,10.205168
"2011-12-20",10.93,11.47,10.89,11.33,12610600,10.725841
"2011-12-21",11.36,11.36,10.96,11.19,10003400,10.593306
"2011-12-22",11.2,11.5,11.19,11.44,11008800,10.829975
"2011-12-23",11.44,11.56,11.32,11.54,6104600,10.924643
"2011-12-27",11.55,11.64,11.47,11.52,5362300,10.90571
"2011-12-28",11.58,11.58,11.21,11.23,7388400,10.631173
"2011-12-29",11.28,11.42,11.23,11.3,10760300,10.697441
"2011-12-30",11.32,11.35,11.2,11.26,7054600,10.659573
"2012-01-03",11.51,11.85,11.5,11.71,10761500,11.085578
"2012-01-04",11.66,11.78,11.48,11.73,7935700,11.104511
"2012-01-05",11.63,12.08,11.43,11.92,12235400,11.28438
"2012-01-06",11.68,12.14,11.68,12.04,13944700,11.397981
"2012-01-09",12.03,12.16,11.95,12.12,11765500,11.473715
"2012-01-10",12.29,12.47,12.17,12.31,12100700,11.653584
"2012-01-11",12.31,12.5,12.11,12.46,10847100,11.795585
"2012-01-12",12.49,12.55,12.1,12.47,8354800,11.805052
"2012-01-13",12.19,12.25,11.95,12.16,14409200,11.511582
"2012-01-17",12.56,12.59,12.07,12.15,16721600,11.502115
"2012-01-18",12.11,12.2,11.91,12.02,18586600,11.379048
"2012-01-19",12.08,12.6,12.05,12.46,12484500,11.795585
"2012-01-20",12.47,12.83,12.4,12.81,15521700,12.126922
"2012-01-23",12.78,12.85,12.58,12.64,12990400,11.965987
"2012-01-24",12.43,12.59,12.31,12.48,8896700,11.814518
"2012-01-25",12.44,12.65,12.06,12.14,21550700,11.492649
"2012-01-26",11.85,12.06,11.52,11.61,26382400,10.99091
"2012-01-27",11.56,11.74,11.52,11.67,17142400,11.047711
"2012-01-30",11.55,11.72,11.34,11.64,17161800,11.019311
"2012-01-31",11.74,11.78,11.48,11.65,14017400,11.028777
"2012-02-01",11.69,11.99,11.68,11.91,19460900,11.274913
"2012-02-02",11.93,12.29,11.87,12.12,34059800,11.473715
"2012-02-03",12.41,12.9,12.4,12.81,21344400,12.126922
"2012-02-06",12.77,12.8,12.63,12.7,9392800,12.022787
"2012-02-07",12.47,12.5,12.24,12.34,27843700,11.681984
"2012-02-08",12.41,12.56,12.31,12.45,15021200,11.843704
"2012-02-09",12.47,12.53,12.31,12.36,10985100,11.758087
"2012-02-10",12.22,12.36,12.16,12.18,11768800,11.586853
"2012-02-13",12.3,12.37,12.25,12.32,6885200,11.720035
"2012-02-14",12.27,12.43,12.06,12.34,15126800,11.739062
"2012-02-15",12.38,12.44,12.16,12.37,17248400,11.7676
"2012-02-16",12.32,12.77,12.28,12.74,12599300,12.119582
"2012-02-17",12.81,12.9,12.68,12.87,10861600,12.243251
"2012-02-21",12.87,12.92,12.78,12.83,8987400,12.205199
"2012-02-22",12.84,12.85,12.72,12.77,8041400,12.148122
"2012-02-23",12.74,13.26,12.68,13.21,16033600,12.566694
"2012-02-24",13.23,13.55,13.17,13.52,26103100,12.861598
"2012-02-27",13.5,13.52,13.15,13.48,16369800,12.823545
"2012-02-28",13.5,13.79,13.37,13.74,20249300,13.070883
"2012-02-29",13.83,14.07,13.75,13.88,23655900,13.204066
"2012-03-01",13.96,14,13.83,13.91,12307300,13.232605
"2012-03-02",13.91,13.94,13.77,13.82,6070500,13.146987
"2012-03-05",13.79,13.85,13.63,13.83,7800000,13.156501
"2012-03-06",13.71,13.71,13.48,13.57,16094300,12.909162
"2012-03-07",13.58,14.02,13.58,13.8,10249500,13.127962
"2012-03-08",14,14.15,13.67,13.92,8134300,13.242118
"2012-03-09",13.94,14.14,13.83,14.13,8766700,13.441891
"2012-03-12",14.15,14.24,14.05,14.1,7490200,13.413353
"2012-03-13",14.16,14.58,14.11,14.57,11718400,13.860464
"2012-03-14",14.58,14.69,14.28,14.64,11276000,13.927055
"2012-03-15",14.67,15.4,14.63,15.3,23167800,14.554914
"2012-03-16",15.37,15.47,15.12,15.32,16027300,14.57394
"2012-03-19",15.5,15.53,15.24,15.31,15155800,14.564428
"2012-03-20",15.24,15.48,15.12,15.38,18438800,14.631018
"2012-03-21",15.42,15.46,15.26,15.26,15149100,14.516862
"2012-03-22",15.23,15.23,14.69,14.88,18577100,14.155368
"2012-03-23",14.94,15.06,14.76,15.02,13041600,14.28855
"2012-03-26",15.2,15.24,15.05,15.23,10954700,14.488323
"2012-03-27",15.23,15.28,14.83,14.92,15653800,14.19342
"2012-03-28",14.91,14.98,14.3,14.48,32546600,13.774846
"2012-03-29",14.42,14.44,14.17,14.27,24678500,13.575074
"2012-03-30",14.4,14.52,14.22,14.37,21267800,13.670204
"2012-04-02",14.38,14.61,14.28,14.55,18693800,13.841438
"2012-04-03",14.48,14.8,14.35,14.76,25482800,14.041211
"2012-04-04",14.6,14.65,14.42,14.47,18395800,13.765334
"2012-04-05",14.35,14.5,14.22,14.25,16685200,13.556047
"2012-04-09",14.06,14.16,13.73,14.08,10998200,13.394326
"2012-04-10",14.03,14.12,13.74,13.75,14422000,13.080397
"2012-04-11",13.93,14.01,13.84,13.88,10815900,13.204066
"2012-04-12",13.92,14.29,13.79,14.24,10942200,13.546534
"2012-04-13",14.21,14.22,13.87,13.87,16044600,13.194553
"2012-04-16",14,14.3,13.52,13.75,19331900,13.080397
"2012-04-17",13.79,14.14,13.78,13.99,13530900,13.308709
"2012-04-18",13.88,14.09,13.88,14.01,10122700,13.327735
"2012-04-19",14.03,14.14,13.81,13.98,15173200,13.299196
"2012-04-20",14.02,14.16,13.94,14.02,14122100,13.337249
"2012-04-23",13.8,13.86,13.66,13.82,15320600,13.146987
"2012-04-24",13.64,13.87,13.53,13.85,13296400,13.175527
"2012-04-25",13.92,14.15,13.79,14.09,15684800,13.403839
"2012-04-26",14.06,14.4,14.01,14.34,10498600,13.641665
"2012-04-27",14.36,14.5,14.15,14.31,8484200,13.613126
"2012-04-30",14.3,14.32,14.06,14.28,10143100,13.584586
"2012-05-01",14.28,14.38,14.12,14.14,10607700,13.451405
"2012-05-02",14.12,14.12,13.69,13.72,16295200,13.051858
"2012-05-03",13.71,13.83,13.57,13.7,10791300,13.032831
"2012-05-04",13.67,13.67,13.49,13.53,9668000,12.87111
"2012-05-07",13.61,13.75,13.47,13.52,5583300,12.861598
"2012-05-08",13.45,13.46,13.09,13.35,11888500,12.699876
"2012-05-09",13.07,13.29,12.99,13.15,10656000,12.566093
"2012-05-10",13.24,13.32,13.01,13.04,7794000,12.460978
"2012-05-11",12.97,13.3,12.84,13.11,8148600,12.527869
"2012-05-14",13.07,13.07,12.84,12.91,7994200,12.33675
"2012-05-15",12.84,12.97,12.77,12.87,9938600,12.298526
"2012-05-16",12.92,13.06,12.73,12.75,10602600,12.183855
"2012-05-17",12.74,12.77,12.57,12.57,15883000,12.011847
"2012-05-18",12.63,12.65,12.28,12.33,13716000,11.782504
"2012-05-21",12.36,12.66,12.33,12.66,8152000,12.097851
"2012-05-22",12.41,12.95,12.41,12.73,13940600,12.164742
"2012-05-23",12.55,12.66,12.38,12.61,14662800,12.050071
"2012-05-24",12.69,12.75,12.48,12.63,10920200,12.069183
"2012-05-25",12.65,12.81,12.61,12.8,7162800,12.231635
"2012-05-29",12.87,13.01,12.8,13,6325500,12.422754
"2012-05-30",12.91,12.92,12.52,12.52,11462300,11.964068
"2012-05-31",12.49,12.6,12.12,12.46,18086600,11.906732
"2012-06-01",12.13,12.22,12.02,12.1,20294200,11.562717
"2012-06-04",11.95,12.19,11.64,11.83,16086100,11.304706
"2012-06-05",11.72,12.18,11.72,12.14,9635100,11.600941
"2012-06-06",12.21,12.52,12.2,12.42,10710300,11.868508
"2012-06-07",12.49,12.59,12.25,12.25,11849900,11.706056
"2012-06-08",12.25,12.31,12.02,12.3,9748100,11.753836
"2012-06-11",12.42,12.53,12.13,12.14,8290200,11.600941
"2012-06-12",12.16,12.27,12.03,12.24,9422400,11.6965
"2012-06-13",12.2,12.3,12.08,12.14,8997200,11.600941
"2012-06-14",12.12,12.41,12.12,12.36,8017900,11.811172
"2012-06-15",12.42,12.7,12.35,12.67,11136600,12.107407
"2012-06-18",12.57,12.65,12.48,12.58,7090100,12.021403
"2012-06-19",12.59,12.82,12.56,12.7,7602400,12.136075
"2012-06-20",12.72,12.86,12.56,12.73,7998600,12.164742
"2012-06-21",12.74,12.81,12.24,12.25,9274000,11.706056
"2012-06-22",12.4,12.44,12.29,12.37,18892400,11.820728
"2012-06-25",12.28,12.29,11.97,12.07,7631600,11.534049
"2012-06-26",12.1,12.3,12.04,12.21,7704800,11.667833
"2012-06-27",12.25,12.44,12.21,12.4,7565900,11.849396
"2012-06-28",12.35,12.56,12.25,12.54,7927700,11.983179
"2012-06-29",12.89,13,12.77,12.93,10824400,12.355862
"2012-07-02",12.95,12.99,12.74,12.93,6083000,12.355862
"2012-07-03",12.89,13.06,12.84,13.03,2817000,12.451421
"2012-07-05",12.97,12.98,12.78,12.82,5493800,12.250746
"2012-07-06",12.67,12.76,12.56,12.64,5298100,12.078739
"2012-07-09",12.55,12.59,12.39,12.5,5631100,11.944956
"2012-07-10",12.53,12.68,12.35,12.41,5769400,11.858952
"2012-07-11",12.4,12.62,12.38,12.57,6997900,12.011847
"2012-07-12",12.5,12.51,12.27,12.39,6670800,11.83984
"2012-07-13",12.41,12.69,12.39,12.69,5512600,12.126519
"2012-07-16",12.43,12.78,12.43,12.67,7172100,12.107407
"2012-07-17",12.83,13.13,12.51,13.01,14158000,12.43231
"2012-07-18",12.99,13.1,12.88,13,8231100,12.422754
"2012-07-19",13.04,13.09,12.88,12.93,9934800,12.355862
"2012-07-20",12.82,12.88,12.47,12.49,7748500,11.935399
"2012-07-23",12.28,12.29,12.03,12.22,12338700,11.677389
"2012-07-24",12.22,12.26,11.95,12.14,12377200,11.600941
"2012-07-25",12.16,12.5,12.14,12.32,10366600,11.772948
"2012-07-26",12.54,12.68,12.42,12.62,7569800,12.059627
"2012-07-27",12.73,12.98,12.61,12.92,10053500,12.346306
"2012-07-30",12.91,12.96,12.74,12.78,6187100,12.212522
"2012-07-31",12.75,12.76,12.49,12.63,7813300,12.069183
"2012-08-01",12.64,12.7,12.32,12.45,12079900,11.897176
"2012-08-02",12.34,12.51,11.99,12.22,9950100,11.677389
"2012-08-03",12.44,12.85,12.36,12.8,7132800,12.231635
"2012-08-06",12.91,13.09,12.87,12.88,6233200,12.308082
"2012-08-07",12.91,13.33,12.89,13.2,8509300,12.613873
"2012-08-08",13.16,13.16,12.94,13.02,4148600,12.498678
"2012-08-09",12.98,13.18,12.95,13.01,5281900,12.489078
"2012-08-10",12.98,13.04,12.78,12.88,4486400,12.364283
"2012-08-13",12.83,12.93,12.79,12.9,3954300,12.383482
"2012-08-14",12.92,13.12,12.8,12.85,6965200,12.335485
"2012-08-15",12.86,13.06,12.79,13.05,4764000,12.527476
"2012-08-16",13.07,13.36,13.02,13.31,7913200,12.777066
"2012-08-17",13.21,13.31,13.18,13.2,6028100,12.67147
"2012-08-20",13.16,13.24,12.99,13.14,7791100,12.613873
"2012-08-21",13.16,13.48,13.13,13.2,7006100,12.67147
"2012-08-22",13.11,13.25,13.02,13.12,6815400,12.594673
"2012-08-23",13.19,13.3,12.92,13,8938500,12.479478
"2012-08-24",12.98,13.33,12.91,13.27,8681600,12.738668
"2012-08-27",13.28,13.32,13.08,13.1,4303900,12.575475
"2012-08-28",13.04,13.22,13.01,13.14,4878700,12.613873
"2012-08-29",13.19,13.4,13.17,13.39,6737600,12.853863
"2012-08-30",13.27,13.49,13.2,13.42,9157100,12.882661
"2012-08-31",13.51,13.61,13.33,13.49,10509800,12.949858
"2012-09-04",13.48,13.55,13.23,13.33,8281200,12.796265
"2012-09-05",13.37,13.49,13.31,13.34,4817900,12.805865
"2012-09-06",13.42,13.96,13.41,13.96,11950400,13.40104
"2012-09-07",13.97,14.06,13.93,14.03,9225000,13.468237
"2012-09-10",14.04,14.15,13.88,13.92,6272800,13.362641
"2012-09-11",13.94,14.08,13.87,13.92,7182200,13.362641
"2012-09-12",13.97,14.19,13.95,14.01,10401800,13.449038
"2012-09-13",14.03,14.43,13.81,14.31,14254800,13.737026
"2012-09-14",14.36,14.62,14.31,14.43,10079700,13.852221
"2012-09-17",14.38,14.43,14.12,14.19,8473100,13.62183
"2012-09-18",14.17,14.19,13.88,13.94,10339800,13.38184
"2012-09-19",13.74,13.89,13.48,13.65,17919900,13.103452
"2012-09-20",13.55,13.67,13.28,13.44,16345700,12.90186
"2012-09-21",13.45,13.67,13.3,13.58,22274700,13.036255
"2012-09-24",13.53,13.54,13.34,13.43,8476100,12.892261
"2012-09-25",13.48,13.52,12.85,12.89,19087800,12.373883
"2012-09-26",12.92,12.99,12.65,12.9,13129100,12.383482
"2012-09-27",13.02,13.06,12.77,12.88,11217200,12.364283
"2012-09-28",12.85,12.88,12.64,12.79,13868700,12.277887
"2012-10-01",12.89,13.04,12.79,12.88,11473100,12.364283
"2012-10-02",12.91,13,12.78,12.9,9379800,12.383482
"2012-10-03",12.9,12.93,12.66,12.76,13881100,12.249088
"2012-10-04",12.82,13.09,12.8,13.09,8074900,12.565875
"2012-10-05",13.18,13.4,13.15,13.25,12795000,12.719468
"2012-10-08",13.16,13.28,13.08,13.15,7818400,12.623472
"2012-10-09",13.17,13.17,12.86,12.93,8596300,12.412281
"2012-10-10",12.96,13.07,12.82,12.97,8353500,12.45068
"2012-10-11",13.1,13.24,13.04,13.17,7038400,12.642671
"2012-10-12",13.12,13.18,12.87,12.95,12807100,12.43148
"2012-10-15",12.99,13.06,12.62,13.03,11596200,12.508277
"2012-10-16",13.04,13.34,12.97,13.32,10597900,12.786665
"2012-10-17",13.33,13.63,13.28,13.62,8758700,13.074653
"2012-10-18",13.62,13.76,13.5,13.64,10833400,13.093853
"2012-10-19",13.61,13.66,13.2,13.32,12565600,12.786665
"2012-10-22",13.31,13.41,13.18,13.35,6827300,12.815465
"2012-10-23",13.2,13.29,13.03,13.22,8441400,12.69067
"2012-10-24",13.27,13.44,13.22,13.32,10363400,12.786665
"2012-10-25",13.41,13.53,13.35,13.51,9794200,12.969058
"2012-10-26",13.37,13.52,13.25,13.47,10133200,12.93066
"2012-10-31",13.49,13.6,13.37,13.58,12965100,13.036255
"2012-11-01",13.58,13.65,13.5,13.64,9765600,13.093853
"2012-11-02",13.77,13.81,13.65,13.74,13064100,13.189848
"2012-11-05",13.72,14,13.64,13.89,14230100,13.333843
"2012-11-06",13.92,13.99,13.85,13.89,7789000,13.333843
"2012-11-07",13.69,13.71,13.11,13.32,23243400,12.842139
"2012-11-08",13.3,13.43,13.19,13.2,16768000,12.726444
"2012-11-09",13.17,13.33,13.04,13.06,10920800,12.591467
"2012-11-12",13.07,13.11,12.88,12.95,12690600,12.485413
"2012-11-13",12.9,13,12.68,12.68,14582500,12.2251
"2012-11-14",12.73,12.89,12.47,12.5,15862600,12.051557
"2012-11-15",12.54,12.78,12.47,12.73,16890400,12.273305
"2012-11-16",12.7,12.8,12.54,12.78,12144900,12.321512
"2012-11-19",12.93,12.98,12.74,12.89,8934200,12.427566
"2012-11-20",12.86,12.98,12.76,12.97,6944300,12.504696
"2012-11-21",12.98,13.06,12.82,13.06,4202400,12.591467
"2012-11-23",13.07,13.24,13.07,13.23,2162000,12.755367
"2012-11-26",13.13,13.23,13.07,13.15,8217300,12.678238
"2012-11-27",13.16,13.16,12.96,13.03,12364200,12.562543
"2012-11-28",12.97,13.18,12.92,13.14,12238200,12.668597
"2012-11-29",13.16,13.27,13.03,13.09,8294700,12.620391
"2012-11-30",13.09,13.17,13.03,13.1,7429800,12.630032
"2012-12-03",13.12,13.23,12.96,12.99,9524100,12.523978
"2012-12-04",13,13.07,12.82,12.88,9360700,12.417924
"2012-12-05",12.92,13.05,12.87,12.93,11681100,12.466131
"2012-12-06",13,13.07,12.88,13.06,5773300,12.591467
"2012-12-07",13.1,13.42,13.08,13.42,7642400,12.938552
"2012-12-10",13.37,13.46,13.14,13.37,7528000,12.890345
"2012-12-11",13.45,13.71,13.44,13.67,9028200,13.179583
"2012-12-12",13.71,13.83,13.62,13.67,10462900,13.179583
"2012-12-13",13.68,13.82,13.63,13.75,8083100,13.256713
"2012-12-14",13.58,13.74,13.43,13.7,10440000,13.208506
"2012-12-17",13.76,13.89,13.65,13.87,8355000,13.372408
"2012-12-18",13.88,14.23,13.78,14.21,8818300,13.70021
"2012-12-19",14.26,14.66,14.2,14.47,20338700,13.950883
"2012-12-20",14.51,14.56,14.27,14.46,9179900,13.941241
"2012-12-21",14.33,14.42,14.2,14.32,12546300,13.806263
"2012-12-24",14.3,14.36,14.21,14.33,1699800,13.815905
"2012-12-26",14.35,14.4,14.23,14.26,3421800,13.748416
"2012-12-27",14.26,14.33,14,14.21,6928700,13.70021
"2012-12-28",14.12,14.25,14.08,14.14,5923700,13.632722
"2012-12-31",14.12,14.37,14.08,14.36,8220900,13.844828
"2013-01-02",14.67,15.08,14.62,15.08,15607600,14.538998
"2013-01-03",15.05,15.2,14.86,15.06,14175900,14.519716
"2013-01-04",15.07,15.57,15.05,15.46,16143400,14.905366
"2013-01-07",15.41,15.41,15.07,15.27,10327300,14.722182
"2013-01-08",15.26,15.34,15.07,15.22,9954300,14.673976
"2013-01-09",15.28,15.31,15,15.13,7591200,14.587205
"2013-01-10",15.25,15.37,15.14,15.33,7617400,14.780029
"2013-01-11",15.29,15.42,15.24,15.39,6940000,14.837877
"2013-01-14",15.39,15.41,15.25,15.27,8394700,14.722182
"2013-01-15",15.17,15.3,15.11,15.29,9215900,14.741464
"2013-01-16",15.16,15.25,14.98,15.05,11803900,14.510075
"2013-01-17",15.17,15.3,15.09,15.25,11575600,14.7029
"2013-01-18",15.25,15.47,15.21,15.45,7547100,14.895724
"2013-01-22",15.44,15.74,15.37,15.71,8550400,15.146397
"2013-01-23",15.74,15.8,15.52,15.64,8078600,15.078908
"2013-01-24",15.67,15.87,15.66,15.81,7063700,15.24281
"2013-01-25",15.84,16.049999,15.81,16.049999,8503400,15.474198
"2013-01-28",16.07,16.200001,15.93,16.1,9171100,15.522406
"2013-01-29",16.059999,16.639999,16.01,16.469999,19967900,15.879131
"2013-01-30",16.450001,16.620001,16.370001,16.51,11533500,15.917697
"2013-01-31",16.49,16.66,16.309999,16.530001,10907700,15.93698
"2013-02-01",16.629999,16.940001,16.59,16.75,12996600,16.149086
"2013-02-04",16.57,16.57,16.360001,16.389999,11414400,15.802001
"2013-02-05",16.52,16.77,16.469999,16.65,8622100,16.052674
"2013-02-06",16.49,16.809999,16.450001,16.790001,11953700,16.246197
"2013-02-07",16.76,17.41,16.49,17.110001,33838000,16.555832
"2013-02-08",17.18,17.23,16.809999,16.889999,15136100,16.342956
"2013-02-11",16.5,16.879999,16.48,16.73,10541400,16.188139
"2013-02-12",16.719999,16.940001,16.719999,16.860001,6751600,16.313929
"2013-02-13",16.93,17.07,16.82,16.92,6022000,16.371986
"2013-02-14",16.85,16.959999,16.74,16.92,6410400,16.371986
"2013-02-15",16.959999,16.969999,16.780001,16.9,8270100,16.352633
"2013-02-19",16.940001,17.1,16.889999,17.1,7983500,16.546156
"2013-02-20",17.059999,17.059999,16.690001,16.690001,6451700,16.149435
"2013-02-21",16.67,16.68,16.290001,16.370001,9662600,15.8398
"2013-02-22",16.469999,16.74,16.450001,16.73,6038200,16.188139
"2013-02-25",16.84,16.92,16.290001,16.32,13134100,15.791418
"2013-02-26",16.24,16.48,15.96,16.209999,14907800,15.68498
"2013-02-27",16.219999,16.48,16.15,16.41,9841700,15.878503
"2013-02-28",16.43,16.459999,16.24,16.24,11225400,15.714009
"2013-03-01",16.219999,16.459999,16,16.4,8912900,15.868827
"2013-03-04",16.65,16.83,16.530001,16.780001,11573500,16.23652
"2013-03-05",16.82,17.1,16.82,16.98,7311700,16.430042
"2013-03-06",17.1,17.639999,17.059999,17.35,13776300,16.788059
"2013-03-07",17.34,17.75,17.280001,17.58,10576500,17.010609
"2013-03-08",17.709999,17.940001,17.639999,17.66,9308000,17.088018
"2013-03-11",17.67,17.809999,17.6,17.709999,8878400,17.136398
"2013-03-12",17.67,17.75,17.57,17.74,9640900,17.165427
"2013-03-13",17.75,18.110001,17.700001,18.110001,9325500,17.523444
"2013-03-14",18,18.34,17.780001,17.98,14601800,17.397653
"2013-03-15",17.690001,17.9,17.67,17.860001,15854300,17.281541
"2013-03-18",17.6,17.790001,17.57,17.66,7213400,17.088018
"2013-03-19",17.690001,17.860001,17.32,17.549999,8733500,16.98158
"2013-03-20",17.65,17.82,17.629999,17.75,6472800,17.175103
"2013-03-21",17.65,17.780001,17.42,17.459999,8813100,16.894495
"2013-03-22",17.51,17.6,17.469999,17.540001,4462400,16.971905
"2013-03-25",17.57,17.68,17.450001,17.52,6745100,16.952553
"2013-03-26",17.57,17.690001,17.49,17.629999,5944200,17.058989
"2013-03-27",17.52,17.549999,17.129999,17.5,9129900,16.9332
"2013-03-28",17.549999,17.75,17.48,17.690001,7335600,17.117047
"2013-04-01",17.77,17.889999,17.32,17.379999,9808200,16.817086
"2013-04-02",17.15,17.379999,17.1,17.309999,7923000,16.749353
"2013-04-03",17.33,17.389999,16.65,16.75,12077700,16.207491
"2013-04-04",16.76,16.799999,16.51,16.719999,11525900,16.178462
"2013-04-05",16.49,16.610001,16.15,16.549999,10431500,16.013968
"2013-04-08",16.57,16.82,16.51,16.82,6412500,16.275224
"2013-04-09",16.9,17.030001,16.82,16.969999,5623800,16.420365
"2013-04-10",17.049999,17.530001,17.040001,17.389999,8962300,16.826762
"2013-04-11",17.41,17.690001,17.370001,17.540001,8366400,16.971905
"2013-04-12",17.51,17.52,17.129999,17.280001,8221400,16.720326
"2013-04-15",17.120001,17.299999,16.59,16.620001,10534200,16.081703
"2013-04-16",16.76,16.959999,16.57,16.959999,9028000,16.410689
"2013-04-17",16.77,16.77,16.309999,16.469999,10135700,15.93656
"2013-04-18",16.48,16.49,16.200001,16.389999,8209100,15.859151
"2013-04-19",16.43,16.469999,16.280001,16.389999,6389800,15.859151
"2013-04-22",16.42,16.49,16.219999,16.42,5994100,15.88818
"2013-04-23",16.450001,16.719999,16.43,16.59,9391400,16.052674
"2013-04-24",16.610001,16.73,16.42,16.639999,9827000,16.101054
"2013-04-25",16.700001,17.1,16.66,16.75,9933200,16.207491
"2013-04-26",16.76,16.84,16.59,16.73,6092400,16.188139
"2013-04-29",16.76,16.98,16.75,16.940001,4607300,16.391338
"2013-04-30",16.969999,17.030001,16.82,16.959999,6004700,16.410689
"2013-05-01",16.940001,17,16.18,16.209999,14700900,15.68498
"2013-05-02",16.219999,16.530001,16.049999,16.440001,8793100,15.907532
"2013-05-03",16.67,17.549999,16.629999,17.469999,16192300,16.904171
"2013-05-06",17.440001,17.67,17.43,17.549999,9143800,16.98158
"2013-05-07",17.57,17.73,17.379999,17.440001,6003000,16.875144
"2013-05-08",17.389999,17.42,17.129999,17.379999,6206600,16.875142
"2013-05-09",17.34,17.83,17.309999,17.51,8976400,17.001367
"2013-05-10",17.49,18.299999,17.49,18.09,14377600,17.564519
"2013-05-13",18.049999,18.34,17.92,18.15,9082400,17.622776
"2013-05-14",18.16,18.77,18.09,18.75,15848000,18.205347
"2013-05-15",18.52,19,18.18,18.98,18065400,18.428666
"2013-05-16",18.950001,19.25,18.84,18.91,13190700,18.360699
"2013-05-17",18.889999,19.370001,18.879999,19.34,9694400,18.778209
"2013-05-20",19.200001,19.34,19.110001,19.209999,6585700,18.651984
"2013-05-21",19.25,19.309999,19.07,19.17,6122200,18.613147
"2013-05-22",19.120001,19.57,18.940001,19.059999,12263500,18.506342
"2013-05-23",18.940001,19.139999,18.690001,18.99,9058500,18.438376
"2013-05-24",18.92,19.190001,18.790001,19.16,5953600,18.603437
"2013-05-28",19.469999,19.940001,19.459999,19.77,10743800,19.195719
"2013-05-29",19.58,20.040001,19.57,19.91,13106800,19.331651
"2013-05-30",19.93,20.27,19.73,20.16,10362200,19.574389
"2013-05-31",20.129999,20.48,19.860001,19.860001,14689300,19.283104
"2013-06-03",19.98,19.99,19.280001,19.68,12924100,19.108333
"2013-06-04",19.68,19.969999,19.459999,19.58,8231900,19.011237
"2013-06-05",19.549999,19.59,18.940001,19.01,12459700,18.457795
"2013-06-06",19.040001,19.469999,18.99,19.459999,9388300,18.894722
"2013-06-07",19.700001,20.129999,19.65,20.120001,11527500,19.535552
"2013-06-10",20.200001,20.35,20.049999,20.219999,7555400,19.632646
"2013-06-11",19.969999,20.139999,19.67,19.719999,7782600,19.14717
"2013-06-12",19.969999,19.98,19.530001,19.59,8959200,19.020947
"2013-06-13",19.57,20.15,19.549999,20.040001,15370900,19.457876
"2013-06-14",20.08,20.08,19.52,19.709999,10720200,19.13746
"2013-06-17",19.879999,20.4,19.870001,20.32,9916600,19.729741
"2013-06-18",20.35,20.76,20.35,20.540001,10478000,19.943352
"2013-06-19",20.549999,20.84,20.370001,20.469999,11879600,19.875384
"2013-06-20",20.200001,20.950001,20.16,20.48,20952900,19.885094
"2013-06-21",20.709999,20.77,20.33,20.639999,11927400,20.040446
"2013-06-24",20.690001,20.790001,20.34,20.639999,13373400,20.040446
"2013-06-25",20.85,21.139999,20.700001,21.040001,12019800,20.428828
"2013-06-26",21.25,21.280001,20.790001,20.959999,11564700,20.35115
"2013-06-27",21.129999,21.200001,20.91,20.940001,18327800,20.331732
"2013-06-28",20.870001,21.440001,20.799999,21.23,18668700,20.613307
"2013-07-01",21.33,21.690001,21.309999,21.379999,9383100,20.75895
"2013-07-02",21.32,21.870001,21.08,21.299999,11998500,20.681274
"2013-07-03",21.139999,21.549999,21.09,21.4,4899700,20.778369
"2013-07-05",21.66,22.1,21.66,22.01,8683100,21.370651
"2013-07-08",22.190001,22.379999,22.07,22.190001,8350700,21.545422
"2013-07-09",22.41,22.440001,22.059999,22.200001,7958900,21.555132
"2013-07-10",22.190001,22.280001,21.74,21.940001,11025200,21.302684
"2013-07-11",22.290001,22.290001,21.219999,21.469999,18624400,20.846336
"2013-07-12",21.540001,21.82,21.379999,21.690001,7963300,21.059946
"2013-07-15",21.639999,21.91,21.540001,21.709999,7072700,21.079364
"2013-07-16",21.5,21.52,20.549999,21,16499000,20.389989
"2013-07-17",21.08,21.129999,20.68,20.950001,10355600,20.341442
"2013-07-18",20.9,21.49,20.870001,21.459999,9379500,20.836626
"2013-07-19",21.49,21.73,21.23,21.68,8237200,21.050237
"2013-07-22",21.700001,22.02,21.68,22.02,8094700,21.38036
"2013-07-23",22.110001,22.59,22.09,22.48,10570700,21.826997
"2013-07-24",22.549999,22.559999,21.99,22.110001,8760500,21.467746
"2013-07-25",22.049999,22.299999,21.99,22.280001,5338000,21.632808
"2013-07-26",22.049999,22.190001,21.84,22.120001,8345600,21.477456
"2013-07-29",22.120001,22.34,21.98,21.99,9177100,21.351231
"2013-07-30",22.09,22.32,22.08,22.190001,7148900,21.545422
"2013-07-31",22.120001,22.360001,22.030001,22.09,13518000,21.448327
"2013-08-01",22.26,22.790001,22.26,22.67,10166900,22.011479
"2013-08-02",22.610001,22.76,22.43,22.65,7238500,21.992059
"2013-08-05",22.6,22.84,22.559999,22.690001,6048700,22.030898
"2013-08-06",22.610001,22.74,22.389999,22.42,5127900,21.768741
"2013-08-07",22.27,22.57,21.98,22.540001,8368400,21.943982
"2013-08-08",22.629999,22.790001,22.299999,22.309999,5701100,21.720063
"2013-08-09",22.27,22.6,22.26,22.290001,3505000,21.700593
"2013-08-12",22.16,22.25,21.65,21.76,5593300,21.184607
"2013-08-13",21.780001,22.379999,21.77,22.280001,8399000,21.690857
"2013-08-14",22.26,22.43,21.98,22,4483300,21.41826
"2013-08-15",21.84,21.84,21.25,21.4,10916600,20.834126
"2013-08-16",21.34,21.870001,21.32,21.559999,6599500,20.989895
"2013-08-19",21.540001,21.77,21.4,21.41,5530900,20.843862
"2013-08-20",21.41,21.780001,21.219999,21.690001,5186400,21.116458
"2013-08-21",21.629999,21.76,21.34,21.48,5345500,20.91201
"2013-08-22",21.5,21.639999,21.290001,21.440001,5579800,20.873069
"2013-08-23",21.469999,21.58,21.32,21.530001,6815600,20.960689
"2013-08-26",21.549999,22.049999,21.4,21.610001,5966300,21.038574
"2013-08-27",21.35,21.379999,20.690001,20.74,8272300,20.191578
"2013-08-28",20.74,21.09,20.52,20.959999,5679300,20.40576
"2013-08-29",20.93,21.450001,20.889999,21.290001,5206800,20.727036
"2013-08-30",21.27,21.33,20.799999,20.879999,7065600,20.327875
"2013-09-03",21.200001,21.459999,20.969999,21.15,7671400,20.590736
"2013-09-04",21.190001,21.940001,21.129999,21.860001,10049500,21.281963
"2013-09-05",21.9,22.25,21.790001,21.84,6610800,21.262491
"2013-09-06",21.950001,21.950001,21.32,21.58,7672900,21.009366
"2013-09-09",21.639999,21.91,21.639999,21.82,4210000,21.24302
"2013-09-10",22.040001,22.440001,22.040001,22.370001,6596400,21.778477
"2013-09-11",22.309999,22.450001,22.110001,22.24,5196100,21.651914
"2013-09-12",22.190001,22.26,22.059999,22.07,6945200,21.486409
"2013-09-13",22.17,22.219999,21.84,22.030001,7367600,21.447468
"2013-09-16",22.35,22.360001,21.58,22.08,10682700,21.496145
"2013-09-17",22.08,22.709999,22.08,22.639999,8896700,22.041337
"2013-09-18",22.59,22.629999,21.040001,21.360001,20283200,20.795184
"2013-09-19",21.48,21.52,20.620001,21.040001,22937000,20.483646
"2013-09-20",21.139999,21.629999,21.139999,21.27,20487700,20.707564
"2013-09-23",21.09,21.110001,20.540001,20.84,10143000,20.288934
"2013-09-24",20.950001,21.43,20.91,21.139999,13094400,20.581001
"2013-09-25",21.26,21.52,21.1,21.24,12959000,20.678357
"2013-09-26",21.24,21.530001,21.200001,21.33,4267800,20.765977
"2013-09-27",21.15,21.25,20.969999,21.190001,4950700,20.62968
"2013-09-30",20.959999,21.280001,20.790001,21.139999,8160700,20.581001
"2013-10-01",21.209999,21.440001,21.209999,21.379999,6539800,20.814654
"2013-10-02",21.139999,21.32,20.98,21.290001,6896400,20.727036
"2013-10-03",21.209999,21.41,20.9,21.15,7769600,20.590736
"2013-10-04",21.18,21.629999,21.1,21.58,5139700,21.009366
"2013-10-07",21.299999,21.41,21.059999,21.07,5626200,20.512852
"2013-10-08",21.040001,21.139999,20.540001,20.57,7078300,20.026073
"2013-10-09",20.629999,21.030001,20.440001,20.75,8870500,20.201314
"2013-10-10",21.18,21.549999,21,21.389999,10743300,20.82439
"2013-10-11",21.389999,21.82,21.33,21.780001,6689200,21.204079
"2013-10-14",21.59,22.08,21.389999,22.01,10337400,21.427996
"2013-10-15",22.780001,23.790001,22.66,23.030001,31134400,22.421025
"2013-10-16",23.280001,23.93,23.24,23.43,15844500,22.810448
"2013-10-17",23.25,23.67,23.110001,23.620001,8599600,22.995424
"2013-10-18",23.639999,23.780001,23.360001,23.77,8356900,23.141457
"2013-10-21",23.74,23.870001,23.52,23.559999,8681800,22.937009
"2013-10-22",23.639999,23.639999,23.139999,23.35,10290600,22.732563
"2013-10-23",23.27,23.440001,23.030001,23.299999,7558500,22.683884
"2013-10-24",23.360001,23.469999,23.25,23.4,5188900,22.78124
"2013-10-25",23.4,23.6,23.32,23.559999,5112200,22.937009
"2013-10-28",23.549999,23.610001,22.67,23.01,15054000,22.401554
"2013-10-29",23.059999,23.360001,22.860001,23.1,14262900,22.489174
"2013-10-30",23.110001,23.209999,22.540001,22.860001,10763500,22.25552
"2013-10-31",22.870001,22.98,22.629999,22.65,7677300,22.051072
"2013-11-01",22.629999,23.209999,22.620001,23.120001,9056000,22.508645
"2013-11-04",23.15,23.25,22.950001,23.23,6565400,22.615735
"2013-11-05",23.1,23.360001,22.969999,23.290001,6574800,22.67415
"2013-11-06",23.24,23.290001,22.93,23.209999,6112700,22.654626
"2013-11-07",23.23,23.379999,22.73,22.76,6415700,22.215395
"2013-11-08",22.879999,24.030001,22.879999,24.02,16659500,23.445246
"2013-11-11",24.02,24.280001,23.809999,24,8343400,23.425724
"2013-11-12",23.99,24.049999,23.65,23.709999,5706900,23.142662
"2013-11-13",23.59,23.99,23.389999,23.98,7298100,23.406202
"2013-11-14",23.959999,24.26,23.91,24.24,7320400,23.659981
"2013-11-15",24.299999,24.5,24.200001,24.42,7030400,23.835674
"2013-11-18",24.49,24.549999,24.209999,24.42,9248300,23.835674
"2013-11-19",24.41,24.68,24.370001,24.5,10645400,23.91376
"2013-11-20",24.5,24.620001,24.32,24.459999,5586800,23.874716
"2013-11-21",24.58,25.01,24.57,25,9084500,24.401796
"2013-11-22",24.92,25,24.700001,24.92,6316000,24.32371
"2013-11-25",25,25,24.66,24.68,5538000,24.089453
"2013-11-26",24.74,24.85,24.639999,24.67,5062500,24.079692
"2013-11-27",24.68,24.860001,24.549999,24.780001,4124400,24.187061
"2013-11-29",24.780001,24.82,24.459999,24.48,2187900,23.894238
"2013-12-02",24.5,25.139999,24.5,24.83,6226800,24.235864
"2013-12-03",24.66,24.91,24.49,24.67,4461900,24.079692
"2013-12-04",24.629999,24.870001,24.41,24.620001,3758100,24.030889
"2013-12-05",24.58,24.620001,24.190001,24.41,4477100,23.825913
"2013-12-06",24.809999,24.969999,24.59,24.83,3955600,24.235864
"2013-12-09",24.860001,25.120001,24.76,25.040001,4992500,24.44084
"2013-12-10",24.91,24.969999,24.68,24.83,4223200,24.235864
"2013-12-11",24.799999,25.129999,24.690001,24.860001,10632200,24.265146
"2013-12-12",24.85,24.99,24.67,24.799999,10725200,24.206581
"2013-12-13",24.959999,25.27,24.73,24.790001,7977400,24.196822
"2013-12-16",24.92,25.110001,24.799999,25.09,7083900,24.489642
"2013-12-17",25.09,25.09,24.719999,24.76,6564500,24.167539
"2013-12-18",24.799999,25.719999,24.65,25.700001,8976800,25.085047
"2013-12-19",25.610001,25.9,25.52,25.58,6061000,24.967917
"2013-12-20",25.57,25.67,25.34,25.610001,8586200,24.9972
"2013-12-23",25.75,25.799999,25.610001,25.690001,2835400,25.075286
"2013-12-24",25.700001,25.719999,25.559999,25.709999,1184700,25.094806
"2013-12-26",25.700001,25.780001,25.549999,25.74,2617600,25.124089
"2013-12-27",25.780001,25.870001,25.620001,25.66,1818000,25.046003
"2013-12-30",25.66,25.709999,25.49,25.58,1961900,24.967917
"2013-12-31",25.700001,26.08,25.67,26,4670500,25.377868
"2014-01-02",25.99,26.049999,25.700001,25.82,4618600,25.202174
"2014-01-03",25.84,26.040001,25.700001,25.9,3367700,25.28026
"2014-01-06",26,26.139999,25.75,25.809999,4293200,25.192414
"2014-01-07",25.48,25.92,25.360001,25.540001,7476500,24.928876
"2014-01-08",25.58,25.940001,25.51,25.84,6541100,25.221696
"2014-01-09",25.92,26.059999,25.709999,25.85,4103000,25.231457
"2014-01-10",25.809999,25.85,25.41,25.66,4838600,25.046003
"2014-01-13",25.59,25.59,24.77,24.83,7913900,24.235864
"2014-01-14",24.98,25.66,24.959999,25.59,6765200,24.977678
"2014-01-15",25.65,26.049999,25.559999,26.030001,10043200,25.407151
"2014-01-16",26.25,26.84,26.09,26.799999,13421800,26.158724
"2014-01-17",26.809999,26.9,26.51,26.77,7120000,26.129443
"2014-01-21",26.92,27.110001,26.790001,26.799999,9555100,26.158724
"2014-01-22",26.879999,26.950001,26.6,26.799999,5316300,26.158724
"2014-01-23",26.57,26.57,25.969999,26.139999,8469600,25.514517
"2014-01-24",26.01,26.040001,25.24,25.27,10304200,24.665336
"2014-01-27",25.32,25.51,24.700001,24.82,10278500,24.226103
"2014-01-28",24.879999,25.32,24.809999,25.200001,5881100,24.597011
"2014-01-29",24.870001,25.190001,24.610001,24.66,6202400,24.069931
"2014-01-30",24.93,25.370001,24.870001,25.290001,6331400,24.684858
"2014-01-31",24.690001,25.059999,24.51,24.82,9443700,24.226103
"2014-02-03",24.77,24.99,23.559999,23.65,14899700,23.084099
"2014-02-04",23.780001,24.33,23.719999,24.129999,9012800,23.552613
"2014-02-05",24.02,24.1,23.73,23.860001,11444300,23.347129
"2014-02-06",23.940001,24.459999,23.85,24.440001,5914500,23.914662
"2014-02-07",24.559999,24.889999,24.16,24.6,7695700,24.071222
"2014-02-10",24.540001,24.809999,24.469999,24.76,3266000,24.227783
"2014-02-11",24.82,25.559999,24.73,25.41,7612100,24.863811
"2014-02-12",25.41,25.82,25.41,25.57,6445800,25.020371
"2014-02-13",25.41,25.82,25.23,25.799999,5433500,25.245427
"2014-02-14",25.780001,25.780001,25.43,25.450001,6102200,24.902952
"2014-02-18",25.450001,26.23,25.440001,26.120001,6721400,25.55855
"2014-02-19",25.99,26.16,25.51,25.559999,8035200,25.010586
"2014-02-20",25.59,26.23,25.43,26.120001,7570900,25.55855
"2014-02-21",26.190001,26.450001,26.030001,26.25,7362400,25.685755
"2014-02-24",26.25,26.700001,26.139999,26.530001,5814100,25.959737
"2014-02-25",26.620001,26.620001,26.190001,26.26,5133100,25.69554
"2014-02-26",26.379999,26.440001,26.16,26.370001,8543100,25.803177
"2014-02-27",26.280001,26.48,26.08,26.42,5690500,25.852101
"2014-02-28",26.41,26.73,26.219999,26.51,7215400,25.940167
"2014-03-03",26.129999,26.15,25.780001,25.860001,8284200,25.304139
"2014-03-04",26.219999,27.049999,26.17,26.82,10699200,26.243503
"2014-03-05",26.860001,26.98,26.66,26.93,7662800,26.351139
"2014-03-06",27.030001,27.209999,26.9,26.940001,11975100,26.360924
"2014-03-07",27.15,27.309999,26.790001,27,9253300,26.419634
"2014-03-10",26.969999,27.27,26.809999,27.15,5516300,26.566409
"2014-03-11",27.209999,27.25,26.780001,26.85,5689200,26.272858
"2014-03-12",26.459999,26.700001,26.280001,26.66,6222100,26.086942
"2014-03-13",26.799999,27.07,26.23,26.35,6577900,25.783606
"2014-03-14",26.370001,26.42,25.799999,26.049999,7036600,25.490053
"2014-03-17",26.27,26.66,26.27,26.51,4538600,25.940167
"2014-03-18",26.58,26.77,26.5,26.719999,4233400,26.145652
"2014-03-19",26.75,27.75,26.58,27.58,18777800,26.987167
"2014-03-20",27.469999,28.5,27.469999,28.43,14527600,27.818896
"2014-03-21",28.85,29.129999,28.1,28.530001,17798700,27.916747
"2014-03-24",28.530001,28.700001,28.16,28.43,6557500,27.818896
"2014-03-25",28.49,28.57,27.58,27.83,10762300,27.231793
"2014-03-26",28.059999,28.34,27.780001,27.790001,8123100,27.192654
"2014-03-27",27.709999,27.940001,27.030001,27.16,7582400,26.576194
"2014-03-28",27.25,27.49,27.030001,27.190001,5685500,26.60555
"2014-03-31",27.43,27.49,27.15,27.33,7188700,26.74254
"2014-04-01",27.42,27.719999,27.41,27.450001,9193700,26.859962
"2014-04-02",27.51,27.959999,27.309999,27.9,9823700,27.300288
"2014-04-03",27.940001,28.040001,27.360001,27.370001,14085700,26.781681
"2014-04-04",27.6,27.620001,25.84,26.049999,13587300,25.490053
"2014-04-07",25.93,26.290001,25.559999,25.6,12530300,25.049727
"2014-04-08",25.65,25.9,25.41,25.67,10193600,25.118222
"2014-04-09",25.780001,26.440001,25.66,26.41,12945600,25.842316
"2014-04-10",26.370001,26.43,25.1,25.139999,12094900,24.599614
"2014-04-11",24.889999,25.24,24.59,24.85,8651600,24.315849
"2014-04-14",25.379999,25.6,24.9,25.299999,8455200,24.756175
"2014-04-15",26.32,26.41,25.42,26.110001,13435900,25.548765
"2014-04-16",26.610001,26.870001,26.15,26.84,10653100,26.263073
"2014-04-17",26.889999,27.17,26.67,27.040001,7389400,26.458775
"2014-04-21",27.02,27.190001,26.65,27.17,6008500,26.58598
"2014-04-22",27.200001,27.559999,27.030001,27.459999,6805600,26.869745
"2014-04-23",27.389999,27.469999,26.940001,27.24,4001600,26.654475
"2014-04-24",27.530001,27.530001,26.889999,27.09,6326800,26.507699
"2014-04-25",26.940001,27.07,26.73,26.85,6755800,26.272858
"2014-04-28",26.969999,27.18,26.110001,26.370001,9036800,25.803177
"2014-04-29",26.57,26.719999,26.27,26.58,5112100,26.008662
"2014-04-30",26.52,26.610001,26.27,26.549999,9235900,25.979306
"2014-05-01",26.540001,26.879999,26.41,26.58,5751100,26.008662
"2014-05-02",26.41,27.07,26.4,26.700001,5334200,26.126083
"2014-05-05",26.379999,26.639999,26.129999,26.58,3735100,26.008662
"2014-05-06",26.700001,26.73,25.83,25.879999,7181000,25.323707
"2014-05-07",25.799999,26.25,25.299999,26.209999,8925000,25.70621
"2014-05-08",26.18,26.48,25.959999,26,6160900,25.500248
"2014-05-09",25.940001,26.379999,25.780001,26.360001,6536800,25.853329
"2014-05-12",26.530001,27.08,26.32,27.049999,6635800,26.530065
"2014-05-13",27.040001,27.1,26.49,26.51,8742800,26.000445
"2014-05-14",26.48,26.65,26.110001,26.200001,5590900,25.696404
"2014-05-15",25.809999,25.83,24.809999,25,12237400,24.519469
"2014-05-16",24.99,25.049999,24.559999,25,12080400,24.519469
"2014-05-19",24.6,25.08,24.6,25.01,6078000,24.529277
"2014-05-20",25.09,25.120001,24.66,24.809999,5275700,24.33312
"2014-05-21",24.98,25.370001,24.959999,25.27,5084600,24.78428
"2014-05-22",25.24,25.68,25.15,25.6,5105400,25.107936
"2014-05-23",25.59,25.719999,25.450001,25.65,4796500,25.156975
"2014-05-27",25.809999,25.879999,25.450001,25.469999,6876100,24.980434
"2014-05-28",25.4,25.52,25.08,25.290001,7848500,24.803896
"2014-05-29",25.360001,25.559999,25.23,25.549999,3857100,25.058896
"2014-05-30",25.620001,25.700001,25.200001,25.209999,7301200,24.725431
"2014-06-02",25.33,25.48,25.07,25.370001,9071200,24.882358
"2014-06-03",25.27,25.370001,24.969999,25.17,6711200,24.686201
"2014-06-04",25.129999,25.290001,24.93,25.200001,4564800,24.715625
"2014-06-05",25.290001,25.73,25.15,25.65,4797400,25.156975
"2014-06-06",25.75,26.09,25.639999,25.969999,4690500,25.470824
"2014-06-09",26.08,26.450001,26.01,26.450001,6536500,25.941599
"2014-06-10",26.4,26.43,26.030001,26.110001,4186500,25.608134
"2014-06-11",25.98,26.09,25.67,26.040001,5134500,25.53948
"2014-06-12",25.959999,26.120001,25.58,25.6,7014000,25.107936
"2014-06-13",25.66,26.110001,25.620001,26.01,7587500,25.510056
"2014-06-16",25.889999,25.959999,24.68,25.879999,7616200,25.382553
"2014-06-17",25.360001,27.5,25.360001,27.299999,12430300,26.775259
"2014-06-18",27.25,27.26,26.84,27.15,7198700,26.628143
"2014-06-19",27.190001,27.290001,26.68,27.15,7114800,26.628143
"2014-06-20",27.35,27.5,27.24,27.450001,8174400,26.922378
"2014-06-23",27.379999,27.389999,27.110001,27.280001,5760600,26.755645
"2014-06-24",27.16,27.35,26.719999,26.77,5456500,26.255448
"2014-06-25",26.52,27.129999,26.5,27.08,5966000,26.559489
"2014-06-26",26.98,26.98,26.469999,26.85,4831300,26.33391
"2014-06-27",26.77,27.200001,26.709999,27.139999,5245700,26.618335
"2014-06-30",27.190001,27.27,26.85,26.93,5192900,26.412372
"2014-07-01",27.07,27.51,26.98,27.32,7685700,26.794875
"2014-07-02",27.059999,27.6,27.059999,27.4,3824300,26.873337
"2014-07-03",27.73,28.190001,27.700001,28.1,4492300,27.559883
"2014-07-07",28.26,28.379999,27.719999,27.93,3764500,27.393151
"2014-07-08",27.73,27.77,26.92,27.18,5754100,26.657567
"2014-07-09",27.25,27.35,26.780001,27.09,6376200,26.569297
"2014-07-10",26.440001,27.09,26.440001,26.9,4685700,26.382948
"2014-07-11",26.74,27.139999,26.68,27.1,4056300,26.579105
"2014-07-14",27.459999,27.68,27.440001,27.49,4464700,26.961608
"2014-07-15",27.610001,27.790001,27.110001,27.43,7895400,26.902762
"2014-07-16",27.58,27.870001,27.02,27.559999,7933500,27.030262
"2014-07-17",27.32,27.4,26.77,27.110001,7909300,26.588913
"2014-07-18",27.25,27.85,27.18,27.809999,6637100,27.275457
"2014-07-21",27.73,27.889999,27.48,27.75,4731500,27.21661
"2014-07-22",27.75,27.860001,27.52,27.57,4331200,27.04007
"2014-07-23",27.57,27.629999,27.370001,27.549999,3940200,27.020454
"2014-07-24",27.700001,27.870001,27.5,27.790001,4470700,27.255842
"2014-07-25",27.6,27.799999,27.370001,27.5,4685600,26.971416
"2014-07-28",27.48,27.99,27.370001,27.91,4774800,27.373535
"2014-07-29",27.9,28.360001,27.76,27.92,5400400,27.383343
"2014-07-30",28.139999,28.65,28.129999,28.5,4867700,27.952194
"2014-07-31",28.219999,28.42,27.719999,27.75,5490000,27.21661
"2014-08-01",27.549999,27.73,27.219999,27.450001,5843700,26.922378
"2014-08-04",27.799999,27.809999,27.24,27.690001,4604600,27.157764
"2014-08-05",27.530001,27.799999,27.290001,27.42,4865800,26.892954
"2014-08-06",27.18,27.84,27.1,27.549999,4696700,27.079709
"2014-08-07",27.77,27.84,27.08,27.139999,6257900,26.676708
"2014-08-08",27.280001,27.719999,26.99,27.68,5747000,27.207491
"2014-08-11",27.82,27.91,27.620001,27.709999,4602800,27.236978
"2014-08-12",27.690001,27.809999,27.5,27.6,3147000,27.128857
"2014-08-13",27.639999,27.790001,27.5,27.59,3269500,27.119027
"2014-08-14",27.780001,27.85,27.52,27.629999,3233000,27.158344
"2014-08-15",27.74,27.77,27.01,27.27,6334100,26.80449
"2014-08-18",27.469999,27.870001,27.43,27.860001,4561600,27.384419
"2014-08-19",27.92,27.92,27.67,27.83,4269700,27.35493
"2014-08-20",27.83,28.459999,27.790001,28.35,5746300,27.866054
"2014-08-21",28.370001,28.59,28.15,28.43,4957300,27.944688
"2014-08-22",28.309999,28.860001,28.23,28.57,5517100,28.082298
"2014-08-25",28.77,29.16,28.76,28.92,4949600,28.426324
"2014-08-26",28.98,29.07,28.82,28.84,4279200,28.347689
"2014-08-27",28.889999,28.9,28.389999,28.469999,3276100,27.984005
"2014-08-28",28.4,28.51,28.120001,28.35,2352100,27.866054
"2014-08-29",28.440001,28.68,28.370001,28.51,2468300,28.023323
"2014-09-02",28.66,28.799999,28.370001,28.709999,3151500,28.219908
"2014-09-03",28.860001,28.940001,28.040001,28.18,5585100,27.698956
"2014-09-04",28.26,28.639999,28.17,28.459999,4464200,27.974175
"2014-09-05",28.34,28.66,28.08,28.639999,4679500,28.151103
"2014-09-08",28.52,29,28.5,28.860001,4706800,28.367348
"2014-09-09",28.73,28.93,28.469999,28.68,4266100,28.190421
"2014-09-10",28.77,29.35,28.68,29.309999,6956100,28.809666
"2014-09-11",29.110001,29.370001,28.959999,29.24,6621700,28.740861
"2014-09-12",29.35,29.75,29.290001,29.52,8168900,29.016082
"2014-09-15",29.43,29.48,29.09,29.26,6388000,28.76052
"2014-09-16",29.25,29.530001,29.120001,29.4,7376600,28.898129
"2014-09-17",29.530001,30.370001,29.379999,30.200001,9995000,29.684474
"2014-09-18",30.43,31,30.34,30.780001,7916800,30.254573
"2014-09-19",30.91,30.959999,30.290001,30.370001,10058800,29.851572
"2014-09-22",30.299999,30.57,29.950001,30.18,6066100,29.664815
"2014-09-23",30.1,30.49,29.889999,29.889999,6719800,29.379765
"2014-09-24",30.01,30.24,29.73,29.950001,9530800,29.438742
"2014-09-25",29.780001,29.950001,29.33,29.52,5313200,29.016082
"2014-09-26",29.690001,30.09,29.52,29.93,4263100,29.419083
"2014-09-29",29.48,29.870001,29.34,29.74,4645700,29.232326
"2014-09-30",29.91,30.110001,29.280001,29.389999,7935600,28.8883
"2014-10-01",29.200001,29.33,28.690001,28.790001,11212600,28.298544
"2014-10-02",28.799999,29.129999,28.58,29.049999,11015700,28.554104
"2014-10-03",29.42,29.700001,29.34,29.57,5938000,29.065228
"2014-10-06",29.780001,29.950001,29.389999,29.700001,6022900,29.193009
"2014-10-07",29.49,29.549999,28.450001,28.48,8954000,27.993834
"2014-10-08",28.540001,28.77,28.16,28.73,8288900,28.239567
"2014-10-09",28.6,28.719999,27.110001,27.129999,17176500,26.666879
"2014-10-10",27.09,27.219999,26.209999,26.23,17444500,25.782243
"2014-10-13",26.25,26.459999,25.110001,25.17,18377600,24.740338
"2014-10-14",24.76,25.66,24.73,25.280001,13542500,24.848461
"2014-10-15",24.209999,25.5,23.35,25.32,22021300,24.887777
"2014-10-16",24.290001,25.860001,24.219999,25.5,13858900,25.064704
"2014-10-17",25.940001,26.129999,25.610001,25.84,9136500,25.398901
"2014-10-20",25.74,25.85,25.4,25.719999,6906300,25.280948
"2014-10-21",25.99,26.559999,25.790001,26.49,7649000,26.037805
"2014-10-22",26.379999,26.639999,25.99,26.01,5940300,25.565999
"2014-10-23",26.540001,26.709999,26.280001,26.530001,7557100,26.077123
"2014-10-24",26.49,26.75,26.32,26.690001,4143600,26.234391
"2014-10-27",26.58,26.700001,26.209999,26.41,5473800,25.95917
"2014-10-28",26.639999,27.09,26.610001,27.09,5014200,26.627563
"2014-10-29",27.18,27.85,27.040001,27.629999,9166100,27.158344
"2014-10-30",27.51,27.85,27.450001,27.75,6637600,27.276296
"2014-10-31",28.25,28.77,28.209999,28.67,7908500,28.180591
"2014-11-03",28.75,28.85,28.32,28.440001,6858100,27.954518
"2014-11-04",28.299999,28.639999,28.219999,28.559999,4765200,28.072468
"2014-11-05",28.709999,28.83,28.5,28.780001,6307200,28.34827
"2014-11-06",28.67,29.07,28.51,29.040001,6503400,28.60437
"2014-11-07",28.969999,29.030001,28.43,28.58,7658900,28.15127
"2014-11-10",28.6,28.99,28.6,28.92,5282400,28.486169
"2014-11-11",28.98,29.16,28.83,28.85,4887500,28.41722
"2014-11-12",28.67,28.959999,28.67,28.780001,6000800,28.34827
"2014-11-13",28.91,28.959999,28.610001,28.790001,5846500,28.35812
"2014-11-14",28.83,29.110001,28.809999,28.870001,4826800,28.43692
"2014-11-17",28.719999,28.83,28.440001,28.549999,4310100,28.121719
"2014-11-18",28.549999,28.9,28.540001,28.76,3837000,28.32857
"2014-11-19",28.74,28.74,28.27,28.52,4625800,28.09217
"2014-11-20",28.25,28.48,28.049999,28.34,7059300,27.91487
"2014-11-21",28.75,28.77,28.25,28.280001,7484200,27.855771
"2014-11-24",28.370001,28.540001,28.200001,28.42,5129000,27.99367
"2014-11-25",28.5,28.549999,28.32,28.370001,4851500,27.944421
"2014-11-26",28.43,28.459999,28.24,28.299999,3595300,27.875469
"2014-11-28",28.290001,28.440001,28.200001,28.32,1839200,27.89517
"2014-12-01",28.08,28.08,27.23,27.66,8977400,27.245071
"2014-12-02",27.860001,28.290001,27.76,28.280001,4987900,27.855771
"2014-12-03",28.200001,29.120001,28.190001,29.030001,8952200,28.59452
"2014-12-04",28.940001,29.139999,28.74,29.01,4295600,28.57482
"2014-12-05",29.77,30.219999,29.620001,29.969999,12591300,29.520418
"2014-12-08",29.940001,30.370001,29.709999,30.049999,8087600,29.599217
"2014-12-09",29.49,30.33,29.360001,30.23,8390800,29.776518
"2014-12-10",30.040001,30.26,29.459999,29.52,7774700,29.077169
"2014-12-11",29.790001,30.200001,29.559999,29.68,5774900,29.234769
"2014-12-12",29.209999,29.469999,28.73,28.75,7079100,28.31872
"2014-12-15",28.879999,29.15,28.48,28.74,6543300,28.308869
"2014-12-16",28.49,28.690001,28.1,28.120001,7528900,27.698171
"2014-12-17",28.309999,29.280001,28.120001,29.190001,14658600,28.75212
"2014-12-18",29.82,30.15,29.57,30.01,8087100,29.559818
"2014-12-19",30.190001,30.23,29.860001,29.9,12989200,29.451468
"2014-12-22",29.969999,30.139999,29.889999,30.059999,3999500,29.609068
"2014-12-23",30.209999,30.77,30.16,30.66,5372300,30.200067
"2014-12-24",30.83,30.85,30.530001,30.67,2983300,30.209918
"2014-12-26",30.889999,30.889999,30.52,30.530001,2027100,30.072018
"2014-12-29",30.389999,30.85,30.35,30.559999,3756200,30.101567
"2014-12-30",30.42,30.49,30.299999,30.35,3809100,29.894718
"2014-12-31",30.49,30.67,30.18,30.190001,2915800,29.737119
"2015-01-02",30.41,30.57,29.809999,30.219999,4537600,29.766667
"2015-01-05",29.969999,30,29.129999,29.209999,5931400,28.771818
"2015-01-06",29.209999,29.280001,27.92,28.139999,9825000,27.71787
"2015-01-07",28.459999,28.700001,28.219999,28.690001,7966100,28.25962
"2015-01-08",29.190001,29.52,29.07,29.440001,5590200,28.998369
"2015-01-09",29.440001,29.459999,28.42,28.450001,6730300,28.023221
"2015-01-12",28.459999,28.57,27.92,28.17,4961100,27.74742
"2015-01-13",28.549999,28.959999,27.9,28.190001,5789000,27.767121
"2015-01-14",27.459999,27.459999,26.67,27.23,15084400,26.821521
"2015-01-15",27.25,27.450001,25.5,26.67,13304700,26.269922
"2015-01-16",26.82,26.940001,25.43,26.9,15235700,26.496471
"2015-01-20",27,27.1,26.26,26.75,8201300,26.348722
"2015-01-21",26.549999,26.969999,26.17,26.700001,8217100,26.299472
"2015-01-22",27.190001,27.799999,26.190001,27.65,11160400,27.23522
"2015-01-23",27.66,27.719999,27.17,27.190001,5152400,26.782122
"2015-01-26",27.040001,27.42,26.879999,27.360001,4435400,26.949572
"2015-01-27",26.889999,27.059999,26.5,26.809999,5730400,26.407821
"2015-01-28",26.98,27,25.940001,25.959999,8124900,25.570572
"2015-01-29",25.969999,26.41,25.83,26.32,8446700,25.925172
"2015-01-30",25.93,26.42,25.799999,25.98,9151100,25.590272
"2015-02-02",26.059999,26.620001,25.809999,26.6,6327000,26.200972
"2015-02-03",26.75,27.65,26.74,27.620001,10258100,27.205672
"2015-02-04",27.530001,27.9,27.530001,27.610001,6594900,27.195821
"2015-02-05",27.75,28.23,27.700001,27.92,5507300,27.561064
"2015-02-06",28.5,29.530001,28.4,29.110001,11868600,28.735766
"2015-02-09",28.790001,29.1,28.690001,28.790001,5567700,28.41988
"2015-02-10",29.09,29.41,28.889999,29.190001,5198200,28.814737
"2015-02-11",29.059999,29.190001,28.870001,29.049999,4627400,28.676536
"2015-02-12",29.24,30.030001,29.129999,29.959999,10618500,29.574837
"2015-02-13",29.959999,30.190001,29.01,29.129999,9595500,28.755507
"2015-02-17",29.219999,29.75,29.02,29.74,7038300,29.357666
"2015-02-18",29.5,29.77,28.870001,29.09,8735100,28.716022
"2015-02-19",29.09,29.459999,29.01,29.280001,4848700,28.90358
"2015-02-20",29.16,29.700001,28.82,29.65,4995500,29.268823
"2015-02-23",29.5,29.530001,29.15,29.51,4635100,29.130623
"2015-02-24",29.57,30.200001,29.5,29.82,7237100,29.436637
"2015-02-25",29.75,29.98,29.559999,29.719999,4332400,29.337922
"2015-02-26",29.719999,30.030001,29.58,29.870001,3669400,29.485995
"2015-02-27",29.709999,29.879999,29.32,29.34,5146100,28.962808
"2015-03-02",29.34,30.23,29.309999,30.17,6423300,29.782138
"2015-03-03",30,30.200001,29.700001,29.950001,4927300,29.564967
"2015-03-04",29.74,30.059999,29.58,29.870001,5173100,29.485995
"2015-03-05",29.82,30.25,29.58,30.209999,6136100,29.821623
"2015-03-06",30.629999,31.73,30.559999,31.040001,13199300,30.640954
"2015-03-09",31,31.17,30.719999,30.98,8000600,30.581724
"2015-03-10",30.540001,30.950001,30.299999,30.309999,6677600,29.920338
"2015-03-11",30.370001,31,30.33,30.68,5609000,30.285582
"2015-03-12",30.77,31.129999,30.379999,31.049999,6592500,30.650824
"2015-03-13",30.5,30.74,30.1,30.34,9251800,29.949953
"2015-03-16",30.6,30.84,30.51,30.790001,6866900,30.394168
"2015-03-17",30.68,31.129999,30.65,30.9,7752800,30.502753
"2015-03-18",30.83,31.129999,29.6,29.77,14735200,29.387281
"2015-03-19",29.73,29.870001,28.93,29.42,12247200,29.04178
"2015-03-20",29.5,30.200001,29.440001,30.01,10170800,29.624195
"2015-03-23",30.049999,30.25,29.9,29.91,4924000,29.52548
"2015-03-24",29.809999,29.98,29.700001,29.790001,5033900,29.407024
"2015-03-25",29.799999,29.799999,29.209999,29.209999,5568500,28.834479
"2015-03-26",29.469999,30.07,29.030001,29.780001,7821400,29.397152
"2015-03-27",29.809999,30.24,29.51,30.23,7319000,29.841366
"2015-03-30",30.32,30.620001,30.290001,30.360001,4145200,29.969696
"2015-03-31",30.120001,30.59,30.08,30.440001,5342800,30.048667
"2015-04-01",30.360001,30.440001,29.709999,29.93,8263400,29.545224
"2015-04-02",29.950001,30.09,29.66,30.01,6892500,29.624195
"2015-04-06",29.549999,30.08,29.120001,29.969999,6929800,29.584708
"2015-04-07",29.91,30.1,29.75,29.77,3625300,29.387281
"2015-04-08",29.76,30.190001,29.68,30.17,4818900,29.782138
"2015-04-09",30.139999,30.68,30.02,30.6,4718600,30.20661
"2015-04-10",30.57,30.74,30.530001,30.700001,6021500,30.305325
"2015-04-13",30.65,31,30.59,30.92,5967000,30.522496
"2015-04-14",30.709999,30.74,30.129999,30.450001,6881600,30.058539
"2015-04-15",30.139999,30.950001,29.9,30.530001,9128700,30.13751
"2015-04-16",30.389999,30.629999,30.26,30.52,4825600,30.127639
"2015-04-17",30.26,30.35,30,30.25,6221300,29.861109
"2015-04-20",30.379999,30.5,30.08,30.120001,5027600,29.732781
"2015-04-21",30.120001,30.34,29.809999,30.16,7020600,29.772266
"2015-04-22",30.190001,30.65,29.98,30.459999,6795800,30.068409
"2015-04-23",30.59,30.719999,30.280001,30.5,6804400,30.107895
"2015-04-24",30.49,30.49,30.040001,30.120001,5837700,29.732781
"2015-04-27",30.24,30.59,30.059999,30.09,5787700,29.703166
"2015-04-28",30.120001,30.52,30.07,30.49,5131300,30.098024
"2015-04-29",30.469999,31.129999,30.290001,30.809999,6808400,30.41391
"2015-04-30",30.780001,31.1,30.41,30.5,6820600,30.107895
"2015-05-01",30.67,30.93,30.620001,30.709999,4239300,30.315195
"2015-05-04",30.75,31.549999,30.6,31.379999,7957100,30.976581
"2015-05-05",31.25,31.85,31.190001,31.26,7959800,30.858125
"2015-05-06",31.690001,31.690001,30.809999,31.02,8116000,30.680098
"2015-05-07",30.99,31.33,30.82,31.17,7309200,30.828454
"2015-05-08",31.309999,31.389999,31.01,31.280001,5923000,30.937249
"2015-05-11",31.309999,32.18,31.23,32.040001,11008100,31.688921
"2015-05-12",31.879999,32.02,31.530001,31.77,7336800,31.421879
"2015-05-13",31.77,31.85,31.52,31.700001,4858100,31.352647
"2015-05-14",31.959999,31.99,31.43,31.809999,6407900,31.46144
"2015-05-15",31.74,31.879999,30.99,31.209999,5259000,30.868014
"2015-05-18",31.24,31.91,31.219999,31.860001,6779500,31.510893
"2015-05-19",32.119999,32.43,31.700001,31.74,5494400,31.392207
"2015-05-20",31.73,31.93,31.459999,31.66,5243300,31.313084
"2015-05-21",31.43,31.75,31.299999,31.48,5961700,31.135056
"2015-05-22",31.459999,31.809999,31.41,31.41,5657300,31.065824
"2015-05-26",31.360001,31.469999,31.200001,31.280001,5143000,30.937249
"2015-05-27",31.459999,31.85,31.26,31.76,4590700,31.411989
"2015-05-28",31.690001,31.959999,31.59,31.9,4823200,31.550454
"2015-05-29",31.9,31.950001,31.18,31.65,6622800,31.303194
"2015-06-01",31.73,31.83,31.190001,31.440001,4921400,31.095495
"2015-06-02",31.35,31.85,31.1,31.629999,4489100,31.283412
"2015-06-03",31.959999,32.450001,31.76,32.290001,6729700,31.936182
"2015-06-04",32.009998,32.369999,31.9,32.259998,7954700,31.906508
"2015-06-05",33.470001,33.59,32.880001,33.23,13552500,32.865881
"2015-06-08",33.16,33.48,33.009998,33.02,5922600,32.658183
"2015-06-09",32.990002,33.169998,32.779999,33.02,5549200,32.658183
"2015-06-10",33.189999,33.57,33.080002,33.43,7451100,33.06369
"2015-06-11",33.450001,33.720001,33.34,33.389999,7436700,33.024127
"2015-06-12",33.34,33.529999,33.220001,33.360001,5910000,32.994457
"2015-06-15",32.990002,33.209999,32.610001,33.049999,5355900,32.687853
"2015-06-16",32.939999,33.349998,32.91,33.240002,6033300,32.875773
"2015-06-17",33.369999,33.59,32.98,33.07,7677700,32.707634
"2015-06-18",33.150002,33.27,32.59,33.07,9954300,32.707634
"2015-06-19",32.849998,33.02,32.59,32.669998,7645400,32.312015
"2015-06-22",32.98,33.48,32.98,33.369999,5668000,33.004346
"2015-06-23",33.529999,33.779999,33.380001,33.48,6172300,33.113141
"2015-06-24",33.349998,33.490002,32.970001,33.07,4026400,32.707634
"2015-06-25",33.25,33.52,33.060001,33.25,5647500,32.885662
"2015-06-26",33.419998,33.599998,33.119999,33.529999,13570000,33.162593
"2015-06-29",33.060001,33.07,32.16,32.259998,11173600,31.906508
"2015-06-30",32.650002,32.830002,32.23,32.650002,8009300,32.292238
"2015-07-01",33.16,33.32,32.919998,33.119999,7413900,32.757085
"2015-07-02",32.990002,32.990002,32.59,32.849998,4716900,32.490043
"2015-07-06",32.470001,32.759998,32.18,32.5,5972000,32.14388
"2015-07-07",32.389999,32.529999,31.66,32.389999,9808200,32.035085
"2015-07-08",32.040001,32.119999,31.450001,31.530001,12312700,31.184509
"2015-07-09",32.09,32.389999,31.91,32.18,12130200,31.827387
"2015-07-10",32.700001,33.380001,32.450001,32.830002,7849100,32.470266
"2015-07-13",33.16,33.540001,33.09,33.470001,7938900,33.103252
"2015-07-14",33.400002,33.860001,33.189999,33.77,6366100,33.399964
"2015-07-15",33.830002,33.91,33.459999,33.650002,7054500,33.28128
"2015-07-16",33.860001,34.759998,33.740002,34.759998,11587400,34.379114
"2015-07-17",34.759998,34.93,34.470001,34.790001,7498000,34.408788
"2015-07-20",34.93,35.23,34.869999,34.990002,6952200,34.606597
"2015-07-21",35,35.419998,34.669998,34.93,6417800,34.547253
"2015-07-22",34.82,35.299999,34.540001,35.25,7356600,34.863747
"2015-07-23",35.23,35.529999,34.779999,34.959999,6793000,34.576924
"2015-07-24",34.869999,34.990002,34.610001,34.810001,14035500,34.428569
"2015-07-27",34.450001,34.48,33.84,34.080002,7563200,33.706569
"2015-07-28",34.459999,34.610001,34.040001,34.48,6562500,34.102184
"2015-07-29",34.560001,34.990002,34.389999,34.82,6790200,34.438458
"2015-07-30",34.91,35.220001,34.73,35.189999,5121300,34.804403
"2015-07-31",35.029999,35.07,34.369999,34.880001,9394100,34.497802
"2015-08-03",34.93,34.98,34.34,34.700001,10479900,34.319774
"2015-08-04",34.639999,35.380001,34.630001,35.209999,7528500,34.824184
"2015-08-05",35.5,35.669998,35.290001,35.380001,10247500,35.052055
"2015-08-06",35.509998,35.720001,34.810001,35.099998,6287900,34.774648
"2015-08-07",35.049999,35.509998,34.630001,35.029999,5219300,34.705297
"2015-08-10",35.400002,35.59,35.34,35.419998,6782500,35.091682
"2015-08-11",34.66,35.040001,34.419998,34.740002,5121500,34.417988
"2015-08-12",34.32,34.330002,33.009998,33.849998,10378900,33.536235
"2015-08-13",33.990002,34.200001,33.669998,34.060001,4253700,33.744291
"2015-08-14",34.009998,34.330002,33.939999,34.330002,3223000,34.011789
"2015-08-17",34.110001,34.169998,33.59,34.040001,6397800,33.724476
"2015-08-18",33.959999,34.09,33.57,33.919998,5640800,33.605586
"2015-08-19",33.720001,33.790001,33.09,33.099998,8720100,32.793187
"2015-08-20",32.689999,32.75,32.18,32.189999,10267400,31.891622
"2015-08-21",31.809999,32,30.92,30.93,11616700,30.643303
"2015-08-24",28.440001,30.74,27.530001,29.549999,14441200,29.276093
"2015-08-25",30.58,30.58,28.77,28.799999,14719500,28.533045
"2015-08-26",29.870001,29.9,28.93,29.74,21359100,29.464333
"2015-08-27",30.15,30.719999,29.76,30.360001,17298000,30.078587
"2015-08-28",30.200001,30.84,30,30.700001,11173500,30.415435
"2015-08-31",30.58,30.690001,30.299999,30.379999,7884800,30.0984
"2015-09-01",29.5,29.629999,28.91,29.09,12905000,28.820358
"2015-09-02",29.620001,29.700001,28.91,29.4,10986100,29.127484
"2015-09-03",29.57,30.280001,29.35,29.76,10587600,29.484148
"2015-09-04",29.440001,29.690001,28.83,29.1,7258000,28.830266
"2015-09-08",29.82,31.15,29.82,31.1,14208300,30.811727
"2015-09-09",31.469999,31.860001,30.5,30.58,8807900,30.296547
"2015-09-10",30.58,30.93,30.370001,30.6,10879000,30.316362
"2015-09-11",30.57,30.57,30.030001,30.49,6891400,30.207381
"2015-09-14",30.440001,30.540001,29.969999,30.23,7141600,29.94979
"2015-09-15",30.41,31,30.219999,30.82,9955300,30.534322
"2015-09-16",30.84,31.219999,30.5,31.110001,9795900,30.821635
"2015-09-17",31.110001,31.719999,29.629999,29.780001,19452600,29.503963
"2015-09-18",29.049999,29.110001,28.450001,28.450001,24464200,28.186291
"2015-09-21",28.870001,29.290001,28.700001,29.049999,9777600,28.780728
"2015-09-22",28.540001,28.68,27.99,28.33,11576600,28.067402
"2015-09-23",28.33,28.75,28.23,28.48,6852800,28.216012
"2015-09-24",28.08,28.200001,27.51,27.879999,13876900,27.621573
"2015-09-25",28.52,29.450001,28.219999,28.42,18246400,28.156568
"2015-09-28",28.049999,28.16,27.1,27.280001,9989600,27.027136
"2015-09-29",27.35,27.799999,27.129999,27.58,13568300,27.324354
"2015-09-30",28.049999,28.59,27.98,28.559999,11409500,28.29527
"2015-10-01",28.52,28.639999,27.84,28.549999,10716100,28.285363
"2015-10-02",27,27.68,26.4,27.6,30332600,27.344169
"2015-10-05",27.91,28.4,27.790001,28.370001,8283600,28.107033
"2015-10-06",28.17,28.24,27.6,27.66,13204000,27.403613
"2015-10-07",27.870001,28.139999,27.48,28.129999,12248900,27.869256
"2015-10-08",27.950001,28.49,27.809999,28.33,9136300,28.067402
"2015-10-09",28.34,28.629999,28.09,28.219999,8358700,27.958421
"2015-10-12",28.15,28.4,27.99,28.389999,5291500,28.126846
"2015-10-13",28.120001,28.540001,28.059999,28.09,5356000,27.829627
"2015-10-14",27.98,28.040001,27.51,27.780001,11201100,27.522501
"2015-10-15",27.82,28.629999,27.73,28.6,7432500,28.3349
"2015-10-16",28.889999,28.889999,28.35,28.68,9047800,28.414159
"2015-10-19",28.32,28.700001,28.209999,28.5,7015200,28.235827
"2015-10-20",28.559999,29.4,28.49,29.35,9256700,29.077948
"2015-10-21",29.48,29.620001,28.809999,28.860001,7016000,28.59249
"2015-10-22",28.959999,29.610001,28.85,29.450001,7644900,29.177022
"2015-10-23",29.91,30.49,29.780001,30.43,11372900,30.147937
"2015-10-26",30.370001,30.51,30.08,30.450001,6334800,30.167752
"2015-10-27",30.120001,30.309999,29.610001,29.85,8956100,29.573314
"2015-10-28",29.860001,31.049999,29.77,30.940001,25173700,30.65321
"2015-10-29",30.940001,31.280001,30.57,31,9489300,30.712654
"2015-10-30",30.9,31.049999,30.48,30.52,6254200,30.237103
"2015-11-02",30.66,31.48,30.469999,31.370001,7031100,31.079225
"2015-11-03",31.26,31.73,31.16,31.49,7132800,31.198111
"2015-11-04",31.52,31.73,31.389999,31.440001,7214600,31.208039
"2015-11-05",31.559999,31.799999,31.49,31.57,8704500,31.337079
"2015-11-06",32.52,34.169998,32.52,33.509998,27112100,33.262764
"2015-11-09",33.59,33.880001,33.380001,33.490002,17265800,33.242915
"2015-11-10",33.279999,33.459999,32.880001,33.330002,9354800,33.084096
"2015-11-11",33.32,33.77,33.32,33.529999,6995200,33.282617
"2015-11-12",33.09,33.259998,32.669998,32.790001,7987900,32.548079
"2015-11-13",32.619999,32.91,32.18,32.310001,8309700,32.071621
"2015-11-16",32.259998,32.59,31.9,32.59,7966700,32.349554
"2015-11-17",32.790001,33.240002,32.290001,32.810001,7766000,32.567932
"2015-11-18",32.869999,33.52,32.77,33.400002,8036400,33.153579
"2015-11-19",33.360001,33.560001,32.950001,33.040001,7106000,32.796234
"2015-11-20",33.25,33.43,33.16,33.34,9207300,33.09402
"2015-11-23",33.419998,33.549999,33.209999,33.290001,5874500,33.04439
"2015-11-24",32.91,33.57,32.790001,33.5,9006800,33.25284
"2015-11-25",33.669998,33.810001,33.43,33.689999,11356600,33.441436
"2015-11-27",33.689999,33.790001,33.43,33.740002,2004100,33.491071
"2015-11-30",33.93,33.950001,33.459999,33.709999,6710400,33.461289
"2015-12-01",33.919998,34.16,33.459999,34.02,6548600,33.769004
"2015-12-02",34.130001,34.220001,33.48,33.59,7199500,33.342176
"2015-12-03",33.790001,33.849998,32.950001,32.98,9018400,32.736676
"2015-12-04",33.32,34.52,33.169998,34.509998,14250300,34.255386
"2015-12-07",34.389999,34.48,33.880001,34.080002,6641300,33.828562
"2015-12-08",33.73,34.099998,33.599998,33.860001,6117900,33.610184
"2015-12-09",33.669998,34.099998,32.84,32.970001,9684800,32.726751
"2015-12-10",33.009998,33.650002,32.880001,33.259998,4641300,33.014609
"2015-12-11",32.630001,32.799999,31.67,31.77,10214500,31.535604
"2015-12-14",32.049999,32.610001,31.620001,32.25,11846900,32.012062
"2015-12-15",32.689999,33.290001,32.689999,33.18,10841700,32.935201
"2015-12-16",33.619999,34,32.82,33.810001,15136400,33.560554
"2015-12-17",34.029999,34.110001,33.080002,33.209999,7335300,32.964978
"2015-12-18",32.889999,33.029999,31.9,31.91,14251000,31.67457
"2015-12-21",32.23,32.400002,31.870001,32.209999,6950100,31.972356
"2015-12-22",32.549999,32.990002,32.16,32.900002,5330900,32.657268
"2015-12-23",33.139999,33.169998,32.740002,33.060001,6389800,32.816087
"2015-12-24",33,33.259998,32.889999,33.049999,1464400,32.806159
"2015-12-28",32.91,33.110001,32.599998,33.110001,3902000,32.865718
"2015-12-29",33.389999,33.619999,33.290001,33.560001,4152800,33.312398
"2015-12-30",33.419998,33.720001,33.23,33.25,3142100,33.004684
"2015-12-31",32.98,33.470001,32.700001,32.93,5820900,32.687045
