"","UCTT.Open","UCTT.High","UCTT.Low","UCTT.Close","UCTT.Volume","UCTT.Adjusted"
"2010-01-04",7,7.43,6.91,7.34,74200,7.34
"2010-01-05",7.3,7.5,7.3,7.35,43300,7.35
"2010-01-06",7.33,7.45,7.28,7.35,30900,7.35
"2010-01-07",7.16,7.45,7.16,7.34,32500,7.34
"2010-01-08",7.31,7.65,7.31,7.54,83100,7.54
"2010-01-11",7.61,7.81,7.55,7.69,29900,7.69
"2010-01-12",7.62,7.7,7.3,7.3,171600,7.3
"2010-01-13",7.39,7.58,7.15,7.48,135700,7.48
"2010-01-14",7.5,7.6,7.34,7.59,66200,7.59
"2010-01-15",7.54,7.61,7.37,7.61,58400,7.61
"2010-01-19",7.59,7.6,7.48,7.58,29900,7.58
"2010-01-20",7.55,7.68,7.45,7.59,63100,7.59
"2010-01-21",7.59,7.59,7.4,7.5,44900,7.5
"2010-01-22",7.45,7.63,7.25,7.28,86900,7.28
"2010-01-25",7.32,7.4,7.27,7.29,30500,7.29
"2010-01-26",7.25,7.32,7.15,7.2,88200,7.2
"2010-01-27",7.12,7.14,6.61,6.89,153800,6.89
"2010-01-28",6.86,6.96,6.5,6.61,50100,6.61
"2010-01-29",6.61,6.88,6.06,6.46,85600,6.46
"2010-02-01",6.49,6.75,6.42,6.62,87200,6.62
"2010-02-02",6.61,6.77,6.55,6.7,49100,6.7
"2010-02-03",6.62,6.79,6.52,6.71,30700,6.71
"2010-02-04",6.68,6.82,6.06,6.06,43800,6.06
"2010-02-05",6.11,6.19,5.99,6.01,80200,6.01
"2010-02-08",6.05,6.14,5.99,6,89000,6
"2010-02-09",6.14,6.18,6.04,6.1,69900,6.1
"2010-02-10",6.11,6.23,6.03,6.23,29000,6.23
"2010-02-11",6.17,6.44,6.17,6.38,54200,6.38
"2010-02-12",6.33,6.5,6.25,6.45,72600,6.45
"2010-02-16",6.53,7.1,6.47,7.05,237200,7.05
"2010-02-17",7.47,8.98,7.35,8.84,1419200,8.84
"2010-02-18",8.62,8.97,8.52,8.57,393600,8.57
"2010-02-19",8.5,9.24,8.5,9.01,340900,9.01
"2010-02-22",9.02,9.57,9.02,9.25,357300,9.25
"2010-02-23",9.17,9.18,8.85,8.95,170600,8.95
"2010-02-24",8.98,9.3,8.75,9,236100,9
"2010-02-25",8.77,8.97,8.76,8.97,126800,8.97
"2010-02-26",8.9,9.1,8.8,8.87,103000,8.87
"2010-03-01",9.07,9.5,9.07,9.3,161300,9.3
"2010-03-02",9.28,9.53,9.17,9.42,112300,9.42
"2010-03-03",9.46,9.62,9.46,9.52,93300,9.52
"2010-03-04",9.59,9.75,9.3,9.31,140900,9.31
"2010-03-05",9.26,9.49,9.07,9.47,118600,9.47
"2010-03-08",9.51,9.51,9.12,9.18,82900,9.18
"2010-03-09",9.12,9.25,9.11,9.14,58500,9.14
"2010-03-10",9.11,9.24,9.02,9.2,96300,9.2
"2010-03-11",9.07,9.41,9.07,9.4,84300,9.4
"2010-03-12",9.47,9.47,9.1,9.25,69400,9.25
"2010-03-15",9.25,9.25,8.81,8.84,130300,8.84
"2010-03-16",8.88,9.15,8.46,8.95,150900,8.95
"2010-03-17",8.92,9.33,8.88,9.18,154200,9.18
"2010-03-18",9.12,9.21,8.82,8.95,82900,8.95
"2010-03-19",8.35,8.99,8.31,8.35,179500,8.35
"2010-03-22",8.23,8.48,8.1,8.45,124200,8.45
"2010-03-23",8.42,9.18,8.39,8.96,141100,8.96
"2010-03-24",8.88,8.88,8.64,8.66,81700,8.66
"2010-03-25",8.72,8.94,8.51,8.74,96800,8.74
"2010-03-26",8.72,8.78,8.38,8.54,168000,8.54
"2010-03-29",8.2,8.53,8.1,8.44,136300,8.44
"2010-03-30",8.49,8.68,8.41,8.55,48700,8.55
"2010-03-31",8.46,8.6,8.31,8.53,69100,8.53
"2010-04-01",8.59,8.59,8.4,8.41,40600,8.41
"2010-04-05",8.49,8.5,7.84,7.91,344800,7.91
"2010-04-06",7.85,8.38,7.85,8.37,237400,8.37
"2010-04-07",8.32,8.79,8.28,8.76,208200,8.76
"2010-04-08",8.74,8.81,8.39,8.71,116900,8.71
"2010-04-09",8.78,8.81,8.35,8.43,220200,8.43
"2010-04-12",8.4,8.56,8.26,8.46,82000,8.46
"2010-04-13",8.47,8.83,8.3,8.77,134700,8.77
"2010-04-14",8.83,9.92,8.83,9.67,501200,9.67
"2010-04-15",9.6,9.94,9.6,9.83,270700,9.83
"2010-04-16",9.82,9.87,9.44,9.65,191800,9.65
"2010-04-19",9.53,9.56,9.36,9.47,103400,9.47
"2010-04-20",9.52,9.94,9.52,9.89,183700,9.89
"2010-04-21",9.93,10.22,9.91,10,201700,10
"2010-04-22",10.06,10.4,9.72,10.3,274600,10.3
"2010-04-23",10.39,10.43,10.21,10.25,131500,10.25
"2010-04-26",10.31,10.75,10.25,10.4,213600,10.4
"2010-04-27",10.66,10.75,9.78,9.85,442900,9.85
"2010-04-28",9.91,10.41,9.53,10.27,162200,10.27
"2010-04-29",9.99,10.35,9.91,10.15,179400,10.15
"2010-04-30",10.11,10.11,9.77,9.87,143200,9.87
"2010-05-03",9.91,9.93,9.38,9.72,114900,9.72
"2010-05-04",9.51,10.23,9.48,10.07,167600,10.07
"2010-05-05",9.91,10.02,9.66,9.88,137000,9.88
"2010-05-06",9.69,9.86,8.75,9.34,200500,9.34
"2010-05-07",9.21,9.37,8.85,9.03,165300,9.03
"2010-05-10",9.47,9.83,9.29,9.71,143900,9.71
"2010-05-11",9.47,10.07,9.45,9.65,118500,9.65
"2010-05-12",9.74,10.5,9.62,10.44,162100,10.44
"2010-05-13",10.27,10.5,10.01,10.16,193000,10.16
"2010-05-14",10.06,10.08,9.81,9.91,97200,9.91
"2010-05-17",10.09,10.14,9.65,9.97,99600,9.97
"2010-05-18",10.24,10.24,9.73,9.74,191300,9.74
"2010-05-19",9.71,10,9.23,9.6,161200,9.6
"2010-05-20",9.14,9.38,8.83,8.98,153100,8.98
"2010-05-21",8.75,9.5,8.64,9,174300,9
"2010-05-24",8.99,9.17,8.9,8.96,80100,8.96
"2010-05-25",8.55,8.63,8.19,8.6,149400,8.6
"2010-05-26",8.73,8.82,8.5,8.5,82200,8.5
"2010-05-27",8.84,9,8.75,8.86,130400,8.86
"2010-05-28",8.89,9.02,8.7,8.92,122900,8.92
"2010-06-01",8.82,8.82,8.3,8.32,89700,8.32
"2010-06-02",8.37,8.7,8.32,8.66,102600,8.66
"2010-06-03",8.64,8.91,8.48,8.86,137400,8.86
"2010-06-04",8.4,8.75,8.08,8.25,78700,8.25
"2010-06-07",8.23,8.24,7.69,7.72,94600,7.72
"2010-06-08",7.8,7.8,7.31,7.6,162400,7.6
"2010-06-09",7.8,7.88,7.41,7.58,158600,7.58
"2010-06-10",7.7,8.1,7.65,8.09,133500,8.09
"2010-06-11",8.27,8.52,7.95,8.49,112200,8.49
"2010-06-14",8.46,8.8,8.46,8.61,161100,8.61
"2010-06-15",8.7,8.93,8.52,8.85,282100,8.85
"2010-06-16",8.84,9.25,8.68,9.07,133500,9.07
"2010-06-17",9.19,9.22,8.87,9.05,64900,9.05
"2010-06-18",9.03,9.29,8.87,9.13,145000,9.13
"2010-06-21",9.28,9.28,8.86,9.13,178100,9.13
"2010-06-22",9.11,9.18,8.79,8.84,71700,8.84
"2010-06-23",8.95,9.1,8.61,8.74,98400,8.74
"2010-06-24",8.69,8.9,8.54,8.79,107200,8.79
"2010-06-25",8.88,8.98,8.5,8.86,2864000,8.86
"2010-06-28",8.85,9.15,8.73,9.13,159300,9.13
"2010-06-29",8.91,9.04,8.57,8.64,162700,8.64
"2010-06-30",8.67,8.79,8.42,8.52,128800,8.52
"2010-07-01",8.5,8.54,7.91,8.26,96400,8.26
"2010-07-02",8.36,8.49,8.12,8.25,130800,8.25
"2010-07-06",8.4,8.48,7.75,7.78,105100,7.78
"2010-07-07",7.78,8.4,7.78,8.39,170400,8.39
"2010-07-08",8.49,8.57,8.12,8.37,86200,8.37
"2010-07-09",8.37,8.94,8.37,8.9,96400,8.9
"2010-07-12",8.84,9.21,8.69,8.81,71000,8.81
"2010-07-13",8.99,9.5,8.85,9.48,107900,9.48
"2010-07-14",9.48,9.66,9.14,9.24,122400,9.24
"2010-07-15",9.28,9.28,8.79,8.88,75000,8.88
"2010-07-16",8.77,8.88,8.42,8.42,133000,8.42
"2010-07-19",8.49,8.52,8.1,8.4,87500,8.4
"2010-07-20",8.25,8.48,8.12,8.45,104100,8.45
"2010-07-21",8.55,8.62,8.14,8.16,55800,8.16
"2010-07-22",8.33,8.81,8.31,8.78,96000,8.78
"2010-07-23",8.75,9.27,8.69,9.24,113100,9.24
"2010-07-26",9.24,9.61,9.24,9.45,219400,9.45
"2010-07-27",10.44,10.87,10.21,10.72,1390600,10.72
"2010-07-28",10.73,10.94,10.45,10.88,307900,10.88
"2010-07-29",10.71,11.08,10.48,10.9,346400,10.9
"2010-07-30",10.75,10.9,10.52,10.83,253600,10.83
"2010-08-02",11,11.47,10.91,10.97,323600,10.97
"2010-08-03",10.96,11.13,10.62,10.98,136700,10.98
"2010-08-04",11.02,11.06,10.7,10.82,113600,10.82
"2010-08-05",10.74,10.89,10.46,10.46,120000,10.46
"2010-08-06",10.32,10.83,9.94,10.74,305600,10.74
"2010-08-09",10.86,11.1,10.75,10.99,254600,10.99
"2010-08-10",10.88,10.96,10.43,10.61,165000,10.61
"2010-08-11",10.37,10.37,9.67,9.87,257000,9.87
"2010-08-12",9.61,9.96,9.39,9.44,160600,9.44
"2010-08-13",9.43,9.59,9.22,9.26,125400,9.26
"2010-08-16",9.23,10,9.15,9.98,212900,9.98
"2010-08-17",10.17,10.44,9.85,10.15,135600,10.15
"2010-08-18",10.17,10.34,9.75,10,102100,10
"2010-08-19",9.93,9.94,9.26,9.32,190500,9.32
"2010-08-20",9.3,9.56,9.12,9.54,175700,9.54
"2010-08-23",9.59,9.61,9.21,9.29,113000,9.29
"2010-08-24",9.15,9.2,8.84,9.12,165500,9.12
"2010-08-25",9.01,9.1,8.6,9,236500,9
"2010-08-26",9.02,9.17,8.75,8.79,215200,8.79
"2010-08-27",8.9,9.07,8.61,8.93,2e+05,8.93
"2010-08-30",8.89,8.95,8.66,8.68,125700,8.68
"2010-08-31",8.66,8.78,8.28,8.45,170500,8.45
"2010-09-01",8.73,9.02,8.58,8.97,125600,8.97
"2010-09-02",9.03,9.07,8.82,8.93,127800,8.93
"2010-09-03",9.07,9.3,8.89,9.02,156800,9.02
"2010-09-07",9.02,9.11,8.61,8.7,142100,8.7
"2010-09-08",8.75,8.82,8.62,8.68,131900,8.68
"2010-09-09",8.84,8.84,8.04,8.08,282000,8.08
"2010-09-10",8.23,8.26,7.8,7.99,343000,7.99
"2010-09-13",8.07,8.39,8.06,8.3,121700,8.3
"2010-09-14",8.32,8.48,8.16,8.25,93000,8.25
"2010-09-15",8.23,8.35,8.17,8.27,60200,8.27
"2010-09-16",8.27,8.37,8.04,8.1,69800,8.1
"2010-09-17",8.23,8.31,7.89,8.16,303000,8.16
"2010-09-20",8.17,8.4,8.11,8.36,147300,8.36
"2010-09-21",8.34,8.39,8.15,8.21,145800,8.21
"2010-09-22",8.19,8.3,8.07,8.19,117600,8.19
"2010-09-23",8.13,8.44,8.08,8.24,165100,8.24
"2010-09-24",8.4,8.44,8.28,8.33,240600,8.33
"2010-09-27",8.31,8.72,8.29,8.58,148300,8.58
"2010-09-28",8.63,8.75,8.19,8.73,125700,8.73
"2010-09-29",8.72,9.05,8.57,8.87,111700,8.87
"2010-09-30",8.98,9.17,8.62,8.62,117700,8.62
"2010-10-01",8.7,9,8.55,9,159200,9
"2010-10-04",9,9.1,8.81,9,164500,9
"2010-10-05",8.75,9.3,8.58,9.24,189900,9.24
"2010-10-06",9.22,9.27,9,9.04,117400,9.04
"2010-10-07",9.15,9.35,9,9.21,138900,9.21
"2010-10-08",9.24,9.27,8.5,8.59,325500,8.59
"2010-10-11",8.55,8.8,8.37,8.61,132800,8.61
"2010-10-12",8.55,8.69,8.3,8.57,231100,8.57
"2010-10-13",8.6,9.09,8.59,9.07,249800,9.07
"2010-10-14",9.08,9.39,9,9.14,109500,9.14
"2010-10-15",9.29,9.34,9.09,9.18,122900,9.18
"2010-10-18",9.24,9.3,9.05,9.2,100400,9.2
"2010-10-19",9.03,9.3,8.9,9.15,123900,9.15
"2010-10-20",9.22,9.28,8.86,8.88,126800,8.88
"2010-10-21",8.92,8.96,8.38,8.56,163400,8.56
"2010-10-22",8.58,8.71,8.5,8.7,192300,8.7
"2010-10-25",8.81,9.04,6.79,7,1067500,7
"2010-10-26",7.4,8.06,7.12,8.02,1197200,8.02
"2010-10-27",7.99,7.99,7.56,7.89,364400,7.89
"2010-10-28",7.99,7.99,7.47,7.54,266100,7.54
"2010-10-29",7.48,7.66,7.35,7.52,410000,7.52
"2010-11-01",7.54,7.65,7.29,7.45,240300,7.45
"2010-11-02",7.56,7.65,7.43,7.58,150800,7.58
"2010-11-03",7.65,7.79,7.4,7.63,134700,7.63
"2010-11-04",7.79,8.12,7.78,8.09,250100,8.09
"2010-11-05",8.07,8.3,8,8.13,249400,8.13
"2010-11-08",8.06,8.25,8.01,8.21,118900,8.21
"2010-11-09",8.31,8.31,7.7,7.78,122600,7.78
"2010-11-10",7.81,7.97,7.57,7.86,127500,7.86
"2010-11-11",7.75,7.92,7.64,7.82,119500,7.82
"2010-11-12",7.75,7.85,7.6,7.81,171600,7.81
"2010-11-15",7.75,7.91,7.73,7.88,115200,7.88
"2010-11-16",7.78,7.93,7.56,7.62,173600,7.62
"2010-11-17",7.62,7.72,7.46,7.56,103200,7.56
"2010-11-18",7.67,8,7.67,8,192100,8
"2010-11-19",7.94,8.04,7.75,7.92,127500,7.92
"2010-11-22",7.88,8.04,7.86,8.04,66000,8.04
"2010-11-23",7.88,8,7.72,7.78,88900,7.78
"2010-11-24",7.88,8.2,7.84,8.08,124900,8.08
"2010-11-26",8,8.1,7.94,8.05,44300,8.05
"2010-11-29",7.98,8.09,7.72,8.02,74100,8.02
"2010-11-30",7.99,7.99,7.72,7.84,92800,7.84
"2010-12-01",8.02,8.18,7.92,8.12,133100,8.12
"2010-12-02",8.1,8.64,8.04,8.59,178500,8.59
"2010-12-03",8.51,8.61,8.39,8.58,71600,8.58
"2010-12-06",8.58,8.76,8.48,8.6,179900,8.6
"2010-12-07",8.72,9.03,8.67,8.77,164900,8.77
"2010-12-08",8.8,9.01,8.7,9,165400,9
"2010-12-09",9.04,9.24,8.99,9.19,195000,9.19
"2010-12-10",9.24,9.24,9.09,9.17,68200,9.17
"2010-12-13",9.24,9.32,9.1,9.12,110600,9.12
"2010-12-14",9.11,9.15,8.95,8.99,157500,8.99
"2010-12-15",9.05,9.14,8.74,8.96,156100,8.96
"2010-12-16",9,9.16,8.96,9.13,105100,9.13
"2010-12-17",9.15,9.33,9.11,9.33,221700,9.33
"2010-12-20",9.34,9.41,9.31,9.38,145600,9.38
"2010-12-21",9.46,9.78,9.38,9.63,382400,9.63
"2010-12-22",9.67,9.76,9.5,9.56,145800,9.56
"2010-12-23",9.6,9.7,9.56,9.6,174400,9.6
"2010-12-27",9.55,9.65,9.48,9.59,56200,9.59
"2010-12-28",9.55,9.63,9.33,9.48,68000,9.48
"2010-12-29",9.63,9.65,9.46,9.47,66000,9.47
"2010-12-30",9.45,9.55,9.37,9.4,30300,9.4
"2010-12-31",9.38,9.5,9.27,9.31,51800,9.31
"2011-01-03",9.47,9.62,9.25,9.29,130900,9.29
"2011-01-04",9.38,9.39,8.78,8.87,186900,8.87
"2011-01-05",8.88,9.18,8.58,9.13,168700,9.13
"2011-01-06",9.17,9.17,8.87,8.99,188900,8.99
"2011-01-07",8.97,9.24,8.87,9.03,127600,9.03
"2011-01-10",8.97,9.2,8.8,9.16,77800,9.16
"2011-01-11",9.18,9.44,9.13,9.2,156800,9.2
"2011-01-12",9.29,10.28,9.2,10.28,557800,10.28
"2011-01-13",10.3,12.47,10.13,11.7,1511900,11.7
"2011-01-14",11.9,12.67,11.76,12.42,704200,12.42
"2011-01-18",12.43,12.75,12.01,12.71,483600,12.71
"2011-01-19",12.72,12.75,12.2,12.29,258000,12.29
"2011-01-20",12.09,12.3,11.84,11.96,353800,11.96
"2011-01-21",12.07,12.6,11.81,11.85,278700,11.85
"2011-01-24",11.89,12.56,11.89,12.56,191600,12.56
"2011-01-25",12.47,12.62,12.08,12.19,77300,12.19
"2011-01-26",12.29,13.1,12.2,13.07,599000,13.07
"2011-01-27",13.1,13.35,12.71,12.96,309800,12.96
"2011-01-28",12.95,13.09,11.91,12.04,307500,12.04
"2011-01-31",12.09,12.62,12,12.5,201100,12.5
"2011-02-01",12.64,13.07,12.46,12.95,196900,12.95
"2011-02-02",12.88,13.19,12.63,12.71,194900,12.71
"2011-02-03",12.72,12.75,12.2,12.5,98600,12.5
"2011-02-04",12.47,12.59,12.07,12.53,103900,12.53
"2011-02-07",12.54,13.62,12.45,13.05,578500,13.05
"2011-02-08",13.06,13.2,12.75,13.01,162900,13.01
"2011-02-09",13,13.05,12.4,12.63,93000,12.63
"2011-02-10",12.49,12.95,12.41,12.86,125300,12.86
"2011-02-11",12.78,13.21,12.75,13.08,466500,13.08
"2011-02-14",13.16,13.23,12.77,13.18,529800,13.18
"2011-02-15",11.49,11.49,10.3,10.59,1889800,10.59
"2011-02-16",10.59,10.76,10.36,10.52,542600,10.52
"2011-02-17",10.52,11,10.38,10.89,434400,10.89
"2011-02-18",11,11.2,10.73,10.79,350500,10.79
"2011-02-22",10.63,10.72,10.2,10.24,273300,10.24
"2011-02-23",10.23,10.23,9.93,9.96,227800,9.96
"2011-02-24",9.94,10.65,9.9,10.61,263700,10.61
"2011-02-25",10.66,10.89,10.5,10.65,106500,10.65
"2011-02-28",10.51,10.87,10.47,10.57,188400,10.57
"2011-03-01",10.57,10.57,10.16,10.23,214300,10.23
"2011-03-02",10.23,10.45,9.99,10.19,304100,10.19
"2011-03-03",10.37,10.5,10.23,10.3,133800,10.3
"2011-03-04",10.33,10.33,9.95,10.02,186500,10.02
"2011-03-07",10.11,10.32,9.78,10.09,221000,10.09
"2011-03-08",10.07,10.67,9.99,10.52,167600,10.52
"2011-03-09",10.59,10.7,10.41,10.55,229600,10.55
"2011-03-10",10.35,10.35,9.52,9.58,311800,9.58
"2011-03-11",9.5,9.76,9.43,9.59,131700,9.59
"2011-03-14",9.47,9.66,9.47,9.58,79900,9.58
"2011-03-15",9.42,9.61,9.29,9.29,219200,9.29
"2011-03-16",9.26,9.47,8.58,8.63,501300,8.63
"2011-03-17",8.8,9.07,8.67,8.83,177300,8.83
"2011-03-18",8.99,9.05,8.78,8.9,146500,8.9
"2011-03-21",9.08,9.36,9.03,9.25,102800,9.25
"2011-03-22",9.29,9.34,9.1,9.19,101800,9.19
"2011-03-23",9.13,9.56,8.93,9.53,157700,9.53
"2011-03-24",9.62,10.06,9.46,10.01,339600,10.01
"2011-03-25",10.09,10.26,9.78,9.79,135000,9.79
"2011-03-28",9.63,9.76,9.54,9.65,100600,9.65
"2011-03-29",9.58,9.76,9.5,9.67,69700,9.67
"2011-03-30",9.75,10.09,9.59,10.05,57000,10.05
"2011-03-31",9.98,10.4,9.98,10.34,78800,10.34
"2011-04-01",10.48,10.68,10.31,10.31,91000,10.31
"2011-04-04",10.34,10.54,10.1,10.16,99400,10.16
"2011-04-05",10.22,10.64,10.13,10.42,134900,10.42
"2011-04-06",10.51,10.58,10.31,10.52,106200,10.52
"2011-04-07",10.48,10.53,10.21,10.23,48300,10.23
"2011-04-08",10.33,10.57,9.87,9.97,92500,9.97
"2011-04-11",9.95,10.25,9.82,10.14,53000,10.14
"2011-04-12",10.09,10.22,9.76,9.89,95900,9.89
"2011-04-13",9.96,10.05,9.54,9.6,126900,9.6
"2011-04-14",9.47,9.63,9.27,9.55,53100,9.55
"2011-04-15",9.52,10.18,9.52,10.09,187900,10.09
"2011-04-18",9.9,9.93,9.54,9.68,79700,9.68
"2011-04-19",9.71,9.75,9.37,9.46,97800,9.46
"2011-04-20",9.81,10.15,9.68,9.99,85500,9.99
"2011-04-21",10.1,10.23,10,10.08,91600,10.08
"2011-04-25",9.34,10.34,9.33,10.29,93700,10.29
"2011-04-26",12.37,12.54,11.51,11.58,1e+06,11.58
"2011-04-27",11.58,11.93,11.3,11.7,274800,11.7
"2011-04-28",11.43,11.7,11.17,11.55,233200,11.55
"2011-04-29",11.49,11.76,11.33,11.49,176000,11.49
"2011-05-02",11.53,11.53,11.05,11.15,119500,11.15
"2011-05-03",11.13,11.22,10.78,10.9,90200,10.9
"2011-05-04",10.97,11.22,10.58,11,124000,11
"2011-05-05",10.9,11.17,10.71,10.86,134200,10.86
"2011-05-06",11.09,11.28,10.86,10.9,79000,10.9
"2011-05-09",10.93,11.38,10.9,11.29,64100,11.29
"2011-05-10",11.35,11.78,11.15,11.67,96000,11.67
"2011-05-11",11.55,11.66,11.12,11.23,73700,11.23
"2011-05-12",11.14,11.6,11.02,11.39,42200,11.39
"2011-05-13",11.36,11.43,10.86,10.9,58500,10.9
"2011-05-16",10.83,11.14,10.68,10.68,65000,10.68
"2011-05-17",10.6,10.68,10.18,10.4,79700,10.4
"2011-05-18",10.45,11.05,10.26,10.85,88400,10.85
"2011-05-19",10.94,10.94,10.28,10.53,88400,10.53
"2011-05-20",10.44,10.67,10.24,10.3,52000,10.3
"2011-05-23",10.2,10.23,9.9,9.95,85600,9.95
"2011-05-24",9.99,10.21,9.93,9.98,134000,9.98
"2011-05-25",9.92,9.92,9.68,9.7,168000,9.7
"2011-05-26",9.68,10.43,9.68,10.21,194500,10.21
"2011-05-27",10.26,10.29,9.98,10.15,105700,10.15
"2011-05-31",10.29,10.35,10.1,10.16,177500,10.16
"2011-06-01",10.07,10.11,9.66,9.68,231500,9.68
"2011-06-02",9.73,9.92,9.47,9.5,165100,9.5
"2011-06-03",9.28,9.48,9.08,9.18,114200,9.18
"2011-06-06",9.2,9.31,8.98,9.02,105900,9.02
"2011-06-07",9.14,9.55,9.09,9.41,60700,9.41
"2011-06-08",9.34,9.48,8.68,8.81,147100,8.81
"2011-06-09",8.88,9,8.62,8.86,240800,8.86
"2011-06-10",8.8,9,8.67,8.98,201800,8.98
"2011-06-13",9.02,9.07,8.59,8.67,80600,8.67
"2011-06-14",8.85,8.9,8.67,8.74,80400,8.74
"2011-06-15",8.56,8.81,8.35,8.44,144600,8.44
"2011-06-16",8.42,8.52,8.11,8.42,133200,8.42
"2011-06-17",8.5,8.7,8.06,8.17,229000,8.17
"2011-06-20",8.18,8.44,8.11,8.19,127200,8.19
"2011-06-21",8.29,8.74,8.23,8.72,108600,8.72
"2011-06-22",8.62,8.68,8.31,8.46,164500,8.46
"2011-06-23",8.27,8.64,8.16,8.53,115800,8.53
"2011-06-24",8.56,8.62,8.29,8.5,186100,8.5
"2011-06-27",8.52,8.73,8.23,8.6,149200,8.6
"2011-06-28",8.62,8.62,8.25,8.44,129500,8.44
"2011-06-29",8.51,8.66,8.3,8.64,86200,8.64
"2011-06-30",8.69,9.11,8.66,9.08,163000,9.08
"2011-07-01",9.1,9.39,8.91,9.36,70400,9.36
"2011-07-05",9.37,9.5,9.28,9.45,82900,9.45
"2011-07-06",9.39,9.78,9.36,9.64,138000,9.64
"2011-07-07",9.77,10.02,9.68,9.76,136600,9.76
"2011-07-08",9.53,9.54,9.06,9.2,359100,9.2
"2011-07-11",8.98,9.2,8.9,8.92,84400,8.92
"2011-07-12",8.9,8.96,8.37,8.38,340400,8.38
"2011-07-13",8.43,8.56,8.24,8.36,146400,8.36
"2011-07-14",8.2,8.44,8.16,8.31,85600,8.31
"2011-07-15",8.34,8.5,8.03,8.05,273900,8.05
"2011-07-18",7.98,8.02,7.74,7.82,198700,7.82
"2011-07-19",7.91,8.11,7.82,7.95,278000,7.95
"2011-07-20",8.1,8.11,7.72,7.8,305900,7.8
"2011-07-21",7.83,7.96,7.76,7.88,229600,7.88
"2011-07-22",7.91,8.28,7.91,8.24,132300,8.24
"2011-07-25",8.13,8.31,8.06,8.07,227100,8.07
"2011-07-26",7.1,7.79,7,7.11,551500,7.11
"2011-07-27",7.05,7.14,6.9,6.96,374200,6.96
"2011-07-28",6.96,7.2,6.93,7.05,238100,7.05
"2011-07-29",6.91,7.11,6.88,6.94,71300,6.94
"2011-08-01",7.08,7.08,6.8,7.02,124300,7.02
"2011-08-02",6.86,7.08,6.79,6.82,178800,6.82
"2011-08-03",6.81,7.05,6.55,6.93,169400,6.93
"2011-08-04",6.77,6.99,6.53,6.54,219300,6.54
"2011-08-05",6.68,6.78,6.2,6.58,175900,6.58
"2011-08-08",6.23,6.55,5.81,5.84,204700,5.84
"2011-08-09",6.09,6.4,5.56,6.37,211200,6.37
"2011-08-10",6.08,6.65,5.5,5.51,179200,5.51
"2011-08-11",5.56,5.8,5.38,5.57,289700,5.57
"2011-08-12",5.69,5.86,5.5,5.76,232900,5.76
"2011-08-15",5.83,5.88,5.63,5.75,137900,5.75
"2011-08-16",5.67,5.75,5.43,5.51,136700,5.51
"2011-08-17",5.54,5.72,5.46,5.6,121500,5.6
"2011-08-18",5.4,5.45,5.05,5.08,159800,5.08
"2011-08-19",4.96,5.15,4.85,4.9,213900,4.9
"2011-08-22",5.07,5.09,4.77,4.89,169000,4.89
"2011-08-23",4.88,5.22,4.87,5.14,214700,5.14
"2011-08-24",5.03,5.39,4.83,5.29,208500,5.29
"2011-08-25",5.32,5.41,5.06,5.08,100600,5.08
"2011-08-26",5.02,5.46,4.99,5.44,88900,5.44
"2011-08-29",5.52,5.81,5.35,5.74,140100,5.74
"2011-08-30",5.69,5.73,5.48,5.6,146200,5.6
"2011-08-31",5.66,5.82,5.5,5.63,117800,5.63
"2011-09-01",5.6,5.79,5.2,5.23,206500,5.23
"2011-09-02",5.12,5.24,5.03,5.08,209100,5.08
"2011-09-06",4.91,5,4.7,4.84,245800,4.84
"2011-09-07",4.97,5.16,4.9,5.1,378100,5.1
"2011-09-08",5.06,5.15,4.66,4.68,134300,4.68
"2011-09-09",4.61,4.75,4.5,4.6,147200,4.6
"2011-09-12",4.51,4.72,4.45,4.58,90800,4.58
"2011-09-13",4.6,4.8,4.55,4.64,120100,4.64
"2011-09-14",4.72,5.07,4.57,5.04,225400,5.04
"2011-09-15",5.12,5.12,4.87,5.08,180100,5.08
"2011-09-16",5.13,5.13,5,5.09,143300,5.09
"2011-09-19",4.98,5.12,4.86,4.99,115700,4.99
"2011-09-20",4.97,5,4.6,4.61,121400,4.61
"2011-09-21",4.57,4.64,4.17,4.19,188400,4.19
"2011-09-22",4,4.15,3.86,3.94,255000,3.94
"2011-09-23",3.89,4.05,3.85,3.99,221200,3.99
"2011-09-26",4.03,4.16,3.95,4.16,201200,4.16
"2011-09-27",4.31,4.58,4.28,4.48,179700,4.48
"2011-09-28",4.49,4.76,4.35,4.6,216900,4.6
"2011-09-29",4.76,4.92,4.25,4.45,172300,4.45
"2011-09-30",4.33,4.5,4.27,4.29,183200,4.29
"2011-10-03",4.25,4.42,3.87,3.87,159200,3.87
"2011-10-04",3.77,4.17,3.77,4.1,238400,4.1
"2011-10-05",4.13,4.42,3.99,4.33,159100,4.33
"2011-10-06",4.34,4.44,4.11,4.23,134600,4.23
"2011-10-07",4.25,4.45,4.1,4.24,136100,4.24
"2011-10-10",4.37,4.63,4.24,4.61,139700,4.61
"2011-10-11",4.54,4.73,4.53,4.67,109500,4.67
"2011-10-12",4.75,5.11,4.66,5.01,152200,5.01
"2011-10-13",4.96,5.15,4.87,5.02,91700,5.02
"2011-10-14",5.12,5.2,5.02,5.16,169000,5.16
"2011-10-17",5.08,5.25,5.01,5.09,176800,5.09
"2011-10-18",5.13,5.47,4.98,5.42,130200,5.42
"2011-10-19",5.41,5.41,4.93,4.97,86600,4.97
"2011-10-20",4.96,4.96,4.65,4.85,122800,4.85
"2011-10-21",4.99,5.08,4.88,4.95,135800,4.95
"2011-10-24",4.99,5.28,4.86,4.97,284300,4.97
"2011-10-25",4.38,4.65,4.25,4.62,388600,4.62
"2011-10-26",4.71,5.24,4.58,5.12,117100,5.12
"2011-10-27",5.35,5.93,5.15,5.85,303400,5.85
"2011-10-28",5.8,5.92,5.67,5.72,111300,5.72
"2011-10-31",5.56,5.65,5.41,5.48,163400,5.48
"2011-11-01",5.19,5.51,5.18,5.3,161600,5.3
"2011-11-02",5.45,5.61,5.3,5.54,92100,5.54
"2011-11-03",5.66,5.74,5.39,5.72,97500,5.72
"2011-11-04",5.64,5.74,5.51,5.71,45800,5.71
"2011-11-07",5.7,5.7,5.27,5.51,127900,5.51
"2011-11-08",5.59,5.68,5.21,5.62,101900,5.62
"2011-11-09",5.4,5.51,5.06,5.08,196400,5.08
"2011-11-10",5.2,5.32,5.06,5.21,291500,5.21
"2011-11-11",5.28,5.67,5.28,5.64,74500,5.64
"2011-11-14",5.47,5.58,5.19,5.24,106900,5.24
"2011-11-15",5.2,5.67,5.2,5.63,122700,5.63
"2011-11-16",5.52,5.69,5.35,5.4,106000,5.4
"2011-11-17",5.37,5.4,5.08,5.14,83700,5.14
"2011-11-18",5.16,5.29,5.06,5.2,42300,5.2
"2011-11-21",5.04,5.1,4.93,5,139300,5
"2011-11-22",4.98,5.14,4.81,5.01,116200,5.01
"2011-11-23",4.94,5.06,4.58,4.58,203600,4.58
"2011-11-25",4.55,4.64,4.51,4.55,48300,4.55
"2011-11-28",4.82,5.03,4.79,4.89,132200,4.89
"2011-11-29",4.96,5.05,4.87,5.02,68100,5.02
"2011-11-30",5.3,5.66,5.3,5.65,156700,5.65
"2011-12-01",5.65,5.8,5.49,5.72,82400,5.72
"2011-12-02",5.85,5.99,5.65,5.95,91400,5.95
"2011-12-05",6.11,6.11,5.78,5.92,94100,5.92
"2011-12-06",5.95,6.61,5.88,6.46,200200,6.46
"2011-12-07",6.42,6.57,6.3,6.46,93300,6.46
"2011-12-08",6.37,6.41,6.15,6.26,124600,6.26
"2011-12-09",6.26,6.47,6.26,6.37,160800,6.37
"2011-12-12",6.22,6.34,6.13,6.24,139000,6.24
"2011-12-13",6.33,6.33,6.1,6.12,123800,6.12
"2011-12-14",6.06,6.15,5.9,5.95,145100,5.95
"2011-12-15",6.09,6.09,5.83,5.87,82300,5.87
"2011-12-16",5.9,6.06,5.77,5.8,142900,5.8
"2011-12-19",5.89,6.03,5.85,5.89,133500,5.89
"2011-12-20",6.07,6.28,6,6.24,104200,6.24
"2011-12-21",6.22,6.22,5.99,6.1,54300,6.1
"2011-12-22",6.16,6.27,6.12,6.19,31300,6.19
"2011-12-23",6.19,6.28,6.08,6.22,19800,6.22
"2011-12-27",6.21,6.3,6.17,6.18,32500,6.18
"2011-12-28",6.17,6.19,6,6.01,26500,6.01
"2011-12-29",6.07,6.08,5.93,6.03,50900,6.03
"2011-12-30",6.01,6.17,5.91,6.11,71100,6.11
"2012-01-03",6.31,6.59,5.77,5.79,114100,5.79
"2012-01-04",5.76,5.93,5.76,5.91,50600,5.91
"2012-01-05",5.86,5.98,5.7,5.91,61500,5.91
"2012-01-06",5.92,6.02,5.87,5.96,50600,5.96
"2012-01-09",6.01,6.05,5.91,6,56200,6
"2012-01-10",6.1,6.16,6,6.05,107000,6.05
"2012-01-11",6.84,7.19,6.63,6.79,639700,6.79
"2012-01-12",6.84,6.96,6.76,6.78,236800,6.78
"2012-01-13",6.67,6.95,6.53,6.92,165200,6.92
"2012-01-17",7,7.15,6.82,6.87,127100,6.87
"2012-01-18",6.86,7.11,6.86,7.07,373200,7.07
"2012-01-19",7.09,7.41,7.09,7.27,127000,7.27
"2012-01-20",7.47,7.72,7.44,7.47,209200,7.47
"2012-01-23",7.49,7.72,7.49,7.59,103700,7.59
"2012-01-24",7.54,7.66,7.46,7.57,94300,7.57
"2012-01-25",7.58,7.9,7.45,7.86,275800,7.86
"2012-01-26",7.9,7.95,7.48,7.49,132300,7.49
"2012-01-27",7.45,7.57,7.13,7.5,269700,7.5
"2012-01-30",7.39,7.5,7.32,7.41,77300,7.41
"2012-01-31",7.47,7.47,7.15,7.35,85900,7.35
"2012-02-01",7.43,7.57,7.37,7.5,168500,7.5
"2012-02-02",7.58,7.9,7.57,7.8,254300,7.8
"2012-02-03",7.95,8.14,7.86,8.09,290300,8.09
"2012-02-06",8.05,8.1,7.87,7.92,165100,7.92
"2012-02-07",7.89,7.9,7.71,7.83,67500,7.83
"2012-02-08",7.85,8.09,7.76,8.08,70400,8.08
"2012-02-09",8.1,8.1,7.88,7.96,49700,7.96
"2012-02-10",7.86,7.92,7.6,7.76,64000,7.76
"2012-02-13",7.89,7.92,7.67,7.8,158200,7.8
"2012-02-14",9.28,9.35,8.68,8.85,1052400,8.85
"2012-02-15",8.97,8.97,8.5,8.57,155500,8.57
"2012-02-16",8.52,9,8.51,8.95,225200,8.95
"2012-02-17",9,9,8.7,8.77,156800,8.77
"2012-02-21",8.8,8.85,8.46,8.56,130300,8.56
"2012-02-22",8.56,8.71,8.45,8.59,95500,8.59
"2012-02-23",8.58,8.78,8.34,8.73,80900,8.73
"2012-02-24",8.72,8.72,8.48,8.5,79700,8.5
"2012-02-27",8.26,8.5,8.06,8.38,193400,8.38
"2012-02-28",8.26,8.62,8.26,8.41,92100,8.41
"2012-02-29",8.41,8.47,8.14,8.17,196900,8.17
"2012-03-01",8.19,8.53,8.19,8.38,140300,8.38
"2012-03-02",8.3,8.39,7.72,7.76,163000,7.76
"2012-03-05",7.71,7.97,7.71,7.86,101600,7.86
"2012-03-06",7.78,7.89,7.44,7.49,127600,7.49
"2012-03-07",7.56,7.59,7.41,7.54,180800,7.54
"2012-03-08",7.64,8.16,7.62,8.13,71500,8.13
"2012-03-09",8.12,8.45,8.01,8.28,97900,8.28
"2012-03-12",8.01,8.11,7.74,7.77,88900,7.77
"2012-03-13",7.86,8.17,7.77,8.15,67800,8.15
"2012-03-14",8.16,8.28,7.9,7.99,61100,7.99
"2012-03-15",8.01,8.2,7.93,8.19,86800,8.19
"2012-03-16",8.18,8.18,7.89,7.99,134000,7.99
"2012-03-19",7.97,8.12,7.92,7.96,56600,7.96
"2012-03-20",7.91,7.91,7.7,7.74,52400,7.74
"2012-03-21",7.76,7.99,7.65,7.98,97000,7.98
"2012-03-22",7.86,8.05,7.81,7.95,117200,7.95
"2012-03-23",7.96,8.12,7.86,8.04,187900,8.04
"2012-03-26",8.14,8.21,7.95,8.09,148700,8.09
"2012-03-27",8.06,8.11,7.87,7.91,104200,7.91
"2012-03-28",7.87,7.9,7.6,7.71,89300,7.71
"2012-03-29",7.62,7.71,7.48,7.63,83200,7.63
"2012-03-30",7.66,7.72,7.52,7.54,118100,7.54
"2012-04-02",7.53,8.04,7.45,7.99,134700,7.99
"2012-04-03",7.97,7.97,7.68,7.69,81300,7.69
"2012-04-04",7.64,7.77,7.34,7.36,106600,7.36
"2012-04-05",7.32,7.43,7.22,7.32,32700,7.32
"2012-04-09",7.12,7.23,7.05,7.08,147200,7.08
"2012-04-10",7.09,7.3,7,7.05,181600,7.05
"2012-04-11",7.15,7.3,7.15,7.18,216200,7.18
"2012-04-12",7.22,7.68,7.22,7.45,104400,7.45
"2012-04-13",7.39,7.39,6.94,7,122500,7
"2012-04-16",7.12,7.46,7.05,7.36,74600,7.36
"2012-04-17",7.42,7.89,7.35,7.81,141600,7.81
"2012-04-18",7.77,7.86,7.64,7.82,103700,7.82
"2012-04-19",7.78,7.95,7.66,7.75,168100,7.75
"2012-04-20",7.85,7.87,7.47,7.51,126300,7.51
"2012-04-23",7.36,7.48,7.2,7.25,407300,7.25
"2012-04-24",7.06,7.33,6.58,6.61,854400,6.61
"2012-04-25",6.64,6.87,6.47,6.53,289900,6.53
"2012-04-26",6.51,6.87,6.5,6.81,145000,6.81
"2012-04-27",6.83,7.08,6.75,6.94,117500,6.94
"2012-04-30",6.97,7.09,6.84,6.85,122000,6.85
"2012-05-01",6.83,7.14,6.81,7.05,93000,7.05
"2012-05-02",6.97,7.01,6.92,6.95,65600,6.95
"2012-05-03",6.96,6.96,6.8,6.84,98000,6.84
"2012-05-04",6.8,6.8,6.48,6.5,85800,6.5
"2012-05-07",6.48,6.8,6.44,6.66,72000,6.66
"2012-05-08",6.58,6.65,6.43,6.61,236700,6.61
"2012-05-09",6.5,6.59,6.4,6.5,142000,6.5
"2012-05-10",6.55,6.58,6.41,6.52,37000,6.52
"2012-05-11",6.43,6.54,6.37,6.41,52000,6.41
"2012-05-14",6.31,6.31,6.08,6.11,87200,6.11
"2012-05-15",5.89,5.93,5.65,5.68,228000,5.68
"2012-05-16",5.81,5.85,5.52,5.68,193400,5.68
"2012-05-17",5.68,5.71,5.4,5.55,184900,5.55
"2012-05-18",5.55,5.59,5.26,5.32,88600,5.32
"2012-05-21",5.52,6.35,5.36,6.25,225900,6.25
"2012-05-22",6.26,6.26,5.98,6.05,165000,6.05
"2012-05-23",5.97,6.26,5.97,6.15,79000,6.15
"2012-05-24",6.16,6.21,5.97,6.07,79400,6.07
"2012-05-25",6.06,6.1,6,6.09,48500,6.09
"2012-05-29",6.14,6.35,6.05,6.29,57900,6.29
"2012-05-30",6.18,6.18,5.95,5.96,52300,5.96
"2012-05-31",5.97,6.06,5.73,5.96,207700,5.96
"2012-06-01",5.78,5.82,5.6,5.75,80900,5.75
"2012-06-04",5.77,5.95,5.76,5.84,80000,5.84
"2012-06-05",5.78,6.07,5.78,6.03,79700,6.03
"2012-06-06",6.08,6.15,5.97,6.15,78100,6.15
"2012-06-07",6.24,6.35,6.07,6.13,67100,6.13
"2012-06-08",6.11,6.54,5.92,6.49,92000,6.49
"2012-06-11",6.56,6.56,6.1,6.1,99100,6.1
"2012-06-12",6.16,6.6,6.13,6.56,75200,6.56
"2012-06-13",6.52,6.67,6.14,6.36,74100,6.36
"2012-06-14",6.31,6.51,6.13,6.39,92600,6.39
"2012-06-15",6.39,6.58,6.22,6.53,110800,6.53
"2012-06-18",6.44,6.64,6.39,6.56,49800,6.56
"2012-06-19",6.62,6.94,6.56,6.87,55100,6.87
"2012-06-20",6.87,6.88,6.56,6.8,72300,6.8
"2012-06-21",6.8,6.88,6.32,6.37,139600,6.37
"2012-06-22",6.46,6.81,6.44,6.75,1213800,6.75
"2012-06-25",6.65,6.75,6.48,6.69,100600,6.69
"2012-06-26",6.69,6.83,6.6,6.66,74800,6.66
"2012-06-27",6.67,6.97,6.65,6.95,73500,6.95
"2012-06-28",6.84,6.88,6.26,6.43,117500,6.43
"2012-06-29",6.62,6.65,6.38,6.43,148900,6.43
"2012-07-02",6.43,6.64,6.43,6.64,120700,6.64
"2012-07-03",6.64,6.65,6.49,6.6,75000,6.6
"2012-07-05",6.56,6.63,6.47,6.52,80200,6.52
"2012-07-06",6.41,6.54,6.36,6.4,105900,6.4
"2012-07-09",6.37,6.58,6.32,6.54,34500,6.54
"2012-07-10",6.61,6.63,6.5,6.57,64000,6.57
"2012-07-11",6.55,6.8,6.55,6.77,92600,6.77
"2012-07-12",6.67,6.67,6.5,6.58,80400,6.58
"2012-07-13",6.6,6.65,6.53,6.6,72800,6.6
"2012-07-16",6.58,6.6,6.43,6.55,59500,6.55
"2012-07-17",6.58,6.58,6.27,6.28,70600,6.28
"2012-07-18",6.26,6.46,6.23,6.36,76100,6.36
"2012-07-19",6.42,6.42,6.23,6.25,101000,6.25
"2012-07-20",6.19,6.29,6.12,6.16,43400,6.16
"2012-07-23",5.96,6.14,5.85,6,97300,6
"2012-07-24",5.88,6.03,5.85,5.94,71600,5.94
"2012-07-25",6.02,6.17,6,6.03,56800,6.03
"2012-07-26",6.16,6.16,6.02,6.06,82600,6.06
"2012-07-27",6.1,6.37,6.07,6.34,44800,6.34
"2012-07-30",6.33,6.39,6.02,6.06,49100,6.06
"2012-07-31",5.99,6.18,5.94,6.04,75000,6.04
"2012-08-01",6.11,6.21,6.01,6.1,71600,6.1
"2012-08-02",5.98,6.07,5.75,5.99,59100,5.99
"2012-08-03",6.16,6.56,6.02,6.54,99900,6.54
"2012-08-06",6.52,6.64,6.35,6.39,97700,6.39
"2012-08-07",6.48,6.6,6.16,6.2,82300,6.2
"2012-08-08",6.15,6.54,6.1,6.53,29800,6.53
"2012-08-09",6.59,6.91,6.56,6.71,40500,6.71
"2012-08-10",6.71,6.74,6.47,6.53,30000,6.53
"2012-08-13",6.48,6.49,6.2,6.28,21400,6.28
"2012-08-14",6.33,6.45,6.16,6.26,30200,6.26
"2012-08-15",6.25,6.45,6.23,6.35,42100,6.35
"2012-08-16",6.36,6.75,6.23,6.74,64900,6.74
"2012-08-17",6.71,7.15,6.64,6.88,105600,6.88
"2012-08-20",6.84,6.92,6.56,6.72,87400,6.72
"2012-08-21",6.76,6.86,6.6,6.7,82400,6.7
"2012-08-22",5.63,6.16,5.57,6,298000,6
"2012-08-23",5.95,5.96,5.56,5.7,60900,5.7
"2012-08-24",5.68,5.77,5.58,5.75,41000,5.75
"2012-08-27",5.8,5.91,5.66,5.75,46100,5.75
"2012-08-28",5.76,6.01,5.72,5.98,53200,5.98
"2012-08-29",5.98,5.98,5.81,5.96,28600,5.96
"2012-08-30",5.82,6.02,5.79,5.87,70700,5.87
"2012-08-31",5.96,5.96,5.77,5.88,73400,5.88
"2012-09-04",5.85,5.85,5.56,5.62,59100,5.62
"2012-09-05",5.6,5.73,5.6,5.68,74400,5.68
"2012-09-06",5.76,6.03,5.58,5.99,87800,5.99
"2012-09-07",6.01,6.01,5.81,5.92,66200,5.92
"2012-09-10",5.9,6.01,5.89,5.97,47900,5.97
"2012-09-11",5.97,6.02,5.94,5.99,62700,5.99
"2012-09-12",6.01,6.01,5.84,5.96,40400,5.96
"2012-09-13",5.97,6.02,5.84,5.99,73100,5.99
"2012-09-14",6.02,6.11,5.83,6.02,184000,6.02
"2012-09-17",5.96,6.03,5.85,5.97,43900,5.97
"2012-09-18",5.92,5.93,5.73,5.85,40700,5.85
"2012-09-19",5.86,5.86,5.7,5.75,98000,5.75
"2012-09-20",5.67,5.77,5.67,5.7,235500,5.7
"2012-09-21",5.81,5.85,5.74,5.78,82500,5.78
"2012-09-24",5.73,5.95,5.69,5.91,79600,5.91
"2012-09-25",5.95,5.97,5.67,5.68,68300,5.68
"2012-09-26",5.69,5.73,5.65,5.73,41400,5.73
"2012-09-27",5.79,5.85,5.69,5.77,124000,5.77
"2012-09-28",5.72,5.76,5.55,5.71,55100,5.71
"2012-10-01",5.75,5.83,5.66,5.76,47900,5.76
"2012-10-02",5.81,5.84,5.67,5.69,70100,5.69
"2012-10-03",5.72,5.72,5.54,5.64,37800,5.64
"2012-10-04",5.66,5.79,5.53,5.62,50000,5.62
"2012-10-05",5.61,5.68,5.41,5.45,53800,5.45
"2012-10-08",5.41,5.46,5.33,5.34,78700,5.34
"2012-10-09",5.35,5.48,5.3,5.33,40200,5.33
"2012-10-10",5.31,5.31,5.06,5.18,63900,5.18
"2012-10-11",5.24,5.24,4.83,4.91,247700,4.91
"2012-10-12",4.9,4.92,4.68,4.75,139200,4.75
"2012-10-15",4.78,4.86,4.74,4.78,95300,4.78
"2012-10-16",4.85,4.89,4.76,4.78,111700,4.78
"2012-10-17",4.79,4.83,4.72,4.8,130900,4.8
"2012-10-18",4.78,4.88,4.69,4.71,133300,4.71
"2012-10-19",4.64,4.79,4.52,4.6,57900,4.6
"2012-10-22",4.6,4.78,4.6,4.65,77000,4.65
"2012-10-23",4.5,4.73,4.34,4.68,115700,4.68
"2012-10-24",4.71,4.82,4.56,4.66,92200,4.66
"2012-10-25",4.74,4.89,4.64,4.7,177700,4.7
"2012-10-26",4.66,4.66,4.5,4.55,69700,4.55
"2012-10-31",4.59,4.66,4.5,4.63,92800,4.63
"2012-11-01",4.61,4.75,4.6,4.7,136000,4.7
"2012-11-02",4.69,4.9,4.63,4.67,101500,4.67
"2012-11-05",4.66,4.78,4.65,4.7,99300,4.7
"2012-11-06",4.71,4.95,4.71,4.85,82200,4.85
"2012-11-07",4.8,4.8,4.66,4.75,123800,4.75
"2012-11-08",4.75,4.8,4.72,4.74,106100,4.74
"2012-11-09",4.74,4.89,4.74,4.82,75700,4.82
"2012-11-12",4.95,4.95,4.69,4.69,141800,4.69
"2012-11-13",4.63,4.74,4.52,4.56,105400,4.56
"2012-11-14",4.56,4.77,4.52,4.7,68400,4.7
"2012-11-15",4.68,4.75,4.61,4.71,103800,4.71
"2012-11-16",4.7,4.9,4.56,4.7,118100,4.7
"2012-11-19",4.77,4.77,4.66,4.7,82500,4.7
"2012-11-20",4.7,4.71,4.5,4.7,90800,4.7
"2012-11-21",4.71,4.89,4.67,4.74,84100,4.74
"2012-11-23",4.75,4.93,4.75,4.92,23500,4.92
"2012-11-26",4.9,4.93,4.76,4.85,89700,4.85
"2012-11-27",4.86,4.94,4.8,4.81,73800,4.81
"2012-11-28",4.76,4.89,4.6,4.86,108500,4.86
"2012-11-29",4.86,5,4.76,4.89,2e+05,4.89
"2012-11-30",4.86,4.96,4.67,4.82,116200,4.82
"2012-12-03",4.87,4.87,4.57,4.57,84000,4.57
"2012-12-04",4.63,4.63,4.34,4.42,139000,4.42
"2012-12-05",4.44,4.46,4.35,4.43,126200,4.43
"2012-12-06",4.39,4.49,4.38,4.4,157900,4.4
"2012-12-07",4.45,4.47,4.38,4.45,127400,4.45
"2012-12-10",4.45,4.5,4.33,4.43,107200,4.43
"2012-12-11",4.48,4.57,4.45,4.52,144500,4.52
"2012-12-12",4.55,4.7,4.53,4.61,178600,4.61
"2012-12-13",4.61,4.67,4.53,4.54,63900,4.54
"2012-12-14",4.52,4.58,4.46,4.57,109700,4.57
"2012-12-17",4.59,4.65,4.48,4.6,82300,4.6
"2012-12-18",4.62,4.74,4.55,4.73,124800,4.73
"2012-12-19",4.72,4.83,4.66,4.73,102300,4.73
"2012-12-20",4.74,4.8,4.7,4.78,77700,4.78
"2012-12-21",4.74,4.74,4.56,4.69,454600,4.69
"2012-12-24",4.71,4.94,4.65,4.93,36900,4.93
"2012-12-26",4.96,4.99,4.79,4.84,52900,4.84
"2012-12-27",4.83,4.97,4.73,4.75,110600,4.75
"2012-12-28",4.74,4.85,4.66,4.68,63500,4.68
"2012-12-31",4.66,4.93,4.58,4.91,80300,4.91
"2013-01-02",5.03,5.19,4.86,5.12,128700,5.12
"2013-01-03",5.11,5.24,4.92,5.09,56900,5.09
"2013-01-04",5.14,5.29,5.11,5.26,36700,5.26
"2013-01-07",5.2,5.25,5.04,5.08,47300,5.08
"2013-01-08",4.92,4.98,4.65,4.8,88400,4.8
"2013-01-09",4.82,4.89,4.8,4.85,27700,4.85
"2013-01-10",4.87,4.9,4.77,4.81,21800,4.81
"2013-01-11",4.83,4.83,4.75,4.81,16800,4.81
"2013-01-14",4.79,4.81,4.73,4.74,51700,4.74
"2013-01-15",4.71,4.83,4.71,4.83,36900,4.83
"2013-01-16",4.84,4.95,4.76,4.94,68900,4.94
"2013-01-17",4.96,5.13,4.9,5.12,91200,5.12
"2013-01-18",5.12,5.37,5.12,5.27,72000,5.27
"2013-01-22",5.08,5.22,5.08,5.19,60000,5.19
"2013-01-23",5.19,5.21,5.11,5.18,36500,5.18
"2013-01-24",5.18,5.25,5.11,5.23,43000,5.23
"2013-01-25",5.25,5.59,5.25,5.58,98100,5.58
"2013-01-28",5.61,5.7,5.42,5.7,99700,5.7
"2013-01-29",5.68,5.68,5.5,5.55,46200,5.55
"2013-01-30",5.5,5.53,5.44,5.51,52000,5.51
"2013-01-31",5.48,5.64,5.48,5.61,62100,5.61
"2013-02-01",5.67,5.94,5.54,5.89,51200,5.89
"2013-02-04",6.12,6.34,5.97,6.03,153600,6.03
"2013-02-05",6.06,6.06,5.9,5.96,105600,5.96
"2013-02-06",5.9,5.95,5.77,5.92,80100,5.92
"2013-02-07",5.9,5.9,5.65,5.86,44500,5.86
"2013-02-08",5.89,6.12,5.89,6,59900,6
"2013-02-11",6.01,6.01,5.82,5.95,21400,5.95
"2013-02-12",5.96,5.97,5.69,5.95,42200,5.95
"2013-02-13",5.98,5.98,5.8,5.94,41600,5.94
"2013-02-14",5.9,6.18,5.86,6.09,62500,6.09
"2013-02-15",6.13,6.13,6.05,6.09,68100,6.09
"2013-02-19",6.13,6.27,6.04,6.22,111200,6.22
"2013-02-20",6.25,6.33,6.05,6.05,240300,6.05
"2013-02-21",6.05,6.08,5.93,6.04,126100,6.04
"2013-02-22",6.02,6.14,5.9,6,170800,6
"2013-02-25",6,6.02,5.9,5.9,150200,5.9
"2013-02-26",5.8,6.03,5.8,5.92,179900,5.92
"2013-02-27",5.83,6.04,5.83,5.96,47800,5.96
"2013-02-28",5.78,6,5.75,5.9,204900,5.9
"2013-03-01",5.8,6.11,5.8,6.11,44700,6.11
"2013-03-04",6.05,6.2,6.01,6.19,65300,6.19
"2013-03-05",6.25,6.28,6.12,6.22,54200,6.22
"2013-03-06",6.23,6.38,6.21,6.38,36500,6.38
"2013-03-07",6.36,6.4,6.34,6.4,37600,6.4
"2013-03-08",6.46,6.46,6.33,6.4,98700,6.4
"2013-03-11",6.36,6.5,6.31,6.38,83800,6.38
"2013-03-12",6.4,6.51,6.4,6.46,70800,6.46
"2013-03-13",6.44,6.52,6.44,6.49,52500,6.49
"2013-03-14",6.52,6.56,6.46,6.51,50600,6.51
"2013-03-15",6.52,6.57,6.45,6.49,224700,6.49
"2013-03-18",6.38,6.57,6.22,6.55,56000,6.55
"2013-03-19",6.55,6.55,6.36,6.45,54400,6.45
"2013-03-20",6.48,6.48,6.18,6.41,55500,6.41
"2013-03-21",6.32,6.47,6.23,6.39,53300,6.39
"2013-03-22",6.41,6.52,6.41,6.5,25900,6.5
"2013-03-25",6.51,6.56,6.4,6.47,40700,6.47
"2013-03-26",6.5,6.54,6.33,6.45,70000,6.45
"2013-03-27",6.34,6.41,6.25,6.36,85200,6.36
"2013-03-28",6.37,6.54,6.12,6.5,137500,6.5
"2013-04-01",6.45,6.45,6.12,6.21,132900,6.21
"2013-04-02",6.26,6.3,5.9,5.91,113000,5.91
"2013-04-03",5.94,6.41,5.94,6.06,90300,6.06
"2013-04-04",6.05,6.11,5.9,6.1,43100,6.1
"2013-04-05",5.92,6.13,5.92,6.08,48300,6.08
"2013-04-08",6.05,6.08,5.92,6.04,61800,6.04
"2013-04-09",6.04,6.25,6.02,6.1,43200,6.1
"2013-04-10",6.1,6.22,6.02,6.1,132100,6.1
"2013-04-11",6.07,6.15,5.94,5.98,69500,5.98
"2013-04-12",5.93,6.02,5.85,5.9,48300,5.9
"2013-04-15",5.9,6.03,5.69,5.72,100800,5.72
"2013-04-16",5.78,5.79,5.6,5.74,59100,5.74
"2013-04-17",5.67,5.68,5.39,5.4,186300,5.4
"2013-04-18",5.43,5.56,5.32,5.44,88500,5.44
"2013-04-19",5.42,5.56,5.38,5.51,75100,5.51
"2013-04-22",5.01,5.58,4.52,5.51,169100,5.51
"2013-04-23",5.61,6.05,5.61,5.85,621300,5.85
"2013-04-24",5.85,5.87,5.72,5.76,124600,5.76
"2013-04-25",5.8,5.99,5.76,5.92,252700,5.92
"2013-04-26",5.8,6.15,5.8,6.13,200300,6.13
"2013-04-29",6.15,6.2,6.09,6.18,84800,6.18
"2013-04-30",6.18,6.29,6.13,6.26,63700,6.26
"2013-05-01",6.23,6.26,5.9,5.9,156300,5.9
"2013-05-02",5.93,6.13,5.93,6.12,46000,6.12
"2013-05-03",6.23,6.29,6.15,6.23,92300,6.23
"2013-05-06",6.21,6.27,6.19,6.23,50800,6.23
"2013-05-07",6.26,6.28,6.1,6.27,42400,6.27
"2013-05-08",6.25,6.27,6.14,6.23,60900,6.23
"2013-05-09",6.21,6.24,6.06,6.17,51500,6.17
"2013-05-10",6.2,6.25,6.06,6.21,65400,6.21
"2013-05-13",6.18,6.21,6.03,6.05,43200,6.05
"2013-05-14",6.04,6.13,5.9,6.06,67700,6.06
"2013-05-15",6.02,6.04,5.9,6.02,80400,6.02
"2013-05-16",5.98,6.06,5.95,6.03,57500,6.03
"2013-05-17",6.01,6.05,5.92,6.02,118900,6.02
"2013-05-20",5.98,6.03,5.95,6,46800,6
"2013-05-21",5.98,6.11,5.95,6.07,38200,6.07
"2013-05-22",6.06,6.08,5.81,5.88,68900,5.88
"2013-05-23",5.83,5.89,5.72,5.89,43200,5.89
"2013-05-24",5.84,6.01,5.79,5.94,44800,5.94
"2013-05-28",6.01,6.1,5.85,5.89,88200,5.89
"2013-05-29",5.85,5.91,5.82,5.87,30800,5.87
"2013-05-30",5.91,5.98,5.85,5.97,28500,5.97
"2013-05-31",5.91,5.92,5.75,5.81,86500,5.81
"2013-06-03",5.82,5.99,5.73,5.82,145800,5.82
"2013-06-04",5.81,5.9,5.6,5.62,460700,5.62
"2013-06-05",5.64,5.66,5.5,5.55,74800,5.55
"2013-06-06",5.57,5.65,5.53,5.65,97300,5.65
"2013-06-07",5.71,5.94,5.54,5.88,234400,5.88
"2013-06-10",5.93,6.02,5.85,5.95,114400,5.95
"2013-06-11",5.88,6.09,5.88,5.99,115300,5.99
"2013-06-12",6.03,6.25,6.03,6.19,90200,6.19
"2013-06-13",6.21,6.34,6.19,6.31,70600,6.31
"2013-06-14",6.32,6.39,6.24,6.27,61500,6.27
"2013-06-17",6.36,6.36,6.21,6.32,74800,6.32
"2013-06-18",6.32,6.42,6.32,6.42,62700,6.42
"2013-06-19",6.39,6.44,6.36,6.4,50800,6.4
"2013-06-20",6.27,6.27,6.07,6.22,69700,6.22
"2013-06-21",6.25,6.3,6.17,6.25,225400,6.25
"2013-06-24",6.19,6.25,6.15,6.15,121400,6.15
"2013-06-25",6.22,6.25,6.07,6.17,136400,6.17
"2013-06-26",6.22,6.26,6.04,6.1,57300,6.1
"2013-06-27",6.17,6.17,6.09,6.14,182700,6.14
"2013-06-28",6.11,6.21,6.02,6.05,669700,6.05
"2013-07-01",6.07,6.14,6.04,6.1,68400,6.1
"2013-07-02",6.09,6.12,6,6.1,50500,6.1
"2013-07-03",6.1,6.13,6.05,6.09,32100,6.09
"2013-07-05",6.12,6.23,6.07,6.21,162400,6.21
"2013-07-08",6.21,6.33,6.2,6.24,121700,6.24
"2013-07-09",6.25,6.29,6.2,6.29,65600,6.29
"2013-07-10",6.29,6.34,6.18,6.22,66400,6.22
"2013-07-11",6.27,6.27,6.22,6.24,211600,6.24
"2013-07-12",6.25,6.26,6.19,6.21,202800,6.21
"2013-07-15",6.23,6.27,6.21,6.26,148400,6.26
"2013-07-16",6.25,6.27,6.21,6.26,81700,6.26
"2013-07-17",6.3,6.32,6.28,6.3,36600,6.3
"2013-07-18",6.34,6.34,6.24,6.28,194600,6.28
"2013-07-19",6.26,6.29,6.15,6.28,105500,6.28
"2013-07-22",6.24,6.26,6.07,6.12,84100,6.12
"2013-07-23",6.12,6.65,6.12,6.64,175000,6.64
"2013-07-24",6.68,6.81,6.53,6.63,158800,6.63
"2013-07-25",6.59,6.89,6.59,6.85,172400,6.85
"2013-07-26",6.83,6.93,6.77,6.87,112200,6.87
"2013-07-29",6.84,7,6.83,6.97,307800,6.97
"2013-07-30",7.02,7.05,6.85,6.94,249100,6.94
"2013-07-31",6.98,7,6.87,6.93,196200,6.93
"2013-08-01",6.98,7,6.85,6.96,103100,6.96
"2013-08-02",6.95,7.04,6.84,6.92,68500,6.92
"2013-08-05",6.93,7.04,6.93,6.97,100600,6.97
"2013-08-06",6.98,7.02,6.86,6.88,56600,6.88
"2013-08-07",6.83,6.94,6.73,6.9,75300,6.9
"2013-08-08",6.9,6.95,6.76,6.79,46900,6.79
"2013-08-09",6.75,6.77,6.61,6.71,57100,6.71
"2013-08-12",6.68,6.86,6.64,6.74,73900,6.74
"2013-08-13",6.77,6.89,6.7,6.74,89300,6.74
"2013-08-14",6.76,6.85,6.7,6.74,53900,6.74
"2013-08-15",6.66,6.78,6.62,6.66,81400,6.66
"2013-08-16",6.7,6.84,6.69,6.79,180900,6.79
"2013-08-19",6.77,6.9,6.68,6.68,87400,6.68
"2013-08-20",6.67,6.88,6.67,6.81,50600,6.81
"2013-08-21",6.78,6.9,6.71,6.83,71400,6.83
"2013-08-22",6.84,7,6.84,7,77500,7
"2013-08-23",7,7.03,6.91,7,85100,7
"2013-08-26",6.99,7.09,6.92,7.02,66800,7.02
"2013-08-27",6.96,6.98,6.63,6.72,114000,6.72
"2013-08-28",6.73,6.87,6.69,6.78,99300,6.78
"2013-08-29",6.79,6.89,6.79,6.82,21400,6.82
"2013-08-30",6.8,6.86,6.5,6.65,96700,6.65
"2013-09-03",6.69,6.8,6.58,6.66,57000,6.66
"2013-09-04",6.66,6.88,6.53,6.81,71600,6.81
"2013-09-05",6.78,6.86,6.66,6.77,24700,6.77
"2013-09-06",6.82,6.82,6.58,6.69,15300,6.69
"2013-09-09",6.69,6.9,6.69,6.87,39000,6.87
"2013-09-10",6.92,6.93,6.79,6.84,41000,6.84
"2013-09-11",6.82,6.85,6.78,6.81,29500,6.81
"2013-09-12",6.82,6.82,6.58,6.59,39300,6.59
"2013-09-13",6.61,6.66,6.5,6.65,48900,6.65
"2013-09-16",6.74,6.74,6.51,6.55,38500,6.55
"2013-09-17",6.52,6.82,6.52,6.62,54300,6.62
"2013-09-18",6.61,6.76,6.52,6.69,55500,6.69
"2013-09-19",6.67,6.71,6.57,6.66,15800,6.66
"2013-09-20",6.66,6.9,6.53,6.9,113100,6.9
"2013-09-23",6.84,7,6.82,6.99,42800,6.99
"2013-09-24",7,7.04,6.88,6.97,93000,6.97
"2013-09-25",6.96,7.03,6.92,6.98,36200,6.98
"2013-09-26",7.11,7.11,6.75,6.84,58000,6.84
"2013-09-27",6.78,7.03,6.78,6.99,40400,6.99
"2013-09-30",6.91,6.96,6.64,6.91,81900,6.91
"2013-10-01",6.89,6.91,6.79,6.8,21200,6.8
"2013-10-02",6.73,6.89,6.7,6.7,60100,6.7
"2013-10-03",6.69,6.8,6.53,6.77,40000,6.77
"2013-10-04",6.75,7,6.75,6.94,50800,6.94
"2013-10-07",6.86,6.92,6.79,6.79,19700,6.79
"2013-10-08",6.84,6.84,6.67,6.7,51100,6.7
"2013-10-09",6.71,6.9,6.67,6.81,54400,6.81
"2013-10-10",6.92,7.02,6.74,6.97,41100,6.97
"2013-10-11",6.93,7.04,6.92,7.04,49000,7.04
"2013-10-14",6.87,7.15,6.87,7.11,79300,7.11
"2013-10-15",7.1,7.18,7.07,7.13,37200,7.13
"2013-10-16",7.16,7.17,7.08,7.08,77500,7.08
"2013-10-17",7.05,7.21,7.04,7.19,60200,7.19
"2013-10-18",7.25,7.25,7,7.11,91000,7.11
"2013-10-21",7.1,7.17,7.02,7.11,69100,7.11
"2013-10-22",8.48,8.57,8,8.47,497700,8.47
"2013-10-23",8.4,8.51,8.3,8.38,218400,8.38
"2013-10-24",8.3,8.42,8.23,8.27,159800,8.27
"2013-10-25",8.29,8.37,8.1,8.35,92500,8.35
"2013-10-28",8.4,9.47,8.39,8.89,611000,8.89
"2013-10-29",8.83,9.12,8.82,9.03,122100,9.03
"2013-10-30",9.01,9.15,8.92,9.03,145100,9.03
"2013-10-31",9.08,9.5,8.88,9.31,556700,9.31
"2013-11-01",9.32,9.4,9.25,9.33,221500,9.33
"2013-11-04",9.45,9.85,9.35,9.73,627600,9.73
"2013-11-05",9.75,10.22,9.63,9.74,771800,9.74
"2013-11-06",9.78,9.99,9.71,9.8,246900,9.8
"2013-11-07",9.8,9.91,9.38,9.45,198500,9.45
"2013-11-08",9.43,9.68,9.37,9.66,175400,9.66
"2013-11-11",9.75,9.86,9.57,9.76,251600,9.76
"2013-11-12",9.78,9.88,9.63,9.82,147500,9.82
"2013-11-13",9.79,10,9.73,9.99,188900,9.99
"2013-11-14",10,10.3,9.87,9.88,199700,9.88
"2013-11-15",9.9,10,9.85,9.95,157700,9.95
"2013-11-18",10.02,10.07,9.41,9.45,191600,9.45
"2013-11-19",9.39,9.7,9.13,9.39,197000,9.39
"2013-11-20",9.41,9.51,9.16,9.4,82700,9.4
"2013-11-21",9.41,9.51,9.33,9.48,165400,9.48
"2013-11-22",9.46,9.5,9.36,9.4,183800,9.4
"2013-11-25",9.39,9.47,9.12,9.41,176200,9.41
"2013-11-26",9.38,9.74,9.34,9.68,246800,9.68
"2013-11-27",9.66,9.89,9.6,9.82,149500,9.82
"2013-11-29",9.9,10.03,9.84,9.96,77900,9.96
"2013-12-02",10,10.01,9.68,9.98,216900,9.98
"2013-12-03",10,10.03,9.74,9.84,154500,9.84
"2013-12-04",9.84,9.96,9.5,9.84,161200,9.84
"2013-12-05",9.81,10,9.55,9.64,261700,9.64
"2013-12-06",9.75,9.89,9.67,9.88,231100,9.88
"2013-12-09",9.88,9.97,9.7,9.75,177100,9.75
"2013-12-10",9.68,9.84,9.5,9.5,141200,9.5
"2013-12-11",9.55,9.71,9.51,9.63,197200,9.63
"2013-12-12",9.64,9.89,9.56,9.86,180900,9.86
"2013-12-13",9.9,10.05,9.86,9.92,270600,9.92
"2013-12-16",9.92,10.18,9.87,9.99,231500,9.99
"2013-12-17",10,10.11,9.98,10.02,107300,10.02
"2013-12-18",10.03,10.1,9.93,10.07,119300,10.07
"2013-12-19",10.08,10.15,9.95,10.09,99500,10.09
"2013-12-20",10.11,10.66,9.94,10.13,740200,10.13
"2013-12-23",10.21,10.5,10.21,10.32,191400,10.32
"2013-12-24",10.3,10.45,10.22,10.36,76700,10.36
"2013-12-26",10.44,10.44,10.11,10.16,189100,10.16
"2013-12-27",10.15,10.22,9.92,10.05,132200,10.05
"2013-12-30",9.99,10.12,9.89,9.95,183600,9.95
"2013-12-31",10,10.11,9.96,10.03,150600,10.03
"2014-01-02",10,10.01,9.51,9.73,317800,9.73
"2014-01-03",9.8,10.01,9.73,9.99,282100,9.99
"2014-01-06",10,10.19,9.99,10.07,297100,10.07
"2014-01-07",10.15,10.28,10.11,10.24,318200,10.24
"2014-01-08",10.48,10.99,10.41,10.74,843900,10.74
"2014-01-09",10.83,10.85,10.63,10.71,554300,10.71
"2014-01-10",10.7,10.94,10.6,10.64,216000,10.64
"2014-01-13",10.64,10.7,10.42,10.49,199900,10.49
"2014-01-14",10.76,11.76,10.76,11.73,935600,11.73
"2014-01-15",11.85,11.91,11.47,11.59,340900,11.59
"2014-01-16",11.63,11.83,11.55,11.58,258300,11.58
"2014-01-17",11.51,11.6,11.33,11.42,278600,11.42
"2014-01-21",11.55,11.99,11.53,11.94,443000,11.94
"2014-01-22",11.93,12.08,11.83,11.92,393100,11.92
"2014-01-23",11.89,12.04,11.82,12.04,333300,12.04
"2014-01-24",11.93,11.97,11.41,11.58,244700,11.58
"2014-01-27",11.58,11.72,11.28,11.5,254400,11.5
"2014-01-28",11.44,11.96,11.44,11.74,265400,11.74
"2014-01-29",11.55,11.81,11.46,11.53,113800,11.53
"2014-01-30",11.66,11.86,11.52,11.76,177000,11.76
"2014-01-31",11.58,11.73,11.38,11.43,179300,11.43
"2014-02-03",11.31,11.43,10.77,10.88,277800,10.88
"2014-02-04",10.99,11.42,10.84,11.38,244800,11.38
"2014-02-05",11.37,11.46,11.04,11.3,204000,11.3
"2014-02-06",11.35,11.54,11.29,11.34,110400,11.34
"2014-02-07",11.4,11.4,11.21,11.34,128000,11.34
"2014-02-10",11.28,11.42,11.13,11.42,200900,11.42
"2014-02-11",11.46,11.76,11.35,11.74,124800,11.74
"2014-02-12",11.74,11.78,11.3,11.4,200800,11.4
"2014-02-13",11.36,11.78,11.33,11.72,111000,11.72
"2014-02-14",11.66,11.79,11.43,11.76,187900,11.76
"2014-02-18",11.67,11.99,11.39,11.94,552600,11.94
"2014-02-19",13.03,13.88,12.75,13.19,3562200,13.19
"2014-02-20",13.35,13.87,13.35,13.69,865000,13.69
"2014-02-21",13.47,13.61,13.07,13.39,371600,13.39
"2014-02-24",13.46,13.88,13.27,13.34,641700,13.34
"2014-02-25",13.32,13.54,13.31,13.34,468000,13.34
"2014-02-26",13.33,13.75,13.28,13.35,534300,13.35
"2014-02-27",13.25,13.47,13.23,13.33,339000,13.33
"2014-02-28",13.37,13.45,13.08,13.16,332200,13.16
"2014-03-03",13.05,13.23,12.84,13.17,320000,13.17
"2014-03-04",13.38,13.68,13.35,13.6,531300,13.6
"2014-03-05",13.62,14.35,13.55,14.28,654000,14.28
"2014-03-06",14.38,14.5,14.28,14.3,289100,14.3
"2014-03-07",14.42,14.5,14.18,14.4,351900,14.4
"2014-03-10",14.4,14.49,14.21,14.36,328800,14.36
"2014-03-11",14.44,14.65,14.22,14.29,388600,14.29
"2014-03-12",14.26,14.71,14.14,14.6,332000,14.6
"2014-03-13",14.7,14.84,14.09,14.44,529400,14.44
"2014-03-14",14.33,14.67,13.98,14.13,426200,14.13
"2014-03-17",14.28,14.96,14.12,14.75,914000,14.75
"2014-03-18",14.75,15,14.75,14.9,488100,14.9
"2014-03-19",14.95,14.98,14.53,14.73,371800,14.73
"2014-03-20",14.61,14.95,14.52,14.79,246800,14.79
"2014-03-21",14.8,14.97,14.3,14.32,353400,14.32
"2014-03-24",14.25,14.26,13.36,13.6,726000,13.6
"2014-03-25",13.73,14.49,13.73,14.11,442500,14.11
"2014-03-26",14.18,14.23,13.07,13.13,498100,13.13
"2014-03-27",13.15,13.24,12.51,12.69,499100,12.69
"2014-03-28",12.7,12.98,12.26,12.47,488800,12.47
"2014-03-31",12.62,13.5,12.62,13.15,606000,13.15
"2014-04-01",13.21,13.28,12.95,13.2,335900,13.2
"2014-04-02",13.28,13.43,13,13.34,321900,13.34
"2014-04-03",13.38,13.48,13.02,13.16,240700,13.16
"2014-04-04",13.28,13.39,12.51,12.64,258500,12.64
"2014-04-07",13.78,13.89,12.59,12.71,571400,12.71
"2014-04-08",12.71,12.92,12.38,12.44,288000,12.44
"2014-04-09",12.55,12.74,12.37,12.5,296500,12.5
"2014-04-10",12.55,12.55,11.67,11.8,463200,11.8
"2014-04-11",11.67,11.98,11.39,11.49,418800,11.49
"2014-04-14",11.51,11.67,10.82,11,691300,11
"2014-04-15",11.02,11.3,10.52,11.03,526200,11.03
"2014-04-16",11.1,11.13,10.67,10.96,325300,10.96
"2014-04-17",10.92,11.04,10.77,11,334200,11
"2014-04-21",11.02,11.35,10.77,11.33,496700,11.33
"2014-04-22",11.46,11.67,11.27,11.62,322000,11.62
"2014-04-23",11.55,11.6,11.34,11.41,320700,11.41
"2014-04-24",11.5,11.81,10.96,11.77,569000,11.77
"2014-04-25",11.66,11.67,11.22,11.58,569900,11.58
"2014-04-28",11.59,12.19,11.36,11.81,1099700,11.81
"2014-04-29",9.12,9.88,8.55,8.73,3072700,8.73
"2014-04-30",8.75,8.97,8.51,8.52,1313600,8.52
"2014-05-01",8.49,8.9,8.24,8.6,831900,8.6
"2014-05-02",8.61,8.7,8.32,8.38,690400,8.38
"2014-05-05",8.33,8.63,8.33,8.43,344000,8.43
"2014-05-06",8.41,8.48,8.18,8.2,490500,8.2
"2014-05-07",8.26,8.29,7.83,8.14,605900,8.14
"2014-05-08",8.13,8.36,7.92,8.01,249500,8.01
"2014-05-09",7.97,8.22,7.97,8.19,286300,8.19
"2014-05-12",8.21,8.48,8.14,8.36,345300,8.36
"2014-05-13",8.37,8.37,7.98,8.05,359900,8.05
"2014-05-14",8.06,8.08,7.9,8.04,220100,8.04
"2014-05-15",8.02,8.02,7.7,7.81,264200,7.81
"2014-05-16",7.81,7.87,7.62,7.87,197400,7.87
"2014-05-19",7.8,8.21,7.75,8.2,254500,8.2
"2014-05-20",8.17,8.51,7.85,8.01,265000,8.01
"2014-05-21",8.03,8.13,7.79,8.13,148400,8.13
"2014-05-22",8.19,8.41,7.97,8.3,167300,8.3
"2014-05-23",8.32,8.36,8.16,8.25,153100,8.25
"2014-05-27",8.33,8.78,8.26,8.69,269300,8.69
"2014-05-28",8.71,8.73,8.47,8.71,195000,8.71
"2014-05-29",8.7,8.86,8.51,8.59,265500,8.59
"2014-05-30",8.61,8.73,8.15,8.28,342200,8.28
"2014-06-02",8.3,8.37,8.05,8.33,267400,8.33
"2014-06-03",8.32,8.32,8.09,8.13,189400,8.13
"2014-06-04",8.12,8.35,8.1,8.26,252300,8.26
"2014-06-05",8.42,8.62,8.16,8.59,338000,8.59
"2014-06-06",8.6,9.04,8.59,8.78,406800,8.78
"2014-06-09",8.78,9.11,8.77,8.93,318500,8.93
"2014-06-10",8.89,8.95,8.63,8.65,172400,8.65
"2014-06-11",8.62,8.84,8.56,8.78,126100,8.78
"2014-06-12",8.79,8.93,8.51,8.78,336300,8.78
"2014-06-13",8.81,8.94,8.76,8.88,221000,8.88
"2014-06-16",8.88,9.23,8.88,9.14,594300,9.14
"2014-06-17",9.18,9.4,9.1,9.23,288900,9.23
"2014-06-18",9.25,9.4,9.04,9.26,277100,9.26
"2014-06-19",9.27,9.36,8.93,9.05,172700,9.05
"2014-06-20",9.12,9.19,8.97,9.05,287800,9.05
"2014-06-23",9.06,9.06,8.8,8.93,261200,8.93
"2014-06-24",8.88,9.07,8.78,8.81,212000,8.81
"2014-06-25",8.79,8.89,8.69,8.81,200800,8.81
"2014-06-26",8.81,8.82,8.57,8.66,184300,8.66
"2014-06-27",8.58,8.8,8.46,8.69,985100,8.69
"2014-06-30",8.69,9.08,8.69,9.05,280300,9.05
"2014-07-01",9.08,9.48,9.07,9.3,438400,9.3
"2014-07-02",9.3,9.37,9.16,9.29,258200,9.29
"2014-07-03",9.34,9.38,9.17,9.32,352900,9.32
"2014-07-07",9.33,9.35,9.02,9.26,272100,9.26
"2014-07-08",9.22,9.35,8.84,9.06,253700,9.06
"2014-07-09",9.1,9.29,8.95,9.21,406000,9.21
"2014-07-10",8.96,9.24,8.8,9.13,229800,9.13
"2014-07-11",9.08,9.3,8.94,9.2,166300,9.2
"2014-07-14",9.28,9.28,9.14,9.2,267800,9.2
"2014-07-15",9.22,9.22,9.01,9.07,248900,9.07
"2014-07-16",9.11,9.16,8.9,8.97,194600,8.97
"2014-07-17",8.9,9.11,8.66,8.68,262400,8.68
"2014-07-18",8.65,8.8,8.6,8.68,284700,8.68
"2014-07-21",8.66,9.19,8.63,9.16,581800,9.16
"2014-07-22",9.05,9.44,8.74,9.2,872600,9.2
"2014-07-23",9.2,9.27,8.94,9.13,305900,9.13
"2014-07-24",9.14,9.36,9.12,9.17,194600,9.17
"2014-07-25",9.06,9.06,8.86,8.88,193000,8.88
"2014-07-28",8.9,9.08,8.7,8.86,178700,8.86
"2014-07-29",8.86,8.98,8.73,8.74,187900,8.74
"2014-07-30",8.84,8.96,8.79,8.87,152900,8.87
"2014-07-31",8.73,8.93,8.58,8.67,324600,8.67
"2014-08-01",8.72,8.87,8.59,8.78,171900,8.78
"2014-08-04",8.82,8.85,8.7,8.81,118500,8.81
"2014-08-05",8.8,9.16,8.8,9.1,322000,9.1
"2014-08-06",9.02,9.5,9.01,9.38,178900,9.38
"2014-08-07",9.35,9.51,9.25,9.37,289200,9.37
"2014-08-08",9.42,9.42,9.14,9.31,195400,9.31
"2014-08-11",9.34,9.68,9.24,9.63,177300,9.63
"2014-08-12",9.55,9.69,9.5,9.66,182800,9.66
"2014-08-13",9.7,9.96,9.68,9.95,196300,9.95
"2014-08-14",9.93,10.16,9.7,10,208800,10
"2014-08-15",10.11,10.28,10.02,10.16,320700,10.16
"2014-08-18",10.24,10.29,10.05,10.07,216000,10.07
"2014-08-19",10.05,10.29,10.04,10.19,203500,10.19
"2014-08-20",10.16,10.2,9.86,9.89,114600,9.89
"2014-08-21",9.91,10.06,9.71,9.97,196200,9.97
"2014-08-22",9.95,10.09,9.82,10.07,223500,10.07
"2014-08-25",10.1,10.22,9.85,9.92,131100,9.92
"2014-08-26",9.88,10.03,9.88,9.93,100300,9.93
"2014-08-27",9.93,10.04,9.85,9.9,115900,9.9
"2014-08-28",9.87,9.87,9.57,9.57,109300,9.57
"2014-08-29",9.58,9.73,9.46,9.65,93900,9.65
"2014-09-02",9.68,9.97,9.57,9.92,135100,9.92
"2014-09-03",10.01,10.17,9.53,9.59,340500,9.59
"2014-09-04",9.61,9.81,9.12,9.16,315300,9.16
"2014-09-05",9.1,9.4,9.02,9.35,142400,9.35
"2014-09-08",9.38,9.5,9.27,9.46,78600,9.46
"2014-09-09",9.44,9.45,9.25,9.25,87900,9.25
"2014-09-10",9.24,9.38,9.24,9.36,65200,9.36
"2014-09-11",9.33,9.45,9.26,9.45,61400,9.45
"2014-09-12",9.42,9.42,9.23,9.23,82300,9.23
"2014-09-15",9.19,9.3,8.95,9.02,181900,9.02
"2014-09-16",8.97,9.14,8.96,9.1,98400,9.1
"2014-09-17",9.07,9.23,9.07,9.16,89300,9.16
"2014-09-18",9.23,9.42,9,9.4,122900,9.4
"2014-09-19",9.39,9.65,9.26,9.36,250200,9.36
"2014-09-22",9.25,9.26,9.04,9.04,85500,9.04
"2014-09-23",9,9.11,8.85,8.88,148500,8.88
"2014-09-24",8.92,9.22,8.92,9.13,86000,9.13
"2014-09-25",9.13,9.15,8.85,9.03,117000,9.03
"2014-09-26",9.07,9.12,9.01,9.08,49400,9.08
"2014-09-29",9,9.15,8.93,9.01,131500,9.01
"2014-09-30",9.01,9.1,8.9,8.95,186500,8.95
"2014-10-01",8.96,9.04,8.82,8.91,128300,8.91
"2014-10-02",8.94,9.3,8.89,9.24,83600,9.24
"2014-10-03",9.32,9.41,9.1,9.12,103500,9.12
"2014-10-06",9.12,9.12,8,8.11,1366200,8.11
"2014-10-07",8.08,8.14,7.77,7.91,682400,7.91
"2014-10-08",7.85,8.01,7.68,7.96,362500,7.96
"2014-10-09",7.93,8.09,7.84,7.87,149900,7.87
"2014-10-10",7.85,7.85,7.37,7.4,203500,7.4
"2014-10-13",7.44,7.77,7.32,7.67,187900,7.67
"2014-10-14",7.78,7.95,7.62,7.69,142100,7.69
"2014-10-15",7.65,8.23,7.58,8.09,461200,8.09
"2014-10-16",8.02,8.38,7.91,8.09,241700,8.09
"2014-10-17",8.26,8.32,7.75,7.94,263200,7.94
"2014-10-20",7.85,8.26,7.81,8.26,291500,8.26
"2014-10-21",7.85,8.49,7.69,7.92,782500,7.92
"2014-10-22",7.91,7.99,7.65,7.67,326600,7.67
"2014-10-23",7.78,7.99,7.65,7.89,268000,7.89
"2014-10-24",7.92,8.18,7.89,7.95,144100,7.95
"2014-10-27",7.95,7.97,7.76,7.87,191400,7.87
"2014-10-28",7.89,8.39,7.89,8.31,216700,8.31
"2014-10-29",8.3,8.5,8.27,8.43,165400,8.43
"2014-10-30",8.36,8.44,8.23,8.37,198000,8.37
"2014-10-31",8.54,8.82,8.37,8.78,163100,8.78
"2014-11-03",8.73,8.82,8.21,8.23,187100,8.23
"2014-11-04",8.17,8.26,7.93,8.09,201000,8.09
"2014-11-05",8.2,8.46,8.08,8.44,150700,8.44
"2014-11-06",8.33,8.69,8.33,8.58,147000,8.58
"2014-11-07",8.52,8.52,8.26,8.36,142600,8.36
"2014-11-10",7.83,8.24,7.72,8.16,291700,8.16
"2014-11-11",8.1,8.3,8.04,8.27,154700,8.27
"2014-11-12",8.09,8.35,8.05,8.35,111400,8.35
"2014-11-13",8.33,8.36,8.19,8.21,112100,8.21
"2014-11-14",8.18,8.3,8.06,8.26,109500,8.26
"2014-11-17",8.22,8.25,8.06,8.21,131000,8.21
"2014-11-18",8.17,8.41,8.17,8.32,146400,8.32
"2014-11-19",8.34,8.34,7.96,8.02,143900,8.02
"2014-11-20",8,8.32,7.98,8.22,137500,8.22
"2014-11-21",8.38,8.59,8.31,8.49,186800,8.49
"2014-11-24",8.47,8.52,8.31,8.41,171600,8.41
"2014-11-25",8.47,8.75,8.35,8.7,271900,8.7
"2014-11-26",8.67,8.85,8.55,8.81,1e+05,8.81
"2014-11-28",8.8,8.87,8.69,8.69,87200,8.69
"2014-12-01",8.63,8.63,8.4,8.42,159000,8.42
"2014-12-02",8.47,8.75,8.42,8.45,112800,8.45
"2014-12-03",8.43,8.79,8.4,8.68,135300,8.68
"2014-12-04",8.68,8.82,8.61,8.75,48200,8.75
"2014-12-05",8.7,9,8.7,8.92,145600,8.92
"2014-12-08",8.86,8.98,8.49,8.51,106900,8.51
"2014-12-09",8.45,8.87,8.31,8.85,171800,8.85
"2014-12-10",8.77,8.81,7.38,8.66,140500,8.66
"2014-12-11",8.77,8.97,8.32,8.67,168100,8.67
"2014-12-12",8.55,8.82,8.55,8.62,136400,8.62
"2014-12-15",8.69,8.83,8.58,8.6,91600,8.6
"2014-12-16",8.56,8.9,8.48,8.72,112100,8.72
"2014-12-17",8.71,8.96,8.67,8.9,152100,8.9
"2014-12-18",8.9,9,8.84,8.95,237700,8.95
"2014-12-19",8.9,9.1,8.67,9.05,323900,9.05
"2014-12-22",9.03,9.51,8.8,9.27,99600,9.27
"2014-12-23",9.28,9.47,9.1,9.35,59500,9.35
"2014-12-24",9.37,9.38,9.18,9.27,40700,9.27
"2014-12-26",9.32,9.44,9.32,9.38,40000,9.38
"2014-12-29",9.35,9.42,9.28,9.28,48400,9.28
"2014-12-30",9.28,9.35,9.18,9.23,108200,9.23
"2014-12-31",9.2,9.41,9.2,9.28,131800,9.28
"2015-01-02",9.37,9.45,9.21,9.42,124000,9.42
"2015-01-05",9.33,9.51,9.3,9.39,108400,9.39
"2015-01-06",9.55,9.55,9.04,9.3,159100,9.3
"2015-01-07",9.35,9.45,9.04,9.33,132200,9.33
"2015-01-08",9.43,9.85,9.34,9.56,150500,9.56
"2015-01-09",9.53,9.75,9.52,9.7,100500,9.7
"2015-01-12",9.67,9.7,9.36,9.4,86300,9.4
"2015-01-13",9.5,9.73,9.26,9.35,85800,9.35
"2015-01-14",9.25,9.35,9.04,9.23,96600,9.23
"2015-01-15",9.22,9.55,9.05,9.15,108200,9.15
"2015-01-16",9.11,9.47,9.05,9.41,108100,9.41
"2015-01-20",9.44,9.47,9.29,9.36,92600,9.36
"2015-01-21",9.35,9.45,9.24,9.25,70100,9.25
"2015-01-22",9.3,9.53,9.07,9.46,141100,9.46
"2015-01-23",9.5,9.5,9.34,9.4,55600,9.4
"2015-01-26",9.34,9.41,9.22,9.29,75500,9.29
"2015-01-27",9.19,9.19,9.05,9.07,67900,9.07
"2015-01-28",9.14,9.34,8.96,9.04,113000,9.04
"2015-01-29",9.04,9.31,9.04,9.24,81900,9.24
"2015-01-30",9.12,9.39,8.79,8.8,124700,8.8
"2015-02-02",8.78,9.1,8.75,9.09,125300,9.09
"2015-02-03",9.08,9.48,9.08,9.45,76200,9.45
"2015-02-04",9.38,9.59,9.38,9.48,126400,9.48
"2015-02-05",9.52,9.78,9.48,9.72,81100,9.72
"2015-02-06",9.72,10.25,9.71,10.07,185000,10.07
"2015-02-09",10.02,10.29,9.7,10.04,87500,10.04
"2015-02-10",10.07,10.1,9.87,9.92,57000,9.92
"2015-02-11",9.88,10.07,9.65,9.91,50400,9.91
"2015-02-12",10.01,10.23,9.68,9.91,92900,9.91
"2015-02-13",9.88,10,9.78,9.87,51800,9.87
"2015-02-17",9.87,10.08,9.73,9.75,110300,9.75
"2015-02-18",9.37,9.5,8.69,8.83,398000,8.83
"2015-02-19",8.69,8.91,8.45,8.66,209500,8.66
"2015-02-20",8.68,8.68,8.34,8.41,173900,8.41
"2015-02-23",8.29,8.49,8.01,8.21,185200,8.21
"2015-02-24",8.4,8.43,8.19,8.26,223900,8.26
"2015-02-25",8.25,8.39,8.15,8.33,238400,8.33
"2015-02-26",8.33,8.44,8.28,8.35,111900,8.35
"2015-02-27",8.35,8.41,8.2,8.26,142900,8.26
"2015-03-02",8.2,8.42,8.2,8.41,157700,8.41
"2015-03-03",8.43,8.48,8.34,8.36,119900,8.36
"2015-03-04",8.34,8.48,8.2,8.28,99100,8.28
"2015-03-05",8.28,8.43,8.18,8.31,137400,8.31
"2015-03-06",8.2,8.41,8.1,8.12,98100,8.12
"2015-03-09",8.12,8.21,8.06,8.13,61100,8.13
"2015-03-10",8.02,8.1,7.91,7.98,97600,7.98
"2015-03-11",8.01,8.11,7.96,8.09,113100,8.09
"2015-03-12",8.11,8.21,8.05,8.19,168000,8.19
"2015-03-13",8.21,8.26,8.05,8.26,72700,8.26
"2015-03-16",8.29,8.49,8.29,8.37,82000,8.37
"2015-03-17",8.32,8.4,8.17,8.31,41100,8.31
"2015-03-18",8.29,8.48,8.22,8.45,154100,8.45
"2015-03-19",8.41,8.54,8.27,8.48,96500,8.48
"2015-03-20",8.14,8.14,7.57,7.8,366100,7.8
"2015-03-23",7.74,7.92,7.6,7.86,206900,7.86
"2015-03-24",7.88,7.94,7.71,7.88,136600,7.88
"2015-03-25",7.86,7.86,7.61,7.65,234200,7.65
"2015-03-26",7.17,7.5,7.17,7.31,248300,7.31
"2015-03-27",7.32,7.54,7.17,7.32,169100,7.32
"2015-03-30",7.3,7.38,7.18,7.3,117400,7.3
"2015-03-31",7.2,7.25,7.14,7.15,119700,7.15
"2015-04-01",7.15,7.35,6.99,7.26,156000,7.26
"2015-04-02",7.28,7.41,7.26,7.34,74900,7.34
"2015-04-06",7.51,7.51,7.19,7.41,90500,7.41
"2015-04-07",7.39,7.48,7.3,7.31,104800,7.31
"2015-04-08",7.29,7.46,7.29,7.39,85100,7.39
"2015-04-09",7.36,7.45,7.27,7.29,82100,7.29
"2015-04-10",7.33,7.38,7.17,7.21,112700,7.21
"2015-04-13",7.22,7.34,7.22,7.25,77700,7.25
"2015-04-14",7.23,7.29,7.17,7.17,94000,7.17
"2015-04-15",7.18,7.35,7.16,7.24,78500,7.24
"2015-04-16",7.2,7.25,6.87,6.98,325500,6.98
"2015-04-17",6.87,7,6.87,6.89,197700,6.89
"2015-04-20",6.92,6.96,6.78,6.83,425300,6.83
"2015-04-21",6.28,6.28,5.26,5.52,2114600,5.52
"2015-04-22",5.5,5.7,5.5,5.66,529100,5.66
"2015-04-23",5.68,5.79,5.56,5.66,374400,5.66
"2015-04-24",5.96,6.39,5.87,6.26,944200,6.26
"2015-04-27",6.27,6.4,6.03,6.06,721300,6.06
"2015-04-28",6.13,6.19,5.99,6.07,313700,6.07
"2015-04-29",6.01,6.12,5.99,6.02,266500,6.02
"2015-04-30",6.07,6.13,5.96,6.01,464000,6.01
"2015-05-01",6.07,6.17,5.98,6.17,236100,6.17
"2015-05-04",6.15,6.37,6.13,6.18,189000,6.18
"2015-05-05",6.15,6.17,5.87,5.93,310300,5.93
"2015-05-06",5.93,5.96,5.81,5.95,264900,5.95
"2015-05-07",5.93,6.01,5.9,6,228800,6
"2015-05-08",6.01,6.15,6.01,6.06,225000,6.06
"2015-05-11",6.02,6.1,5.98,5.99,224500,5.99
"2015-05-12",5.93,6.06,5.84,6.05,465200,6.05
"2015-05-13",6.1,6.1,5.85,5.99,358900,5.99
"2015-05-14",6.04,6.15,5.99,6.11,496700,6.11
"2015-05-15",6.11,6.19,6.04,6.15,234600,6.15
"2015-05-18",6.14,6.18,6.1,6.17,228700,6.17
"2015-05-19",6.15,6.2,6.05,6.17,178500,6.17
"2015-05-20",6.2,6.29,6.13,6.24,292500,6.24
"2015-05-21",6.22,6.32,6.13,6.3,276200,6.3
"2015-05-22",6.3,6.33,6.22,6.29,142800,6.29
"2015-05-26",6.28,6.33,6.2,6.25,200900,6.25
"2015-05-27",6.24,6.4,6.24,6.4,320400,6.4
"2015-05-28",6.4,6.53,6.4,6.51,270300,6.51
"2015-05-29",6.49,6.65,6.46,6.47,356300,6.47
"2015-06-01",6.46,6.52,6.29,6.48,226800,6.48
"2015-06-02",6.43,6.51,6.38,6.44,176400,6.44
"2015-06-03",6.42,6.53,6.42,6.5,179500,6.5
"2015-06-04",6.49,6.54,6.43,6.46,178100,6.46
"2015-06-05",6.44,6.62,6.4,6.56,377200,6.56
"2015-06-08",6.52,6.55,6.42,6.45,183100,6.45
"2015-06-09",6.44,6.44,6.23,6.3,229700,6.3
"2015-06-10",6.31,6.39,6.17,6.18,229700,6.18
"2015-06-11",6.22,6.22,6.05,6.12,184400,6.12
"2015-06-12",6.11,6.16,6.05,6.12,98900,6.12
"2015-06-15",6.1,6.26,6.01,6.25,106600,6.25
"2015-06-16",6.61,7.15,6.56,6.84,693300,6.84
"2015-06-17",6.89,6.93,6.62,6.89,241900,6.89
"2015-06-18",6.94,6.97,6.81,6.84,156500,6.84
"2015-06-19",6.88,6.88,6.68,6.69,199400,6.69
"2015-06-22",6.83,6.83,6.65,6.71,207800,6.71
"2015-06-23",6.73,6.79,6.65,6.68,86400,6.68
"2015-06-24",6.71,6.81,6.65,6.66,137800,6.66
"2015-06-25",6.75,6.77,6.6,6.76,192600,6.76
"2015-06-26",6.78,6.78,6.5,6.5,684400,6.5
"2015-06-29",6.48,6.6,6.3,6.3,224100,6.3
"2015-06-30",6.37,6.45,6.2,6.23,192800,6.23
"2015-07-01",6.31,6.46,6.12,6.15,183700,6.15
"2015-07-02",6.18,6.2,6.13,6.14,108000,6.14
"2015-07-06",6.12,6.25,6.09,6.11,197000,6.11
"2015-07-07",6.09,6.22,6.06,6.15,195600,6.15
"2015-07-08",6.13,6.14,5.98,6.02,212000,6.02
"2015-07-09",6.09,6.11,5.97,6.04,191100,6.04
"2015-07-10",6.1,6.17,6.04,6.14,168000,6.14
"2015-07-13",6.18,6.21,6.12,6.13,141300,6.13
"2015-07-14",6.11,6.14,5.94,6.13,263300,6.13
"2015-07-15",6.1,6.1,5.9,5.91,279400,5.91
"2015-07-16",6,6,5.7,5.8,348700,5.8
"2015-07-17",5.81,5.83,5.65,5.7,520400,5.7
"2015-07-20",5.72,5.73,5.37,5.41,269500,5.41
"2015-07-21",5.44,5.69,5.43,5.5,235600,5.5
"2015-07-22",5.45,5.54,5.29,5.42,343300,5.42
"2015-07-23",6.8,7.7,6.7,7.15,1780800,7.15
"2015-07-24",7.11,7.24,6.81,7.07,600800,7.07
"2015-07-27",7.15,7.37,6.98,7.22,285900,7.22
"2015-07-28",7.11,7.32,7.07,7.3,285300,7.3
"2015-07-29",7.32,7.44,7.29,7.36,434000,7.36
"2015-07-30",7.31,7.64,7.31,7.64,478200,7.64
"2015-07-31",7.64,7.73,7.54,7.58,265300,7.58
"2015-08-03",7.65,7.84,7.51,7.6,449400,7.6
"2015-08-04",7.81,8.06,7.71,8.02,356200,8.02
"2015-08-05",8.02,8.13,7.99,8.08,344200,8.08
"2015-08-06",8.05,8.13,8,8.04,189200,8.04
"2015-08-07",8,8.07,7.86,8.02,217400,8.02
"2015-08-10",7.97,8.16,7.9,8.04,332900,8.04
"2015-08-11",7.96,8,7.65,7.68,222400,7.68
"2015-08-12",7.57,7.79,7.47,7.66,253300,7.66
"2015-08-13",7.65,7.8,7.6,7.6,95400,7.6
"2015-08-14",7.57,7.61,7.4,7.45,127100,7.45
"2015-08-17",7.44,7.58,7.4,7.47,180100,7.47
"2015-08-18",7.47,7.5,7.12,7.12,185100,7.12
"2015-08-19",7.07,7.17,6.93,6.95,228600,6.95
"2015-08-20",6.9,6.91,6.61,6.61,266100,6.61
"2015-08-21",6.49,6.97,6.44,6.87,245000,6.87
"2015-08-24",6.01,6.77,6,6.43,293800,6.43
"2015-08-25",6.63,6.63,6.29,6.31,244100,6.31
"2015-08-26",6.46,6.61,6.35,6.52,277700,6.52
"2015-08-27",6.55,6.65,6.41,6.58,165300,6.58
"2015-08-28",6.56,6.75,6.56,6.64,274700,6.64
"2015-08-31",6.64,6.83,6.64,6.79,284900,6.79
"2015-09-01",6.62,6.7,6.4,6.41,258500,6.41
"2015-09-02",6.53,6.66,6.42,6.64,390400,6.64
"2015-09-03",6.69,6.79,6.53,6.66,240900,6.66
"2015-09-04",6.61,6.72,6.46,6.56,187700,6.56
"2015-09-08",6.66,6.8,6.55,6.7,180200,6.7
"2015-09-09",6.83,6.84,6.47,6.5,148600,6.5
"2015-09-10",6.48,6.54,6.38,6.41,145100,6.41
"2015-09-11",6.38,6.43,6.25,6.29,142500,6.29
"2015-09-14",6.29,6.37,6.23,6.33,103800,6.33
"2015-09-15",6.34,6.54,6.33,6.48,185600,6.48
"2015-09-16",6.45,6.58,6.38,6.39,200500,6.39
"2015-09-17",6.36,6.49,6.32,6.35,120100,6.35
"2015-09-18",6.28,6.39,6.08,6.11,233900,6.11
"2015-09-21",6.18,6.23,5.94,5.99,179600,5.99
"2015-09-22",5.9,5.9,5.74,5.8,259900,5.8
"2015-09-23",5.84,5.93,5.76,5.86,233700,5.86
"2015-09-24",5.79,5.85,5.73,5.79,161200,5.79
"2015-09-25",5.84,5.94,5.53,5.53,160200,5.53
"2015-09-28",5.52,5.66,5.46,5.57,197200,5.57
"2015-09-29",5.59,5.79,5.56,5.67,192900,5.67
"2015-09-30",5.74,5.81,5.69,5.74,146600,5.74
"2015-10-01",5.74,5.8,5.54,5.67,110200,5.67
"2015-10-02",5.59,5.75,5.43,5.75,151800,5.75
"2015-10-05",5.77,5.85,5.7,5.75,226600,5.75
"2015-10-06",5.76,5.82,5.68,5.73,151700,5.73
"2015-10-07",5.77,5.9,5.77,5.84,115900,5.84
"2015-10-08",5.86,5.88,5.71,5.88,116900,5.88
"2015-10-09",5.91,5.91,5.77,5.82,200700,5.82
"2015-10-12",5.79,5.82,5.53,5.58,147300,5.58
"2015-10-13",5.55,5.56,5.35,5.36,149200,5.36
"2015-10-14",5.4,5.46,5.29,5.3,216700,5.3
"2015-10-15",5.35,5.42,5.29,5.42,168700,5.42
"2015-10-16",5.44,5.45,5.32,5.39,107700,5.39
"2015-10-19",5.37,5.51,5.35,5.51,231600,5.51
"2015-10-20",5.5,5.65,5.42,5.6,150000,5.6
"2015-10-21",5.61,5.71,5.54,5.54,130100,5.54
"2015-10-22",5.49,5.6,5.21,5.3,464400,5.3
"2015-10-23",4.6,5.05,4.6,4.91,745100,4.91
"2015-10-26",4.93,5,4.75,4.81,442600,4.81
"2015-10-27",4.8,4.86,4.6,4.7,374500,4.7
"2015-10-28",4.75,4.89,4.69,4.85,304100,4.85
"2015-10-29",4.8,4.87,4.75,4.76,237600,4.76
"2015-10-30",4.79,4.92,4.71,4.88,227400,4.88
"2015-11-02",4.99,5.21,4.98,5.21,240600,5.21
"2015-11-03",5.17,5.33,5.17,5.22,302800,5.22
"2015-11-04",5.21,5.27,5.11,5.14,202600,5.14
"2015-11-05",5.13,5.15,5.06,5.08,199800,5.08
"2015-11-06",5.06,5.11,4.98,5.08,253400,5.08
"2015-11-09",5.07,5.09,4.98,5.02,149400,5.02
"2015-11-10",5,5.05,4.85,4.88,152100,4.88
"2015-11-11",4.86,4.93,4.81,4.85,122200,4.85
"2015-11-12",4.81,4.9,4.75,4.82,158200,4.82
"2015-11-13",4.85,5.01,4.76,4.91,165100,4.91
"2015-11-16",4.94,5.13,4.83,4.96,138000,4.96
"2015-11-17",4.96,4.98,4.8,4.83,143200,4.83
"2015-11-18",4.83,4.97,4.83,4.95,149000,4.95
"2015-11-19",4.91,5.07,4.9,5.06,110700,5.06
"2015-11-20",5.06,5.1,4.8,4.81,228800,4.81
"2015-11-23",4.79,4.88,4.71,4.72,157400,4.72
"2015-11-24",4.71,4.87,4.71,4.86,87200,4.86
"2015-11-25",4.84,5,4.84,4.98,53300,4.98
"2015-11-27",4.97,5.1,4.89,5.08,57900,5.08
"2015-11-30",5.08,5.1,4.88,5.07,230200,5.07
"2015-12-01",5.08,5.4,4.97,5.35,155200,5.35
"2015-12-02",5.4,5.59,5.31,5.46,174300,5.46
"2015-12-03",5.45,5.49,5.25,5.26,143400,5.26
"2015-12-04",5.25,5.44,5.2,5.23,248800,5.23
"2015-12-07",5.2,5.22,4.8,4.87,229600,4.87
"2015-12-08",4.82,4.94,4.75,4.89,142300,4.89
"2015-12-09",4.9,4.99,4.82,4.92,214100,4.92
"2015-12-10",4.91,5.01,4.86,4.89,205400,4.89
"2015-12-11",4.85,4.94,4.8,4.84,133900,4.84
"2015-12-14",4.82,4.85,4.7,4.71,172800,4.71
"2015-12-15",4.71,4.88,4.67,4.87,240500,4.87
"2015-12-16",4.9,5.13,4.79,5.12,154700,5.12
"2015-12-17",5.15,5.35,4.87,5.1,145700,5.1
"2015-12-18",5.1,5.21,5.03,5.15,174100,5.15
"2015-12-21",5.2,5.31,5.09,5.3,96000,5.3
"2015-12-22",5.3,5.39,5.22,5.32,111400,5.32
"2015-12-23",5.33,5.37,5.25,5.32,87200,5.32
"2015-12-24",5.3,5.47,5.3,5.38,49400,5.38
"2015-12-28",5.34,5.43,5.25,5.39,94400,5.39
"2015-12-29",5.41,5.53,5.37,5.45,137400,5.45
"2015-12-30",5.4,5.48,5.19,5.26,102100,5.26
"2015-12-31",5.25,5.3,5.11,5.12,132800,5.12
